{
"type": "FeatureCollection",
"name": "southern_leyte_barangays",
"crs": { "type": "name", "properties": { "name": "urn:ogc:def:crs:OGC:1.3:CRS84" } },
"features": [
{"type":"Feature","properties":{"fid":1,"GID_3":"PHL.71.1.1_1","GID_0":"PHL","COUNTRY":"Philippines","GID_1":"PHL.71_1","NAME_1":"Southern Leyte","NL_NAME_1":"NA","GID_2":"PHL.71.1_1","NAME_2":"Anahawan","NL_NAME_2":"NA","NAME_3":"Amagusan","VARNAME_3":"NA","NL_NAME_3":"NA","TYPE_3":"Barangay","ENGTYPE_3":"Village","CC_3":"NA","HASC_3":"NA"},"geometry":{"type":"MultiPolygon","coordinates":[[[[125.255493165000075,10.261360168000067],[125.255271912000126,10.260959626000101],[125.255020142000035,10.260519981000073],[125.254806518,10.260069847000125],[125.254592895000201,10.25961971400011],[125.254302979000158,10.259229660000187],[125.253959655000017,10.25887966199997],[125.253616334000071,10.258520127000168],[125.253479003000052,10.258370400000103],[125.224800109000171,10.274180413000067],[125.224319459000185,10.27597046000011],[125.227722168000241,10.277279854000085],[125.234207152000181,10.272279739000169],[125.24006652900016,10.269459725000104],[125.255493165000075,10.261360168000067]]]]}},
{"type":"Feature","properties":{"fid":2,"GID_3":"PHL.71.1.2_1","GID_0":"PHL","COUNTRY":"Philippines","GID_1":"PHL.71_1","NAME_1":"Southern Leyte","NL_NAME_1":"NA","GID_2":"PHL.71.1_1","NAME_2":"Anahawan","NL_NAME_2":"NA","NAME_3":"Calintaan","VARNAME_3":"NA","NL_NAME_3":"NA","TYPE_3":"Barangay","ENGTYPE_3":"Village","CC_3":"NA","HASC_3":"NA"},"geometry":{"type":"MultiPolygon","coordinates":[[[[125.24006652900016,10.269459725000104],[125.234207152000181,10.272279739000169],[125.227722168000241,10.277279854000085],[125.232536316000164,10.278209687000185],[125.241470337000123,10.275159837000103],[125.244613647000165,10.274519920000159],[125.246368407000205,10.273969651000186],[125.248649597000281,10.273159981000163],[125.250221253000291,10.272809982000069],[125.247520446000067,10.270059585000126],[125.244590759000062,10.270700455000053],[125.24006652900016,10.269459725000104]]]]}},
{"type":"Feature","properties":{"fid":3,"GID_3":"PHL.71.1.3_1","GID_0":"PHL","COUNTRY":"Philippines","GID_1":"PHL.71_1","NAME_1":"Southern Leyte","NL_NAME_1":"NA","GID_2":"PHL.71.1_1","NAME_2":"Anahawan","NL_NAME_2":"NA","NAME_3":"Canlabian","VARNAME_3":"NA","NL_NAME_3":"NA","TYPE_3":"Barangay","ENGTYPE_3":"Village","CC_3":"NA","HASC_3":"NA"},"geometry":{"type":"MultiPolygon","coordinates":[[[[125.255493165000075,10.261360168000067],[125.24006652900016,10.269459725000104],[125.244590759000062,10.270700455000053],[125.247520446000067,10.270059585000126],[125.256912231000229,10.264760017000071],[125.256736755000134,10.264209748000098],[125.256591796000066,10.263730049000117],[125.256393432000209,10.263259887000117],[125.256187440000076,10.262800218],[125.255950928000175,10.26233959100017],[125.255706787,10.261890412000071],[125.255493165000075,10.261360168000067]]]]}},
{"type":"Feature","properties":{"fid":4,"GID_3":"PHL.71.1.4_1","GID_0":"PHL","COUNTRY":"Philippines","GID_1":"PHL.71_1","NAME_1":"Southern Leyte","NL_NAME_1":"NA","GID_2":"PHL.71.1_1","NAME_2":"Anahawan","NL_NAME_2":"NA","NAME_3":"Capacuhan","VARNAME_3":"NA","NL_NAME_3":"NA","TYPE_3":"Barangay","ENGTYPE_3":"Village","CC_3":"NA","HASC_3":"NA"},"geometry":{"type":"MultiPolygon","coordinates":[[[[125.250907897000047,10.283969880000086],[125.241950988000212,10.290160180000157],[125.234283448000269,10.288450242000067],[125.227958679000039,10.286439896],[125.183486938000215,10.29304027500018],[125.179023744000233,10.296680450000167],[125.172988891000159,10.299920081999971],[125.172828674000129,10.300009729000067],[125.172439575000226,10.300209998000184],[125.169342040000174,10.30187988400013],[125.154830933000198,10.310020448000103],[125.156181336000145,10.316040040000075],[125.230979919000106,10.295080185000188],[125.241600036000136,10.296910286000184],[125.248931885000047,10.298250199000108],[125.252006531,10.291680336000184],[125.250907897000047,10.283969880000086]]]]}},
{"type":"Feature","properties":{"fid":5,"GID_3":"PHL.71.1.5_1","GID_0":"PHL","COUNTRY":"Philippines","GID_1":"PHL.71_1","NAME_1":"Southern Leyte","NL_NAME_1":"NA","GID_2":"PHL.71.1_1","NAME_2":"Anahawan","NL_NAME_2":"NA","NAME_3":"Cogon","VARNAME_3":"NA","NL_NAME_3":"NA","TYPE_3":"Barangay","ENGTYPE_3":"Village","CC_3":"NA","HASC_3":"NA"},"geometry":{"type":"MultiPolygon","coordinates":[[[[125.224800109000171,10.274180413000067],[125.253479003000052,10.258370400000103],[125.253288269000222,10.258170128000074],[125.252937317000146,10.257820129000152],[125.252578736000032,10.257490159000042],[125.252227784000183,10.25714016000012],[125.251876830000015,10.256790161000026],[125.251502990000063,10.256489754000143],[125.251106262000121,10.256179810000049],[125.250938416000054,10.25603962100007],[125.234176636000143,10.266380310000102],[125.223007202000076,10.272709847000044],[125.222396851000099,10.273159981000163],[125.221893310000041,10.273550034000039],[125.224800109000171,10.274180413000067]]]]}},
{"type":"Feature","properties":{"fid":6,"GID_3":"PHL.71.1.6_1","GID_0":"PHL","COUNTRY":"Philippines","GID_1":"PHL.71_1","NAME_1":"Southern Leyte","NL_NAME_1":"NA","GID_2":"PHL.71.1_1","NAME_2":"Anahawan","NL_NAME_2":"NA","NAME_3":"Kagingkingan","VARNAME_3":"NA","NL_NAME_3":"NA","TYPE_3":"Barangay","ENGTYPE_3":"Village","CC_3":"NA","HASC_3":"NA"},"geometry":{"type":"MultiPolygon","coordinates":[[[[125.227722168000241,10.277279854000085],[125.224319459000185,10.27597046000011],[125.224800109000171,10.274180413000067],[125.221893310000041,10.273550034000039],[125.219116210000152,10.275090218000116],[125.215393066000161,10.27668952900018],[125.212852479000162,10.278779984000039],[125.20855712800028,10.281279564000101],[125.205451965000179,10.282759666000175],[125.199256897000055,10.285670282000126],[125.1929931640002,10.288430214000016],[125.185562133000076,10.291709900000114],[125.183486938000215,10.29304027500018],[125.227958679000039,10.286439896],[125.234283448000269,10.288450242000067],[125.241950988000212,10.290160180000157],[125.250907897000047,10.283969880000086],[125.247047424000016,10.280579568000064],[125.239936828000168,10.279569626000182],[125.232536316000164,10.278209687000185],[125.227722168000241,10.277279854000085]]]]}},
{"type":"Feature","properties":{"fid":7,"GID_3":"PHL.71.1.7_1","GID_0":"PHL","COUNTRY":"Philippines","GID_1":"PHL.71_1","NAME_1":"Southern Leyte","NL_NAME_1":"NA","GID_2":"PHL.71.1_1","NAME_2":"Anahawan","NL_NAME_2":"NA","NAME_3":"Lewing","VARNAME_3":"NA","NL_NAME_3":"NA","TYPE_3":"Barangay","ENGTYPE_3":"Village","CC_3":"NA","HASC_3":"NA"},"geometry":{"type":"MultiPolygon","coordinates":[[[[125.266937256000233,10.294949532000146],[125.266937256000233,10.294170380000139],[125.266387940000072,10.293609619000051],[125.266189576000215,10.293560029],[125.266052247000061,10.293140412000184],[125.266189576000215,10.29273033200019],[125.266120910000041,10.292449952000084],[125.265609741000048,10.291970252],[125.265373230000137,10.291740419000064],[125.26509857200017,10.291529656000137],[125.264747621000197,10.290980338000168],[125.264678955000022,10.29028987900017],[125.264678955000022,10.288840293000135],[125.262916565000182,10.289179802000035],[125.262138366000045,10.290129661000037],[125.260910034000176,10.29047966000013],[125.257202147000044,10.291399954999974],[125.257659911000133,10.298199654000086],[125.263603210000042,10.295809746999964],[125.26669311500018,10.295020103000013],[125.266937256000233,10.294949532000146]]]]}},
{"type":"Feature","properties":{"fid":8,"GID_3":"PHL.71.1.8_1","GID_0":"PHL","COUNTRY":"Philippines","GID_1":"PHL.71_1","NAME_1":"Southern Leyte","NL_NAME_1":"NA","GID_2":"PHL.71.1_1","NAME_2":"Anahawan","NL_NAME_2":"NA","NAME_3":"Lo-Ok","VARNAME_3":"NA","NL_NAME_3":"NA","TYPE_3":"Barangay","ENGTYPE_3":"Village","CC_3":"NA","HASC_3":"NA"},"geometry":{"type":"MultiPolygon","coordinates":[[[[125.250907897000047,10.283969880000086],[125.252006531,10.291680336000184],[125.253303527000071,10.29183006300002],[125.257202147000044,10.291399954999974],[125.260910034000176,10.29047966000013],[125.262138366000045,10.290129661000037],[125.262916565000182,10.289179802000035],[125.264678955000022,10.288840293000135],[125.264472961000024,10.288350105000063],[125.26416778600003,10.287500382000189],[125.26416778600003,10.287220002000083],[125.263893128000063,10.286939621000045],[125.263893128000063,10.285280227999976],[125.26416778600003,10.284999848000041],[125.26416778600003,10.284720420000042],[125.263610840000183,10.284170151000069],[125.263610840000183,10.283610345000113],[125.263046264000195,10.283060074000161],[125.262390138000228,10.282750130000068],[125.262107849000017,10.282469749000086],[125.261703491000162,10.282119751000039],[125.261413574000244,10.28164005300016],[125.261337281000237,10.280949593000059],[125.261276246000079,10.280599594000137],[125.261207580000132,10.280050278000147],[125.261199952000197,10.279970170000126],[125.25940704300001,10.280730248000111],[125.258270265000192,10.282699585000046],[125.25668335000023,10.284139633000052],[125.255279542000039,10.284049988000163],[125.253639220000082,10.283579826000164],[125.250907897000047,10.283969880000086]]]]}},
{"type":"Feature","properties":{"fid":9,"GID_3":"PHL.71.1.9_1","GID_0":"PHL","COUNTRY":"Philippines","GID_1":"PHL.71_1","NAME_1":"Southern Leyte","NL_NAME_1":"NA","GID_2":"PHL.71.1_1","NAME_2":"Anahawan","NL_NAME_2":"NA","NAME_3":"Mahalo","VARNAME_3":"NA","NL_NAME_3":"NA","TYPE_3":"Barangay","ENGTYPE_3":"Village","CC_3":"NA","HASC_3":"NA"},"geometry":{"type":"MultiPolygon","coordinates":[[[[125.266937256000233,10.294949532000146],[125.26669311500018,10.295020103000013],[125.263603210000042,10.295809746999964],[125.257659911000133,10.298199654000086],[125.256652832000213,10.299420356000041],[125.25543975700009,10.300869942000077],[125.252273559000287,10.299810409999964],[125.252769470000203,10.305359840000108],[125.256721497000058,10.304550171000187],[125.259193420000088,10.304260253],[125.261840820000089,10.303939820000039],[125.264129639000203,10.303930283000057],[125.266983033000201,10.303930283000057],[125.267082215000073,10.30327987700008],[125.267211914000086,10.302659988000016],[125.267341615000191,10.302020073000108],[125.267501830000015,10.301389694000079],[125.267776490000074,10.301110268000059],[125.267776490000074,10.30082988700002],[125.268058776000089,10.300559997000107],[125.268058776000089,10.299110412000175],[125.268058776000089,10.298890114000017],[125.267951966000169,10.298789979],[125.267776490000074,10.298609733000035],[125.267776490000074,10.29823970800004],[125.267776490000074,10.297780037000109],[125.267547607000211,10.297550201000092],[125.267501830000015,10.297400474000085],[125.267501830000015,10.296389579],[125.267219544000113,10.296110154000075],[125.267219544000113,10.295829773000037],[125.266937256000233,10.295559883000124],[125.266937256000233,10.294949532000146]]]]}},
{"type":"Feature","properties":{"fid":10,"GID_3":"PHL.71.1.10_1","GID_0":"PHL","COUNTRY":"Philippines","GID_1":"PHL.71_1","NAME_1":"Southern Leyte","NL_NAME_1":"NA","GID_2":"PHL.71.1_1","NAME_2":"Anahawan","NL_NAME_2":"NA","NAME_3":"Mainit","VARNAME_3":"NA","NL_NAME_3":"NA","TYPE_3":"Barangay","ENGTYPE_3":"Village","CC_3":"NA","HASC_3":"NA"},"geometry":{"type":"MultiPolygon","coordinates":[[[[125.252006531,10.291680336000184],[125.248931885000047,10.298250199000108],[125.252273559000287,10.299810409999964],[125.25543975700009,10.300869942000077],[125.256652832000213,10.299420356000041],[125.257659911000133,10.298199654000086],[125.257202147000044,10.291399954999974],[125.253303527000071,10.29183006300002],[125.252006531,10.291680336000184]]]]}},
{"type":"Feature","properties":{"fid":11,"GID_3":"PHL.71.1.11_1","GID_0":"PHL","COUNTRY":"Philippines","GID_1":"PHL.71_1","NAME_1":"Southern Leyte","NL_NAME_1":"NA","GID_2":"PHL.71.1_1","NAME_2":"Anahawan","NL_NAME_2":"NA","NAME_3":"Manigawong","VARNAME_3":"NA","NL_NAME_3":"NA","TYPE_3":"Barangay","ENGTYPE_3":"Village","CC_3":"NA","HASC_3":"NA"},"geometry":{"type":"MultiPolygon","coordinates":[[[[125.248931885000047,10.298250199000108],[125.241600036000136,10.296910286000184],[125.230979919000106,10.295080185000188],[125.156181336000145,10.316040040000075],[125.160522462000131,10.334650040000156],[125.16898345900006,10.331020355000078],[125.178230286000144,10.32894039200005],[125.189872742000148,10.326270104000059],[125.198753356000225,10.324139595000133],[125.213958741000056,10.320229531000052],[125.218437196000082,10.320170403000134],[125.223106384000062,10.320619584000099],[125.229911804000039,10.3161401750001],[125.233222961000024,10.314259529000083],[125.236427306000223,10.312439918999985],[125.244461060000049,10.308939935000126],[125.247833253000067,10.307539939000151],[125.250366212000131,10.30603027300009],[125.252769470000203,10.305359840000108],[125.252273559000287,10.299810409999964],[125.248931885000047,10.298250199000108]]]]}},
{"type":"Feature","properties":{"fid":12,"GID_3":"PHL.71.1.12_1","GID_0":"PHL","COUNTRY":"Philippines","GID_1":"PHL.71_1","NAME_1":"Southern Leyte","NL_NAME_1":"NA","GID_2":"PHL.71.1_1","NAME_2":"Anahawan","NL_NAME_2":"NA","NAME_3":"Poblacion","VARNAME_3":"NA","NL_NAME_3":"NA","TYPE_3":"Barangay","ENGTYPE_3":"Village","CC_3":"NA","HASC_3":"NA"},"geometry":{"type":"MultiPolygon","coordinates":[[[[125.250221253000291,10.272809982000069],[125.248649597000281,10.273159981000163],[125.246368407000205,10.273969651000186],[125.244613647000165,10.274519920000159],[125.241470337000123,10.275159837000103],[125.232536316000164,10.278209687000185],[125.239936828000168,10.279569626000182],[125.247047424000016,10.280579568000064],[125.260276794000333,10.276430131000041],[125.260002136000026,10.276109696000049],[125.259803772000282,10.275659561000055],[125.259803772000282,10.275059700000043],[125.259933472000171,10.274470330000156],[125.259956359000057,10.27388000500008],[125.259857177000185,10.27330017200012],[125.259719848000259,10.272749901000168],[125.259559630000012,10.272210121000114],[125.259422301000086,10.271679879000089],[125.259246826000208,10.271169662000091],[125.259117127000081,10.270669937000036],[125.25895690900029,10.270199777000016],[125.25879669200026,10.269720077000102],[125.258506776000104,10.269319535000022],[125.258247376000099,10.268890381000062],[125.258033753000291,10.268460273000187],[125.257858276000093,10.268070222000119],[125.255706787,10.269020081000122],[125.253807068000242,10.270409584000049],[125.252738953000062,10.272660255000062],[125.251823425000339,10.274339676000181],[125.250221253000291,10.272809982000069]]]]}},
{"type":"Feature","properties":{"fid":13,"GID_3":"PHL.71.1.13_1","GID_0":"PHL","COUNTRY":"Philippines","GID_1":"PHL.71_1","NAME_1":"Southern Leyte","NL_NAME_1":"NA","GID_2":"PHL.71.1_1","NAME_2":"Anahawan","NL_NAME_2":"NA","NAME_3":"San Vicente","VARNAME_3":"NA","NL_NAME_3":"NA","TYPE_3":"Barangay","ENGTYPE_3":"Village","CC_3":"NA","HASC_3":"NA"},"geometry":{"type":"MultiPolygon","coordinates":[[[[125.247520446000067,10.270059585000126],[125.250221253000291,10.272809982000069],[125.251823425000339,10.274339676000181],[125.252738953000062,10.272660255000062],[125.253807068000242,10.270409584000049],[125.255706787,10.269020081000122],[125.257858276000093,10.268070222000119],[125.257751465000069,10.267519951000168],[125.257637025,10.267040254000165],[125.2574462890002,10.266610146000119],[125.257270813000218,10.26616954800005],[125.257156372000054,10.265689850000172],[125.257003785000165,10.265210153],[125.256912231000229,10.264760017000071],[125.247520446000067,10.270059585000126]]]]}},
{"type":"Feature","properties":{"fid":14,"GID_3":"PHL.71.1.14_1","GID_0":"PHL","COUNTRY":"Philippines","GID_1":"PHL.71_1","NAME_1":"Southern Leyte","NL_NAME_1":"NA","GID_2":"PHL.71.1_1","NAME_2":"Anahawan","NL_NAME_2":"NA","NAME_3":"Tagup-On","VARNAME_3":"NA","NL_NAME_3":"NA","TYPE_3":"Barangay","ENGTYPE_3":"Village","CC_3":"NA","HASC_3":"NA"},"geometry":{"type":"MultiPolygon","coordinates":[[[[125.247047424000016,10.280579568000064],[125.250907897000047,10.283969880000086],[125.253639220000082,10.283579826000164],[125.255279542000039,10.284049988000163],[125.25668335000023,10.284139633000052],[125.258270265000192,10.282699585000046],[125.25940704300001,10.280730248000111],[125.261199952000197,10.279970170000126],[125.261146545000088,10.279299736000041],[125.261108398000033,10.27888965700015],[125.260841370000207,10.278619766000077],[125.260276794000333,10.278059960000121],[125.260276794000333,10.276430131000041],[125.247047424000016,10.280579568000064]]]]}},
{"type":"Feature","properties":{"fid":15,"GID_3":"PHL.71.2.1_1","GID_0":"PHL","COUNTRY":"Philippines","GID_1":"PHL.71_1","NAME_1":"Southern Leyte","NL_NAME_1":"NA","GID_2":"PHL.71.2_1","NAME_2":"Bontoc","NL_NAME_2":"NA","NAME_3":"Anahao","VARNAME_3":"NA","NL_NAME_3":"NA","TYPE_3":"Barangay","ENGTYPE_3":"Village","CC_3":"NA","HASC_3":"NA"},"geometry":{"type":"MultiPolygon","coordinates":[[[[124.895881653000174,10.32761955300009],[124.896171570000092,10.33094978400004],[124.89689636300011,10.330430032000038],[124.897583008000197,10.330369949000101],[124.8980712890002,10.32971000800012],[124.898719787000118,10.329939842000158],[124.899238586000024,10.330300331000046],[124.900382995000086,10.330089569],[124.900321961000031,10.3289098730001],[124.900718690000076,10.32767009700018],[124.900917054000161,10.325819969000065],[124.900939941000047,10.324159623000185],[124.901390076000212,10.323619843000074],[124.902076721000071,10.322540284000013],[124.90212249800004,10.321399689000089],[124.901802063000105,10.320400239000151],[124.901870727000073,10.320079804000045],[124.902420045000099,10.31980037600016],[124.902236939000204,10.318369866000126],[124.902442931000223,10.317830086000015],[124.903060913000218,10.31630039200013],[124.90325164900014,10.316530228000147],[124.903610230000027,10.316410065000071],[124.90412902800017,10.316220283000177],[124.904487609000057,10.316260338000177],[124.904632569000228,10.314470291000134],[124.905250550000233,10.314040183999964],[124.897323609000068,10.310480117000054],[124.897010804000047,10.323080063000191],[124.895881653000174,10.32761955300009]]]]}},
{"type":"Feature","properties":{"fid":16,"GID_3":"PHL.71.2.2_1","GID_0":"PHL","COUNTRY":"Philippines","GID_1":"PHL.71_1","NAME_1":"Southern Leyte","NL_NAME_1":"NA","GID_2":"PHL.71.2_1","NAME_2":"Bontoc","NL_NAME_2":"NA","NAME_3":"Banahao","VARNAME_3":"NA","NL_NAME_3":"NA","TYPE_3":"Barangay","ENGTYPE_3":"Village","CC_3":"NA","HASC_3":"NA"},"geometry":{"type":"MultiPolygon","coordinates":[[[[124.901969909000172,10.418970108000167],[124.904006959000071,10.422909738000158],[124.923423767000145,10.415579797000021],[124.92005920400004,10.412710190000041],[124.908882140000173,10.416700364000121],[124.901969909000172,10.418970108000167]]]]}},
{"type":"Feature","properties":{"fid":17,"GID_3":"PHL.71.2.3_1","GID_0":"PHL","COUNTRY":"Philippines","GID_1":"PHL.71_1","NAME_1":"Southern Leyte","NL_NAME_1":"NA","GID_2":"PHL.71.2_1","NAME_2":"Bontoc","NL_NAME_2":"NA","NAME_3":"Baugo","VARNAME_3":"NA","NL_NAME_3":"NA","TYPE_3":"Barangay","ENGTYPE_3":"Village","CC_3":"NA","HASC_3":"NA"},"geometry":{"type":"MultiPolygon","coordinates":[[[[124.929977416000156,10.39844989900007],[124.917938232000211,10.386409760000106],[124.916908264000085,10.386560440000153],[124.915557861000025,10.386489869000116],[124.914207459000181,10.386440277000077],[124.913566590000187,10.38698005700013],[124.913337707000096,10.387200355000061],[124.911697387000117,10.388079643000026],[124.910316467000257,10.389389992000133],[124.909713744000214,10.390600204000123],[124.9090194690001,10.391619682000055],[124.907440185000155,10.391860008000094],[124.90602874700005,10.392230035000068],[124.904899596000178,10.392930031000049],[124.904487609000057,10.393759727000145],[124.903869628000052,10.394650459000104],[124.903068543000131,10.395440101000077],[124.902008056000227,10.396679878999976],[124.902038574000017,10.397199630999978],[124.901817322000056,10.399250031000179],[124.911148071000184,10.405810357000121],[124.92005920400004,10.412710190000041],[124.921218873000157,10.412070275000076],[124.921379089000084,10.411109925000062],[124.922111510000036,10.407739639000056],[124.925231934000067,10.406069756000022],[124.926612854000155,10.403920173000074],[124.928176879000148,10.401459695000028],[124.929977416000156,10.39844989900007]]]]}},
{"type":"Feature","properties":{"fid":18,"GID_3":"PHL.71.2.4_1","GID_0":"PHL","COUNTRY":"Philippines","GID_1":"PHL.71_1","NAME_1":"Southern Leyte","NL_NAME_1":"NA","GID_2":"PHL.71.2_1","NAME_2":"Bontoc","NL_NAME_2":"NA","NAME_3":"Beniton","VARNAME_3":"NA","NL_NAME_3":"NA","TYPE_3":"Barangay","ENGTYPE_3":"Village","CC_3":"NA","HASC_3":"NA"},"geometry":{"type":"MultiPolygon","coordinates":[[[[124.917938232000211,10.386409760000106],[124.929977416000156,10.39844989900007],[124.930656433000081,10.397399902000132],[124.929733277000082,10.39575004500017],[124.929893495000215,10.394980431000079],[124.92946624700005,10.393619538000166],[124.929412842000147,10.393010139000125],[124.928947448000031,10.392080308000175],[124.92828369200015,10.391169548000164],[124.928031922000287,10.390170098000056],[124.92830658000014,10.389399528000069],[124.928886413000214,10.388440133000188],[124.929656981000221,10.387840272000176],[124.930557251000096,10.387080194000021],[124.931373597000288,10.386219979000145],[124.932533264000085,10.386170388000039],[124.933647156,10.38621044100006],[124.924018860000047,10.375479698000106],[124.923088073000031,10.376399994000053],[124.922729492000144,10.377229690000149],[124.922859192000033,10.378540039000086],[124.922332763000099,10.380140304000065],[124.921836852000183,10.38078022100018],[124.921142577000069,10.380800247000082],[124.920501710000053,10.380800247000082],[124.920227052000087,10.381179810000106],[124.920173644000101,10.382619858000055],[124.919967652000082,10.383509636000156],[124.91903686600017,10.384690285000033],[124.918807983000306,10.385359763000054],[124.917938232000211,10.386409760000106]]]]}},
{"type":"Feature","properties":{"fid":19,"GID_3":"PHL.71.2.5_1","GID_0":"PHL","COUNTRY":"Philippines","GID_1":"PHL.71_1","NAME_1":"Southern Leyte","NL_NAME_1":"NA","GID_2":"PHL.71.2_1","NAME_2":"Bontoc","NL_NAME_2":"NA","NAME_3":"Buenavista","VARNAME_3":"NA","NL_NAME_3":"NA","TYPE_3":"Barangay","ENGTYPE_3":"Village","CC_3":"NA","HASC_3":"NA"},"geometry":{"type":"MultiPolygon","coordinates":[[[[124.901420593000012,10.361069680000128],[124.90827941900011,10.371959686000025],[124.926986694000107,10.360440255000185],[124.921257020000212,10.352780342000131],[124.919128418000128,10.354129792000037],[124.918182373000036,10.354860306000091],[124.91710662800017,10.356280328000139],[124.916419983000083,10.357299806000128],[124.914772034000066,10.357700347000161],[124.913810731000012,10.35727024199997],[124.913551331,10.357330322000166],[124.91258239800004,10.357549668],[124.911636352000187,10.357540130000132],[124.91050720200019,10.357399941000153],[124.909538269000222,10.357509613000161],[124.90934753400029,10.357669831000123],[124.907440185000155,10.358389855000155],[124.906433105000133,10.358730316],[124.905273438000222,10.358779908000031],[124.904457093000019,10.359120369000038],[124.904167174000122,10.359660149000092],[124.903068543000131,10.360420227000134],[124.901969909000172,10.360890389000133],[124.901420593000012,10.361069680000128]]]]}},
{"type":"Feature","properties":{"fid":20,"GID_3":"PHL.71.2.6_1","GID_0":"PHL","COUNTRY":"Philippines","GID_1":"PHL.71_1","NAME_1":"Southern Leyte","NL_NAME_1":"NA","GID_2":"PHL.71.2_1","NAME_2":"Bontoc","NL_NAME_2":"NA","NAME_3":"Bunga","VARNAME_3":"NA","NL_NAME_3":"NA","TYPE_3":"Barangay","ENGTYPE_3":"Village","CC_3":"NA","HASC_3":"NA"},"geometry":{"type":"MultiPolygon","coordinates":[[[[124.905250550000233,10.314040183999964],[124.904632569000228,10.314470291000134],[124.904487609000057,10.316260338000177],[124.90412902800017,10.316220283000177],[124.903610230000027,10.316410065000071],[124.90325164900014,10.316530228000147],[124.903060913000218,10.31630039200013],[124.902442931000223,10.317830086000015],[124.902236939000204,10.318369866000126],[124.902420045000099,10.31980037600016],[124.901870727000073,10.320079804000045],[124.901802063000105,10.320400239000151],[124.90212249800004,10.321399689000089],[124.902076721000071,10.322540284000013],[124.901390076000212,10.323619843000074],[124.900939941000047,10.324159623000185],[124.900917054000161,10.325819969000065],[124.900718690000076,10.32767009700018],[124.900321961000031,10.3289098730001],[124.900382995000086,10.330089569],[124.901016236000032,10.329970360000175],[124.901672363000216,10.3308401110001],[124.902061463000109,10.330940246000125],[124.903427124000018,10.330410003000054],[124.905052186000034,10.330050469000128],[124.905929565000065,10.330280305000144],[124.906417847000057,10.330349923000028],[124.907386780000024,10.330519676000165],[124.908233642000141,10.331460000000163],[124.908706665000295,10.331749916000149],[124.909263611000029,10.331469536000043],[124.909301757000321,10.330800056999976],[124.909339904000035,10.330289840000148],[124.910049438000101,10.330619813000169],[124.91066741900022,10.329449652999983],[124.911697387000117,10.3270702370001],[124.913818359000288,10.326620102999982],[124.916618348000043,10.326399803000072],[124.916923522000047,10.325599670000031],[124.916313171000297,10.323940278000066],[124.91738891600005,10.322799681999982],[124.917762756000116,10.321530342000131],[124.91758728100001,10.318180085000108],[124.905250550000233,10.314040183999964]]]]}},
{"type":"Feature","properties":{"fid":21,"GID_3":"PHL.71.2.7_1","GID_0":"PHL","COUNTRY":"Philippines","GID_1":"PHL.71_1","NAME_1":"Southern Leyte","NL_NAME_1":"NA","GID_2":"PHL.71.2_1","NAME_2":"Bontoc","NL_NAME_2":"NA","NAME_3":"Casao","VARNAME_3":"NA","NL_NAME_3":"NA","TYPE_3":"Barangay","ENGTYPE_3":"Village","CC_3":"NA","HASC_3":"NA"},"geometry":{"type":"MultiPolygon","coordinates":[[[[124.968711854000162,10.372850417000109],[124.968933106,10.372240066000131],[124.969276428000171,10.37057972000008],[124.96938324000007,10.36956977799997],[124.96938324000007,10.368749620000131],[124.96938324000007,10.368670464],[124.969413757000211,10.368599893000123],[124.969650268,10.368049622000171],[124.970352173000038,10.366729738000174],[124.970909119000112,10.365839959000027],[124.971008301000211,10.365429879000033],[124.970016480000254,10.365610123000181],[124.961982726000087,10.36728954400013],[124.954711915000075,10.367110253000135],[124.953903198000035,10.370770455000127],[124.953712463000102,10.37158012500015],[124.95359802300004,10.373279572000172],[124.961669921000066,10.373259544000121],[124.968482971000299,10.372859954999967],[124.968711854000162,10.372850417000109]]]]}},
{"type":"Feature","properties":{"fid":22,"GID_3":"PHL.71.2.8_1","GID_0":"PHL","COUNTRY":"Philippines","GID_1":"PHL.71_1","NAME_1":"Southern Leyte","NL_NAME_1":"NA","GID_2":"PHL.71.2_1","NAME_2":"Bontoc","NL_NAME_2":"NA","NAME_3":"Catmon","VARNAME_3":"NA","NL_NAME_3":"NA","TYPE_3":"Barangay","ENGTYPE_3":"Village","CC_3":"NA","HASC_3":"NA"},"geometry":{"type":"MultiPolygon","coordinates":[[[[124.90827941900011,10.371959686000025],[124.90760040300006,10.372369767000123],[124.907051087000127,10.372209549000161],[124.906669617000148,10.371879579000051],[124.906280518000017,10.371239662000107],[124.904991150000114,10.371549606000031],[124.904022217000147,10.372790337000083],[124.903312684000298,10.374059676000059],[124.90305328400018,10.374409675000152],[124.90196228100001,10.375519752000059],[124.901657104000151,10.37535953500003],[124.901573180000128,10.375479698000106],[124.90096282900015,10.375479698000106],[124.900993348000043,10.375989914000058],[124.901123047000056,10.376660348000087],[124.900543212000116,10.377039909000132],[124.900123597000174,10.377329827000153],[124.899856567000029,10.377770425000051],[124.899597168000014,10.378060341000037],[124.899597168000014,10.37841034000013],[124.899093629000049,10.379340171000081],[124.89450836200001,10.38609028000019],[124.915092469000228,10.382639886000163],[124.90827941900011,10.371959686000025]]]]}},
{"type":"Feature","properties":{"fid":23,"GID_3":"PHL.71.2.9_1","GID_0":"PHL","COUNTRY":"Philippines","GID_1":"PHL.71_1","NAME_1":"Southern Leyte","NL_NAME_1":"NA","GID_2":"PHL.71.2_1","NAME_2":"Bontoc","NL_NAME_2":"NA","NAME_3":"Catoogan","VARNAME_3":"NA","NL_NAME_3":"NA","TYPE_3":"Barangay","ENGTYPE_3":"Village","CC_3":"NA","HASC_3":"NA"},"geometry":{"type":"MultiPolygon","coordinates":[[[[124.891120910000041,10.372039794000045],[124.89169311500018,10.3793602],[124.891731262,10.386360168000124],[124.89450836200001,10.38609028000019],[124.899093629000049,10.379340171000081],[124.899597168000014,10.37841034000013],[124.899597168000014,10.378060341000037],[124.899856567000029,10.377770425000051],[124.900123597000174,10.377329827000153],[124.900543212000116,10.377039909000132],[124.901123047000056,10.376660348000087],[124.900993348000043,10.375989914000058],[124.90096282900015,10.375479698000106],[124.901573180000128,10.375479698000106],[124.901657104000151,10.37535953500003],[124.90196228100001,10.375519752000059],[124.90305328400018,10.374409675000152],[124.903312684000298,10.374059676000059],[124.904022217000147,10.372790337000083],[124.904991150000114,10.371549606000031],[124.906280518000017,10.371239662000107],[124.906669617000148,10.371879579000051],[124.907051087000127,10.372209549000161],[124.90760040300006,10.372369767000123],[124.90827941900011,10.371959686000025],[124.901420593000012,10.361069680000128],[124.901199340000062,10.36104011599997],[124.90055084200003,10.361100197000042],[124.899681091000161,10.361280442000123],[124.898216248000153,10.36085033500018],[124.897323609000068,10.360899925000183],[124.895698547000165,10.361430169000187],[124.894958495000196,10.363309860000186],[124.894729614000198,10.364489555000034],[124.894798278000167,10.365420341000117],[124.894470215000069,10.365539552000143],[124.894439698000156,10.366120339000133],[124.893760682000106,10.367460252000058],[124.893630981000115,10.368550301000084],[124.893531799000243,10.369790078000108],[124.892723083000305,10.371640205000119],[124.892723083000305,10.371800423000082],[124.892303466000158,10.372209549000161],[124.891120910000041,10.372039794000045]]]]}},
{"type":"Feature","properties":{"fid":24,"GID_3":"PHL.71.2.10_1","GID_0":"PHL","COUNTRY":"Philippines","GID_1":"PHL.71_1","NAME_1":"Southern Leyte","NL_NAME_1":"NA","GID_2":"PHL.71.2_1","NAME_2":"Bontoc","NL_NAME_2":"NA","NAME_3":"Cawayanan","VARNAME_3":"NA","NL_NAME_3":"NA","TYPE_3":"Barangay","ENGTYPE_3":"Village","CC_3":"NA","HASC_3":"NA"},"geometry":{"type":"MultiPolygon","coordinates":[[[[124.932189942000036,10.357390405000046],[124.93337249800004,10.358329774000083],[124.934143066000047,10.358819962000155],[124.935203551000086,10.359080313999982],[124.936050416000057,10.358770370000116],[124.936958313000332,10.35797977500016],[124.937377930000025,10.35797977500016],[124.938163757000098,10.357890129000054],[124.938751220000086,10.357130051000013],[124.939720153000053,10.356599808000112],[124.940498352000077,10.356289864000075],[124.941146850000109,10.35651969900016],[124.941169738000212,10.356800079999971],[124.94249725300017,10.356240274000015],[124.943962097000053,10.35618972900005],[124.946243286000026,10.355690003000063],[124.946189881,10.345549583000036],[124.942047119000222,10.343890190000138],[124.939659120000101,10.343219756000053],[124.938209534000066,10.344420433000039],[124.93598175000011,10.343210221000106],[124.932189942000036,10.357390405000046]]]]}},
{"type":"Feature","properties":{"fid":25,"GID_3":"PHL.71.2.11_1","GID_0":"PHL","COUNTRY":"Philippines","GID_1":"PHL.71_1","NAME_1":"Southern Leyte","NL_NAME_1":"NA","GID_2":"PHL.71.2_1","NAME_2":"Bontoc","NL_NAME_2":"NA","NAME_3":"Dao","VARNAME_3":"NA","NL_NAME_3":"NA","TYPE_3":"Barangay","ENGTYPE_3":"Village","CC_3":"NA","HASC_3":"NA"},"geometry":{"type":"MultiPolygon","coordinates":[[[[124.91758728100001,10.318180085000108],[124.917762756000116,10.321530342000131],[124.91738891600005,10.322799681999982],[124.916313171000297,10.323940278000066],[124.916923522000047,10.325599670000031],[124.930351256000336,10.33065033000014],[124.936523438000108,10.332360267000126],[124.942306519000226,10.334859849000168],[124.944198608000193,10.334380150000186],[124.945899963000102,10.333700180000051],[124.947776795000209,10.332779884000104],[124.947036743000012,10.331999778000068],[124.945930481000232,10.331259728000077],[124.944450379000159,10.33034038500017],[124.942626954000161,10.329139709000117],[124.942909240000063,10.327839851000022],[124.943412781000234,10.326549530000136],[124.94412994400011,10.323989868000069],[124.9339218140002,10.321929931000057],[124.92778015100032,10.32048988400004],[124.919677734000061,10.318429947000027],[124.91758728100001,10.318180085000108]]]]}},
{"type":"Feature","properties":{"fid":26,"GID_3":"PHL.71.2.12_1","GID_0":"PHL","COUNTRY":"Philippines","GID_1":"PHL.71_1","NAME_1":"Southern Leyte","NL_NAME_1":"NA","GID_2":"PHL.71.2_1","NAME_2":"Bontoc","NL_NAME_2":"NA","NAME_3":"Divisoria","VARNAME_3":"NA","NL_NAME_3":"NA","TYPE_3":"Barangay","ENGTYPE_3":"Village","CC_3":"NA","HASC_3":"NA"},"geometry":{"type":"MultiPolygon","coordinates":[[[[124.973953247000168,10.345769883000116],[124.973846435000155,10.345459939000079],[124.973846435000155,10.344840050000187],[124.974342345000196,10.344490051000093],[124.974693299000023,10.344699860000162],[124.975318908000077,10.344630242000051],[124.975669860000153,10.344289779000064],[124.97582244900002,10.343720437],[124.975883485000168,10.343520165000143],[124.975883485000168,10.343179704000136],[124.97560119700006,10.342419624000115],[124.975158691000047,10.341690064000147],[124.974761962000116,10.341039659000103],[124.974639892000027,10.340570450000087],[124.972480773000143,10.340250015000095],[124.969520569000224,10.339489936],[124.967681885000275,10.338910103999979],[124.966590882000332,10.338640214000065],[124.965232848000028,10.338359833000027],[124.965522767000152,10.336009979000096],[124.964591981000012,10.335969926000075],[124.961746215000176,10.336079597000037],[124.961776734000068,10.334480286000144],[124.961647033000077,10.333970070000021],[124.960250855000027,10.333840371],[124.958549500000231,10.332989692000069],[124.958053589000315,10.333109855000146],[124.956596374000128,10.334219932000053],[124.955009461000031,10.335769654000046],[124.954536437000115,10.336739540000167],[124.954277038000214,10.33728027300009],[124.953887939000083,10.338789941000073],[124.955207824000013,10.33998012700016],[124.95686340400016,10.340660096000022],[124.957901002000085,10.341360092000059],[124.958793639000078,10.342499733000068],[124.960548401000324,10.344160080000051],[124.961288451000087,10.345399856000142],[124.963668823000035,10.345479965000095],[124.966903687000013,10.344090462000167],[124.969947814000079,10.344579697000086],[124.973953247000168,10.345769883000116]]]]}},
{"type":"Feature","properties":{"fid":27,"GID_3":"PHL.71.2.13_1","GID_0":"PHL","COUNTRY":"Philippines","GID_1":"PHL.71_1","NAME_1":"Southern Leyte","NL_NAME_1":"NA","GID_2":"PHL.71.2_1","NAME_2":"Bontoc","NL_NAME_2":"NA","NAME_3":"Esperanza","VARNAME_3":"NA","NL_NAME_3":"NA","TYPE_3":"Barangay","ENGTYPE_3":"Village","CC_3":"NA","HASC_3":"NA"},"geometry":{"type":"MultiPolygon","coordinates":[[[[124.917938232000211,10.386409760000106],[124.918807983000306,10.385359763000054],[124.91903686600017,10.384690285000033],[124.919967652000082,10.383509636000156],[124.920173644000101,10.382619858000055],[124.920227052000087,10.381179810000106],[124.920501710000053,10.380800247000082],[124.921142577000069,10.380800247000082],[124.921836852000183,10.38078022100018],[124.922332763000099,10.380140304000065],[124.922859192000033,10.378540039000086],[124.922729492000144,10.377229690000149],[124.923088073000031,10.376399994000053],[124.924018860000047,10.375479698000106],[124.92624664400023,10.373390197000163],[124.926666259000172,10.372940064000147],[124.92690277200029,10.372559548000083],[124.927116395000098,10.371669769000107],[124.927642822000053,10.370420456000033],[124.928482056,10.369979857999965],[124.929519652000067,10.369509698000172],[124.930366517000266,10.368630409000161],[124.930496216000051,10.366840363],[124.930633545000205,10.36635971100003],[124.931022645000212,10.365850449000163],[124.93144226000004,10.365440370000101],[124.931549072000166,10.364959717000033],[124.931968689000314,10.364230156000133],[124.932487489000096,10.363690376000079],[124.933113098000035,10.362609864000035],[124.933982849000017,10.362620353000068],[124.9352417,10.362119674000155],[124.93675231900022,10.362290382000026],[124.937973023000268,10.362070084000095],[124.938400268,10.361660003],[124.939002991000052,10.360520364000138],[124.939392090000183,10.359439851],[124.939933778000068,10.358130455000037],[124.939987183000085,10.357839584000033],[124.940643311000031,10.357239723000021],[124.941169738000212,10.356800079999971],[124.941146850000109,10.35651969900016],[124.940498352000077,10.356289864000075],[124.939720153000053,10.356599808000112],[124.938751220000086,10.357130051000013],[124.938163757000098,10.357890129000054],[124.937377930000025,10.35797977500016],[124.936958313000332,10.35797977500016],[124.936050416000057,10.358770370000116],[124.935203551000086,10.359080313999982],[124.934143066000047,10.358819962000155],[124.93337249800004,10.358329774000083],[124.932189942000036,10.357390405000046],[124.926986694000107,10.360440255000185],[124.90827941900011,10.371959686000025],[124.915092469000228,10.382639886000163],[124.91710662800017,10.385439872000177],[124.917938232000211,10.386409760000106]]]]}},
{"type":"Feature","properties":{"fid":28,"GID_3":"PHL.71.2.14_1","GID_0":"PHL","COUNTRY":"Philippines","GID_1":"PHL.71_1","NAME_1":"Southern Leyte","NL_NAME_1":"NA","GID_2":"PHL.71.2_1","NAME_2":"Bontoc","NL_NAME_2":"NA","NAME_3":"Guinsangaan","VARNAME_3":"NA","NL_NAME_3":"NA","TYPE_3":"Barangay","ENGTYPE_3":"Village","CC_3":"NA","HASC_3":"NA"},"geometry":{"type":"MultiPolygon","coordinates":[[[[124.946189881,10.345549583000036],[124.946243286000026,10.355690003000063],[124.950141906000226,10.352910043000065],[124.952133179000043,10.352860450000151],[124.953170776000206,10.353520394000043],[124.954780578000168,10.351499557000068],[124.955200196000078,10.350199700000076],[124.956588746000193,10.346489907000034],[124.957626342000026,10.344599723000101],[124.958793639000078,10.342499733000068],[124.957901002000085,10.341360092000059],[124.95686340400016,10.340660096000022],[124.955352783000194,10.341239929000153],[124.954566956,10.34111023000014],[124.952903748000153,10.34138012000011],[124.950698852000073,10.342809677000162],[124.946189881,10.345549583000036]]]]}},
{"type":"Feature","properties":{"fid":29,"GID_3":"PHL.71.2.15_1","GID_0":"PHL","COUNTRY":"Philippines","GID_1":"PHL.71_1","NAME_1":"Southern Leyte","NL_NAME_1":"NA","GID_2":"PHL.71.2_1","NAME_2":"Bontoc","NL_NAME_2":"NA","NAME_3":"Hibagwan","VARNAME_3":"NA","NL_NAME_3":"NA","TYPE_3":"Barangay","ENGTYPE_3":"Village","CC_3":"NA","HASC_3":"NA"},"geometry":{"type":"MultiPolygon","coordinates":[[[[124.892227172000048,10.39601040000008],[124.893211366000287,10.40028953500007],[124.901817322000056,10.399250031000179],[124.902038574000017,10.397199630999978],[124.902008056000227,10.396679878999976],[124.903068543000131,10.395440101000077],[124.903869628000052,10.394650459000104],[124.904487609000057,10.393759727000145],[124.904899596000178,10.392930031000049],[124.90602874700005,10.392230035000068],[124.907440185000155,10.391860008000094],[124.9090194690001,10.391619682000055],[124.909713744000214,10.390600204000123],[124.910316467000257,10.389389992000133],[124.911697387000117,10.388079643000026],[124.913337707000096,10.387200355000061],[124.913566590000187,10.38698005700013],[124.914207459000181,10.386440277000077],[124.915557861000025,10.386489869000116],[124.916908264000085,10.386560440000153],[124.917938232000211,10.386409760000106],[124.91710662800017,10.385439872000177],[124.915092469000228,10.382639886000163],[124.89450836200001,10.38609028000019],[124.891731262,10.386360168000124],[124.892227172000048,10.39601040000008]]]]}},
{"type":"Feature","properties":{"fid":30,"GID_3":"PHL.71.2.16_1","GID_0":"PHL","COUNTRY":"Philippines","GID_1":"PHL.71_1","NAME_1":"Southern Leyte","NL_NAME_1":"NA","GID_2":"PHL.71.2_1","NAME_2":"Bontoc","NL_NAME_2":"NA","NAME_3":"Hilaan","VARNAME_3":"NA","NL_NAME_3":"NA","TYPE_3":"Barangay","ENGTYPE_3":"Village","CC_3":"NA","HASC_3":"NA"},"geometry":{"type":"MultiPolygon","coordinates":[[[[124.908882140000173,10.416700364000121],[124.92005920400004,10.412710190000041],[124.911148071000184,10.405810357000121],[124.904136658000084,10.407569886000147],[124.908882140000173,10.416700364000121]]]]}},
{"type":"Feature","properties":{"fid":31,"GID_3":"PHL.71.2.17_1","GID_0":"PHL","COUNTRY":"Philippines","GID_1":"PHL.71_1","NAME_1":"Southern Leyte","NL_NAME_1":"NA","GID_2":"PHL.71.2_1","NAME_2":"Bontoc","NL_NAME_2":"NA","NAME_3":"Himakilo","VARNAME_3":"NA","NL_NAME_3":"NA","TYPE_3":"Barangay","ENGTYPE_3":"Village","CC_3":"NA","HASC_3":"NA"},"geometry":{"type":"MultiPolygon","coordinates":[[[[124.924018860000047,10.375479698000106],[124.933647156,10.38621044100006],[124.934432983000079,10.385800361000065],[124.936729430000014,10.385499955000057],[124.937667847000057,10.384799957000098],[124.938598633000197,10.383620262000079],[124.938903809000067,10.381859778999967],[124.938583374000018,10.380800247000082],[124.938926696000067,10.380129813],[124.939773560000162,10.379139900000098],[124.940551757000094,10.378120422000109],[124.941810608000083,10.3767900470001],[124.940979004000042,10.376139641000123],[124.939537049000023,10.374139785000182],[124.939361573000042,10.372630119000178],[124.939682006000226,10.372280121000131],[124.940719605000027,10.371399879000137],[124.941589355000019,10.370860099000083],[124.941993714000319,10.369640351000044],[124.939842224000131,10.368450166000059],[124.938179016000049,10.368240356000115],[124.93881225500013,10.366109849000168],[124.939689636000139,10.364930153000046],[124.939453125000341,10.363430023000092],[124.938400268,10.361660003],[124.937973023000268,10.362070084000095],[124.93675231900022,10.362290382000026],[124.9352417,10.362119674000155],[124.933982849000017,10.362620353000068],[124.933113098000035,10.362609864000035],[124.932487489000096,10.363690376000079],[124.931968689000314,10.364230156000133],[124.931549072000166,10.364959717000033],[124.93144226000004,10.365440370000101],[124.931022645000212,10.365850449000163],[124.930633545000205,10.36635971100003],[124.930496216000051,10.366840363],[124.930366517000266,10.368630409000161],[124.929519652000067,10.369509698000172],[124.928482056,10.369979857999965],[124.927642822000053,10.370420456000033],[124.927116395000098,10.371669769000107],[124.92690277200029,10.372559548000083],[124.926666259000172,10.372940064000147],[124.92624664400023,10.373390197000163],[124.924018860000047,10.375479698000106]]]]}},
{"type":"Feature","properties":{"fid":32,"GID_3":"PHL.71.2.18_1","GID_0":"PHL","COUNTRY":"Philippines","GID_1":"PHL.71_1","NAME_1":"Southern Leyte","NL_NAME_1":"NA","GID_2":"PHL.71.2_1","NAME_2":"Bontoc","NL_NAME_2":"NA","NAME_3":"Hitawos","VARNAME_3":"NA","NL_NAME_3":"NA","TYPE_3":"Barangay","ENGTYPE_3":"Village","CC_3":"NA","HASC_3":"NA"},"geometry":{"type":"MultiPolygon","coordinates":[[[[124.904006959000071,10.422909738000158],[124.907112122000058,10.42730998899998],[124.928787231000342,10.419679642000062],[124.923423767000145,10.415579797000021],[124.904006959000071,10.422909738000158]]]]}},
{"type":"Feature","properties":{"fid":33,"GID_3":"PHL.71.2.19_1","GID_0":"PHL","COUNTRY":"Philippines","GID_1":"PHL.71_1","NAME_1":"Southern Leyte","NL_NAME_1":"NA","GID_2":"PHL.71.2_1","NAME_2":"Bontoc","NL_NAME_2":"NA","NAME_3":"Lanao","VARNAME_3":"NA","NL_NAME_3":"NA","TYPE_3":"Barangay","ENGTYPE_3":"Village","CC_3":"NA","HASC_3":"NA"},"geometry":{"type":"MultiPolygon","coordinates":[[[[124.893211366000287,10.40028953500007],[124.893180847000167,10.404399873000159],[124.895652770000197,10.409110069000121],[124.904136658000084,10.407569886000147],[124.911148071000184,10.405810357000121],[124.901817322000056,10.399250031000179],[124.893211366000287,10.40028953500007]]]]}},
{"type":"Feature","properties":{"fid":34,"GID_3":"PHL.71.2.20_1","GID_0":"PHL","COUNTRY":"Philippines","GID_1":"PHL.71_1","NAME_1":"Southern Leyte","NL_NAME_1":"NA","GID_2":"PHL.71.2_1","NAME_2":"Bontoc","NL_NAME_2":"NA","NAME_3":"Lawgawan","VARNAME_3":"NA","NL_NAME_3":"NA","TYPE_3":"Barangay","ENGTYPE_3":"Village","CC_3":"NA","HASC_3":"NA"},"geometry":{"type":"MultiPolygon","coordinates":[[[[124.92005920400004,10.412710190000041],[124.923423767000145,10.415579797000021],[124.928787231000342,10.419679642000062],[124.934837341000048,10.424249648],[124.938346863000106,10.420689584000172],[124.941833497000175,10.417249680000111],[124.945053100000109,10.412500382000076],[124.929977416000156,10.39844989900007],[124.928176879000148,10.401459695000028],[124.926612854000155,10.403920173000074],[124.925231934000067,10.406069756000022],[124.922111510000036,10.407739639000056],[124.921379089000084,10.411109925000062],[124.921218873000157,10.412070275000076],[124.92005920400004,10.412710190000041]]]]}},
{"type":"Feature","properties":{"fid":35,"GID_3":"PHL.71.2.21_1","GID_0":"PHL","COUNTRY":"Philippines","GID_1":"PHL.71_1","NAME_1":"Southern Leyte","NL_NAME_1":"NA","GID_2":"PHL.71.2_1","NAME_2":"Bontoc","NL_NAME_2":"NA","NAME_3":"Mahayahay","VARNAME_3":"NA","NL_NAME_3":"NA","TYPE_3":"Barangay","ENGTYPE_3":"Village","CC_3":"NA","HASC_3":"NA"},"geometry":{"type":"MultiPolygon","coordinates":[[[[124.895690917000024,10.336910248000095],[124.895416259000058,10.341779709000036],[124.894912720000207,10.347900391],[124.918876648000037,10.344739915000162],[124.918823241000155,10.344070436000095],[124.91898345900006,10.343429566],[124.919609070000092,10.342729568000038],[124.920326234000072,10.342359543000043],[124.920631408000077,10.341090202000089],[124.920440674000133,10.340129852000018],[124.919403076000094,10.337759973000118],[124.919082641000159,10.336979865999979],[124.91898345900006,10.336600304],[124.91844177300004,10.335800171000187],[124.917678833000309,10.334190368000122],[124.910049438000101,10.330619813000169],[124.909339904000035,10.330289840000148],[124.909301757000321,10.330800056999976],[124.909263611000029,10.331469536000043],[124.908706665000295,10.331749916000149],[124.908233642000141,10.331460000000163],[124.907386780000024,10.330519676000165],[124.906417847000057,10.330349923000028],[124.905929565000065,10.330280305000144],[124.905052186000034,10.330050469000128],[124.903427124000018,10.330410003000054],[124.902061463000109,10.330940246000125],[124.901672363000216,10.3308401110001],[124.901016236000032,10.329970360000175],[124.900382995000086,10.330089569],[124.899238586000024,10.330300331000046],[124.898719787000118,10.329939842000158],[124.8980712890002,10.32971000800012],[124.897583008000197,10.330369949000101],[124.89689636300011,10.330430032000038],[124.896171570000092,10.33094978400004],[124.895690917000024,10.336910248000095]]]]}},
{"type":"Feature","properties":{"fid":36,"GID_3":"PHL.71.2.22_1","GID_0":"PHL","COUNTRY":"Philippines","GID_1":"PHL.71_1","NAME_1":"Southern Leyte","NL_NAME_1":"NA","GID_2":"PHL.71.2_1","NAME_2":"Bontoc","NL_NAME_2":"NA","NAME_3":"Malbago","VARNAME_3":"NA","NL_NAME_3":"NA","TYPE_3":"Barangay","ENGTYPE_3":"Village","CC_3":"NA","HASC_3":"NA"},"geometry":{"type":"MultiPolygon","coordinates":[[[[124.933647156,10.38621044100006],[124.932533264000085,10.386170388000039],[124.931373597000288,10.386219979000145],[124.930557251000096,10.387080194000021],[124.929656981000221,10.387840272000176],[124.928886413000214,10.388440133000188],[124.92830658000014,10.389399528000069],[124.928031922000287,10.390170098000056],[124.92828369200015,10.391169548000164],[124.928947448000031,10.392080308000175],[124.929412842000147,10.393010139000125],[124.92946624700005,10.393619538000166],[124.929893495000215,10.394980431000079],[124.929733277000082,10.39575004500017],[124.930656433000081,10.397399902000132],[124.933029174000012,10.397299768000039],[124.934730529000035,10.397020339999983],[124.935218812000016,10.396929741000065],[124.936691283000073,10.396590232000108],[124.937232971000185,10.396499635000168],[124.938232423000045,10.39597034500008],[124.938926696000067,10.395489693000115],[124.940887450000105,10.39509010400019],[124.942016601000205,10.394559860000186],[124.943168640000067,10.393699646000073],[124.943748474000017,10.393099786000164],[124.944168091000051,10.392359734000024],[124.944580078000058,10.392399788000148],[124.944938660000275,10.390529633000028],[124.945030212,10.389820100000065],[124.945350647000168,10.388569831000041],[124.94522857600009,10.387510299000155],[124.944778442000029,10.386540413000034],[124.94439697200005,10.38562965400007],[124.944023132000211,10.384309769000026],[124.943313599000021,10.38272953000012],[124.943031311000141,10.381990433000112],[124.942787171000191,10.38047981200009],[124.941810608000083,10.3767900470001],[124.940551757000094,10.378120422000109],[124.939773560000162,10.379139900000098],[124.938926696000067,10.380129813],[124.938583374000018,10.380800247000082],[124.938903809000067,10.381859778999967],[124.938598633000197,10.383620262000079],[124.937667847000057,10.384799957000098],[124.936729430000014,10.385499955000057],[124.934432983000079,10.385800361000065],[124.933647156,10.38621044100006]]]]}},
{"type":"Feature","properties":{"fid":37,"GID_3":"PHL.71.2.23_1","GID_0":"PHL","COUNTRY":"Philippines","GID_1":"PHL.71_1","NAME_1":"Southern Leyte","NL_NAME_1":"NA","GID_2":"PHL.71.2_1","NAME_2":"Bontoc","NL_NAME_2":"NA","NAME_3":"Mauylab","VARNAME_3":"NA","NL_NAME_3":"NA","TYPE_3":"Barangay","ENGTYPE_3":"Village","CC_3":"NA","HASC_3":"NA"},"geometry":{"type":"MultiPolygon","coordinates":[[[[124.94412994400011,10.323989868000069],[124.943412781000234,10.326549530000136],[124.942909240000063,10.327839851000022],[124.942626954000161,10.329139709000117],[124.944450379000159,10.33034038500017],[124.945930481000232,10.331259728000077],[124.947036743000012,10.331999778000068],[124.947776795000209,10.332779884000104],[124.951301575000116,10.334759712000164],[124.953247069000213,10.336219788000164],[124.954277038000214,10.33728027300009],[124.954536437000115,10.336739540000167],[124.955009461000031,10.335769654000046],[124.956596374000128,10.334219932000053],[124.958053589000315,10.333109855000146],[124.958549500000231,10.332989692000069],[124.958602905000134,10.332400322000126],[124.958633424000027,10.332079887000191],[124.957817078000062,10.330920220000053],[124.956588746000193,10.330329894999977],[124.956130982000104,10.329919814999982],[124.954437255000244,10.328419685000028],[124.954521179000039,10.32808971500009],[124.954658508000193,10.3275003440001],[124.94412994400011,10.323989868000069]]]]}},
{"type":"Feature","properties":{"fid":38,"GID_3":"PHL.71.2.24_1","GID_0":"PHL","COUNTRY":"Philippines","GID_1":"PHL.71_1","NAME_1":"Southern Leyte","NL_NAME_1":"NA","GID_2":"PHL.71.2_1","NAME_2":"Bontoc","NL_NAME_2":"NA","NAME_3":"Olisihan","VARNAME_3":"NA","NL_NAME_3":"NA","TYPE_3":"Barangay","ENGTYPE_3":"Village","CC_3":"NA","HASC_3":"NA"},"geometry":{"type":"MultiPolygon","coordinates":[[[[124.909179687000346,10.431870460000141],[124.911613463000094,10.437540054000124],[124.917198182000106,10.44886970500005],[124.930313110000043,10.430789947000164],[124.932876587000123,10.42712021],[124.909179687000346,10.431870460000141]]]]}},
{"type":"Feature","properties":{"fid":39,"GID_3":"PHL.71.2.25_1","GID_0":"PHL","COUNTRY":"Philippines","GID_1":"PHL.71_1","NAME_1":"Southern Leyte","NL_NAME_1":"NA","GID_2":"PHL.71.2_1","NAME_2":"Bontoc","NL_NAME_2":"NA","NAME_3":"Paku","VARNAME_3":"NA","NL_NAME_3":"NA","TYPE_3":"Barangay","ENGTYPE_3":"Village","CC_3":"NA","HASC_3":"NA"},"geometry":{"type":"MultiPolygon","coordinates":[[[[124.916923522000047,10.325599670000031],[124.916618348000043,10.326399803000072],[124.913818359000288,10.326620102999982],[124.911697387000117,10.3270702370001],[124.91066741900022,10.329449652999983],[124.910049438000101,10.330619813000169],[124.917678833000309,10.334190368000122],[124.93598175000011,10.343210221000106],[124.936599732000104,10.341409684000041],[124.937522887000114,10.340490341000077],[124.939086913000097,10.340160370000092],[124.939956664000192,10.340040207000186],[124.940246582000213,10.337759973000118],[124.940353393,10.3360700610001],[124.942306519000226,10.334859849000168],[124.936523438000108,10.332360267000126],[124.930351256000336,10.33065033000014],[124.916923522000047,10.325599670000031]]]]}},
{"type":"Feature","properties":{"fid":40,"GID_3":"PHL.71.2.26_1","GID_0":"PHL","COUNTRY":"Philippines","GID_1":"PHL.71_1","NAME_1":"Southern Leyte","NL_NAME_1":"NA","GID_2":"PHL.71.2_1","NAME_2":"Bontoc","NL_NAME_2":"NA","NAME_3":"Pamahawan","VARNAME_3":"NA","NL_NAME_3":"NA","TYPE_3":"Barangay","ENGTYPE_3":"Village","CC_3":"NA","HASC_3":"NA"},"geometry":{"type":"MultiPolygon","coordinates":[[[[124.894912720000207,10.347900391],[124.894531250000114,10.354889870000022],[124.892036438000105,10.363639833000036],[124.891120910000041,10.372039794000045],[124.892303466000158,10.372209549000161],[124.892723083000305,10.371800423000082],[124.892723083000305,10.371640205000119],[124.893531799000243,10.369790078000108],[124.893630981000115,10.368550301000084],[124.893760682000106,10.367460252000058],[124.894439698000156,10.366120339000133],[124.894470215000069,10.365539552000143],[124.894798278000167,10.365420341000117],[124.894729614000198,10.364489555000034],[124.894958495000196,10.363309860000186],[124.895698547000165,10.361430169000187],[124.897323609000068,10.360899925000183],[124.898216248000153,10.36085033500018],[124.899681091000161,10.361280442000123],[124.90055084200003,10.361100197000042],[124.901199340000062,10.36104011599997],[124.901420593000012,10.361069680000128],[124.901969909000172,10.360890389000133],[124.903068543000131,10.360420227000134],[124.904167174000122,10.359660149000092],[124.904457093000019,10.359120369000038],[124.905273438000222,10.358779908000031],[124.906433105000133,10.358730316],[124.907440185000155,10.358389855000155],[124.90934753400029,10.357669831000123],[124.909538269000222,10.357509613000161],[124.91050720200019,10.357399941000153],[124.911636352000187,10.357540130000132],[124.91258239800004,10.357549668],[124.913551331,10.357330322000166],[124.913810731000012,10.35727024199997],[124.914772034000066,10.357700347000161],[124.916419983000083,10.357299806000128],[124.91710662800017,10.356280328000139],[124.918182373000036,10.354860306000091],[124.919128418000128,10.354129792000037],[124.921257020000212,10.352780342000131],[124.921958923000034,10.351320268000109],[124.921806336000145,10.350740433000169],[124.921783447000166,10.349940301000061],[124.921676635000154,10.349499703],[124.921333314000094,10.348500251000075],[124.920570373000146,10.347279549000177],[124.919921875000114,10.346570016000157],[124.919357301000105,10.34560966500004],[124.918876648000037,10.344739915000162],[124.894912720000207,10.347900391]]]]}},
{"type":"Feature","properties":{"fid":41,"GID_3":"PHL.71.2.27_1","GID_0":"PHL","COUNTRY":"Philippines","GID_1":"PHL.71_1","NAME_1":"Southern Leyte","NL_NAME_1":"NA","GID_2":"PHL.71.2_1","NAME_2":"Bontoc","NL_NAME_2":"NA","NAME_3":"Pamigsian","VARNAME_3":"NA","NL_NAME_3":"NA","TYPE_3":"Barangay","ENGTYPE_3":"Village","CC_3":"NA","HASC_3":"NA"},"geometry":{"type":"MultiPolygon","coordinates":[[[[124.907112122000058,10.42730998899998],[124.909179687000346,10.431870460000141],[124.932876587000123,10.42712021],[124.934837341000048,10.424249648],[124.928787231000342,10.419679642000062],[124.907112122000058,10.42730998899998]]]]}},
{"type":"Feature","properties":{"fid":42,"GID_3":"PHL.71.2.28_1","GID_0":"PHL","COUNTRY":"Philippines","GID_1":"PHL.71_1","NAME_1":"Southern Leyte","NL_NAME_1":"NA","GID_2":"PHL.71.2_1","NAME_2":"Bontoc","NL_NAME_2":"NA","NAME_3":"Pangi","VARNAME_3":"NA","NL_NAME_3":"NA","TYPE_3":"Barangay","ENGTYPE_3":"Village","CC_3":"NA","HASC_3":"NA"},"geometry":{"type":"MultiPolygon","coordinates":[[[[124.944023132000211,10.384309769000026],[124.94439697200005,10.38562965400007],[124.944778442000029,10.386540413000034],[124.94522857600009,10.387510299000155],[124.945350647000168,10.388569831000041],[124.945030212,10.389820100000065],[124.944938660000275,10.390529633000028],[124.944580078000058,10.392399788000148],[124.945159913000225,10.393690109000033],[124.945190429000036,10.39408016200008],[124.945159913000225,10.39484977799998],[124.945289611000135,10.395660400999986],[124.946342468000125,10.396349908000104],[124.947692871000186,10.397080421999988],[124.948272706000125,10.397339822000163],[124.949272155000131,10.397919654000134],[124.949623107000207,10.3981800090001],[124.952636718,10.40071010500003],[124.953002930000139,10.399319650000166],[124.957519532000106,10.391860008000094],[124.963981629000045,10.384209631999965],[124.967216491000158,10.381389616999968],[124.965560914000207,10.38074970200006],[124.963508605000129,10.38097000199997],[124.961196899000015,10.381380082000021],[124.959587096000064,10.381449700000076],[124.957550048000144,10.381290435000153],[124.955718995000097,10.381010057000026],[124.953506469000104,10.380249977],[124.944023132000211,10.384309769000026]]]]}},
{"type":"Feature","properties":{"fid":43,"GID_3":"PHL.71.2.29_1","GID_0":"PHL","COUNTRY":"Philippines","GID_1":"PHL.71_1","NAME_1":"Southern Leyte","NL_NAME_1":"NA","GID_2":"PHL.71.2_1","NAME_2":"Bontoc","NL_NAME_2":"NA","NAME_3":"Poblacion","VARNAME_3":"NA","NL_NAME_3":"NA","TYPE_3":"Barangay","ENGTYPE_3":"Village","CC_3":"NA","HASC_3":"NA"},"geometry":{"type":"MultiPolygon","coordinates":[[[[124.963668823000035,10.345479965000095],[124.961288451000087,10.345399856000142],[124.960548401000324,10.344160080000051],[124.958793639000078,10.342499733000068],[124.957626342000026,10.344599723000101],[124.956588746000193,10.346489907000034],[124.955200196000078,10.350199700000076],[124.954780578000168,10.351499557000068],[124.953170776000206,10.353520394000043],[124.956138610000039,10.352410317000135],[124.959228515000063,10.352660179],[124.962516784000059,10.360389710000163],[124.963401795000209,10.359399797000037],[124.964668274000019,10.358799934000103],[124.96613311800013,10.358409883000036],[124.969482422000169,10.357250214000089],[124.969642640000075,10.357150079000064],[124.969627379000144,10.357069970000111],[124.971733093000125,10.35515022300018],[124.972557069000231,10.35437965400007],[124.972702026000093,10.353549958000031],[124.973121643000013,10.352510452000161],[124.973609924000016,10.351389884000184],[124.973609924000016,10.351110458000164],[124.973892212000123,10.350830078000058],[124.973892212000123,10.350560188000088],[124.973152162000019,10.350190163000093],[124.968238831,10.348230363000141],[124.965766906000226,10.346870422000165],[124.963668823000035,10.345479965000095]]]]}},
{"type":"Feature","properties":{"fid":44,"GID_3":"PHL.71.2.30_1","GID_0":"PHL","COUNTRY":"Philippines","GID_1":"PHL.71_1","NAME_1":"Southern Leyte","NL_NAME_1":"NA","GID_2":"PHL.71.2_1","NAME_2":"Bontoc","NL_NAME_2":"NA","NAME_3":"Pong-On","VARNAME_3":"NA","NL_NAME_3":"NA","TYPE_3":"Barangay","ENGTYPE_3":"Village","CC_3":"NA","HASC_3":"NA"},"geometry":{"type":"MultiPolygon","coordinates":[[[[124.895652770000197,10.409110069000121],[124.898727417000259,10.41489029000013],[124.901969909000172,10.418970108000167],[124.908882140000173,10.416700364000121],[124.904136658000084,10.407569886000147],[124.895652770000197,10.409110069000121]]]]}},
{"type":"Feature","properties":{"fid":45,"GID_3":"PHL.71.2.31_1","GID_0":"PHL","COUNTRY":"Philippines","GID_1":"PHL.71_1","NAME_1":"Southern Leyte","NL_NAME_1":"NA","GID_2":"PHL.71.2_1","NAME_2":"Bontoc","NL_NAME_2":"NA","NAME_3":"Sampongon","VARNAME_3":"NA","NL_NAME_3":"NA","TYPE_3":"Barangay","ENGTYPE_3":"Village","CC_3":"NA","HASC_3":"NA"},"geometry":{"type":"MultiPolygon","coordinates":[[[[124.921257020000212,10.352780342000131],[124.926986694000107,10.360440255000185],[124.932189942000036,10.357390405000046],[124.93598175000011,10.343210221000106],[124.917678833000309,10.334190368000122],[124.91844177300004,10.335800171000187],[124.91898345900006,10.336600304],[124.919082641000159,10.336979865999979],[124.919403076000094,10.337759973000118],[124.920440674000133,10.340129852000018],[124.920631408000077,10.341090202000089],[124.920326234000072,10.342359543000043],[124.919609070000092,10.342729568000038],[124.91898345900006,10.343429566],[124.918823241000155,10.344070436000095],[124.918876648000037,10.344739915000162],[124.919357301000105,10.34560966500004],[124.919921875000114,10.346570016000157],[124.920570373000146,10.347279549000177],[124.921333314000094,10.348500251000075],[124.921676635000154,10.349499703],[124.921783447000166,10.349940301000061],[124.921806336000145,10.350740433000169],[124.921958923000034,10.351320268000109],[124.921257020000212,10.352780342000131]]]]}},
{"type":"Feature","properties":{"fid":46,"GID_3":"PHL.71.2.32_1","GID_0":"PHL","COUNTRY":"Philippines","GID_1":"PHL.71_1","NAME_1":"Southern Leyte","NL_NAME_1":"NA","GID_2":"PHL.71.2_1","NAME_2":"Bontoc","NL_NAME_2":"NA","NAME_3":"San Ramon","VARNAME_3":"NA","NL_NAME_3":"NA","TYPE_3":"Barangay","ENGTYPE_3":"Village","CC_3":"NA","HASC_3":"NA"},"geometry":{"type":"MultiPolygon","coordinates":[[[[124.962516784000059,10.360389710000163],[124.959228515000063,10.352660179],[124.956138610000039,10.352410317000135],[124.953170776000206,10.353520394000043],[124.953239441000051,10.355959893000033],[124.95449829000006,10.358380319000105],[124.954223632000094,10.359299660000033],[124.953781129000163,10.361729621000109],[124.954010010000161,10.362879753000072],[124.956970216000173,10.362899781000124],[124.95881652800017,10.362270356000181],[124.96118927100008,10.360950470000034],[124.962516784000059,10.360389710000163]]]]}},
{"type":"Feature","properties":{"fid":47,"GID_3":"PHL.71.2.33_1","GID_0":"PHL","COUNTRY":"Philippines","GID_1":"PHL.71_1","NAME_1":"Southern Leyte","NL_NAME_1":"NA","GID_2":"PHL.71.2_1","NAME_2":"Bontoc","NL_NAME_2":"NA","NAME_3":"San Vicente","VARNAME_3":"NA","NL_NAME_3":"NA","TYPE_3":"Barangay","ENGTYPE_3":"Village","CC_3":"NA","HASC_3":"NA"},"geometry":{"type":"MultiPolygon","coordinates":[[[[124.93598175000011,10.343210221000106],[124.938209534000066,10.344420433000039],[124.939659120000101,10.343219756000053],[124.942047119000222,10.343890190000138],[124.946189881,10.345549583000036],[124.950698852000073,10.342809677000162],[124.952903748000153,10.34138012000011],[124.954566956,10.34111023000014],[124.955352783000194,10.341239929000153],[124.95686340400016,10.340660096000022],[124.955207824000013,10.33998012700016],[124.953887939000083,10.338789941000073],[124.954277038000214,10.33728027300009],[124.953247069000213,10.336219788000164],[124.951301575000116,10.334759712000164],[124.947776795000209,10.332779884000104],[124.945899963000102,10.333700180000051],[124.944198608000193,10.334380150000186],[124.942306519000226,10.334859849000168],[124.940353393,10.3360700610001],[124.940246582000213,10.337759973000118],[124.939956664000192,10.340040207000186],[124.939086913000097,10.340160370000092],[124.937522887000114,10.340490341000077],[124.936599732000104,10.341409684000041],[124.93598175000011,10.343210221000106]]]]}},
{"type":"Feature","properties":{"fid":48,"GID_3":"PHL.71.2.34_1","GID_0":"PHL","COUNTRY":"Philippines","GID_1":"PHL.71_1","NAME_1":"Southern Leyte","NL_NAME_1":"NA","GID_2":"PHL.71.2_1","NAME_2":"Bontoc","NL_NAME_2":"NA","NAME_3":"Santa Cruz","VARNAME_3":"NA","NL_NAME_3":"NA","TYPE_3":"Barangay","ENGTYPE_3":"Village","CC_3":"NA","HASC_3":"NA"},"geometry":{"type":"MultiPolygon","coordinates":[[[[124.968711854000162,10.372850417000109],[124.968482971000299,10.372859954999967],[124.961669921000066,10.373259544000121],[124.95359802300004,10.373279572000172],[124.953506469000104,10.380249977],[124.955718995000097,10.381010057000026],[124.957550048000144,10.381290435000153],[124.959587096000064,10.381449700000076],[124.961196899000015,10.381380082000021],[124.963508605000129,10.38097000199997],[124.965560914000207,10.38074970200006],[124.967216491000158,10.381389616999968],[124.970428467000147,10.377679826000076],[124.970336915000075,10.37755966300017],[124.969169618000024,10.376390458000174],[124.969169618000024,10.376110077000135],[124.96888732900004,10.375829697000029],[124.96888732900004,10.375559807000059],[124.968612671000187,10.375280381000039],[124.968612671000187,10.375],[124.968650818000242,10.373970032000102],[124.968650818000242,10.373000144000116],[124.968711854000162,10.372850417000109]]]]}},
{"type":"Feature","properties":{"fid":49,"GID_3":"PHL.71.2.35_1","GID_0":"PHL","COUNTRY":"Philippines","GID_1":"PHL.71_1","NAME_1":"Southern Leyte","NL_NAME_1":"NA","GID_2":"PHL.71.2_1","NAME_2":"Bontoc","NL_NAME_2":"NA","NAME_3":"Santo Niño","VARNAME_3":"NA","NL_NAME_3":"NA","TYPE_3":"Barangay","ENGTYPE_3":"Village","CC_3":"NA","HASC_3":"NA"},"geometry":{"type":"MultiPolygon","coordinates":[[[[124.973953247000168,10.345769883000116],[124.969947814000079,10.344579697000086],[124.966903687000013,10.344090462000167],[124.963668823000035,10.345479965000095],[124.965766906000226,10.346870422000165],[124.968238831,10.348230363000141],[124.973152162000019,10.350190163000093],[124.973892212000123,10.350560188000088],[124.97416687000009,10.350279809000085],[124.97416687000009,10.350000381000029],[124.974693299000023,10.349470139000061],[124.975387574000024,10.348569870000063],[124.975669860000153,10.347949983000035],[124.975532531000226,10.347530366000058],[124.975112916000057,10.347330093999972],[124.974548340000069,10.34696960399998],[124.974342345000196,10.346839906000127],[124.974067687000343,10.346150398000077],[124.973953247000168,10.345769883000116]]]]}},
{"type":"Feature","properties":{"fid":50,"GID_3":"PHL.71.2.36_1","GID_0":"PHL","COUNTRY":"Philippines","GID_1":"PHL.71_1","NAME_1":"Southern Leyte","NL_NAME_1":"NA","GID_2":"PHL.71.2_1","NAME_2":"Bontoc","NL_NAME_2":"NA","NAME_3":"Taa","VARNAME_3":"NA","NL_NAME_3":"NA","TYPE_3":"Barangay","ENGTYPE_3":"Village","CC_3":"NA","HASC_3":"NA"},"geometry":{"type":"MultiPolygon","coordinates":[[[[124.930656433000081,10.397399902000132],[124.929977416000156,10.39844989900007],[124.945053100000109,10.412500382000076],[124.946548463000113,10.409629823000159],[124.952636718,10.40071010500003],[124.949623107000207,10.3981800090001],[124.949272155000131,10.397919654000134],[124.948272706000125,10.397339822000163],[124.947692871000186,10.397080421999988],[124.946342468000125,10.396349908000104],[124.945289611000135,10.395660400999986],[124.945159913000225,10.39484977799998],[124.945190429000036,10.39408016200008],[124.945159913000225,10.393690109000033],[124.944580078000058,10.392399788000148],[124.944168091000051,10.392359734000024],[124.943748474000017,10.393099786000164],[124.943168640000067,10.393699646000073],[124.942016601000205,10.394559860000186],[124.940887450000105,10.39509010400019],[124.938926696000067,10.395489693000115],[124.938232423000045,10.39597034500008],[124.937232971000185,10.396499635000168],[124.936691283000073,10.396590232000108],[124.935218812000016,10.396929741000065],[124.934730529000035,10.397020339999983],[124.933029174000012,10.397299768000039],[124.930656433000081,10.397399902000132]]]]}},
{"type":"Feature","properties":{"fid":51,"GID_3":"PHL.71.2.37_1","GID_0":"PHL","COUNTRY":"Philippines","GID_1":"PHL.71_1","NAME_1":"Southern Leyte","NL_NAME_1":"NA","GID_2":"PHL.71.2_1","NAME_2":"Bontoc","NL_NAME_2":"NA","NAME_3":"Talisay","VARNAME_3":"NA","NL_NAME_3":"NA","TYPE_3":"Barangay","ENGTYPE_3":"Village","CC_3":"NA","HASC_3":"NA"},"geometry":{"type":"MultiPolygon","coordinates":[[[[124.954711915000075,10.367110253000135],[124.961982726000087,10.36728954400013],[124.970016480000254,10.365610123000181],[124.971008301000211,10.365429879000033],[124.971107483000196,10.364999772000033],[124.971107483000196,10.362259865999988],[124.971099853000283,10.361220360000175],[124.970886231,10.360250474],[124.970260621000079,10.359490396000183],[124.969772339000087,10.358449937000159],[124.969642640000075,10.357150079000064],[124.969482422000169,10.357250214000089],[124.96613311800013,10.358409883000036],[124.964668274000019,10.358799934000103],[124.963401795000209,10.359399797000037],[124.962516784000059,10.360389710000163],[124.96118927100008,10.360950470000034],[124.95881652800017,10.362270356000181],[124.956970216000173,10.362899781000124],[124.954010010000161,10.362879753000072],[124.954483032000212,10.365679741000065],[124.954711915000075,10.367110253000135]]]]}},
{"type":"Feature","properties":{"fid":52,"GID_3":"PHL.71.2.38_1","GID_0":"PHL","COUNTRY":"Philippines","GID_1":"PHL.71_1","NAME_1":"Southern Leyte","NL_NAME_1":"NA","GID_2":"PHL.71.2_1","NAME_2":"Bontoc","NL_NAME_2":"NA","NAME_3":"Taytagan","VARNAME_3":"NA","NL_NAME_3":"NA","TYPE_3":"Barangay","ENGTYPE_3":"Village","CC_3":"NA","HASC_3":"NA"},"geometry":{"type":"MultiPolygon","coordinates":[[[[124.953712463000102,10.37158012500015],[124.953903198000035,10.370770455000127],[124.954711915000075,10.367110253000135],[124.954483032000212,10.365679741000065],[124.954010010000161,10.362879753000072],[124.953781129000163,10.361729621000109],[124.954223632000094,10.359299660000033],[124.95449829000006,10.358380319000105],[124.953239441000051,10.355959893000033],[124.953170776000206,10.353520394000043],[124.952133179000043,10.352860450000151],[124.950141906000226,10.352910043000065],[124.946243286000026,10.355690003000063],[124.943962097000053,10.35618972900005],[124.94249725300017,10.356240274000015],[124.941169738000212,10.356800079999971],[124.940643311000031,10.357239723000021],[124.939987183000085,10.357839584000033],[124.939933778000068,10.358130455000037],[124.939392090000183,10.359439851],[124.939002991000052,10.360520364000138],[124.938400268,10.361660003],[124.939453125000341,10.363430023000092],[124.939689636000139,10.364930153000046],[124.93881225500013,10.366109849000168],[124.938179016000049,10.368240356000115],[124.939842224000131,10.368450166000059],[124.941993714000319,10.369640351000044],[124.941589355000019,10.370860099000083],[124.940719605000027,10.371399879000137],[124.939682006000226,10.372280121000131],[124.953712463000102,10.37158012500015]]]]}},
{"type":"Feature","properties":{"fid":53,"GID_3":"PHL.71.2.39_1","GID_0":"PHL","COUNTRY":"Philippines","GID_1":"PHL.71_1","NAME_1":"Southern Leyte","NL_NAME_1":"NA","GID_2":"PHL.71.2_1","NAME_2":"Bontoc","NL_NAME_2":"NA","NAME_3":"Tuburan","VARNAME_3":"NA","NL_NAME_3":"NA","TYPE_3":"Barangay","ENGTYPE_3":"Village","CC_3":"NA","HASC_3":"NA"},"geometry":{"type":"MultiPolygon","coordinates":[[[[124.95359802300004,10.373279572000172],[124.953712463000102,10.37158012500015],[124.939682006000226,10.372280121000131],[124.939361573000042,10.372630119000178],[124.939537049000023,10.374139785000182],[124.940979004000042,10.376139641000123],[124.941810608000083,10.3767900470001],[124.942787171000191,10.38047981200009],[124.943031311000141,10.381990433000112],[124.943313599000021,10.38272953000012],[124.944023132000211,10.384309769000026],[124.953506469000104,10.380249977],[124.95359802300004,10.373279572000172]]]]}},
{"type":"Feature","properties":{"fid":54,"GID_3":"PHL.71.2.40_1","GID_0":"PHL","COUNTRY":"Philippines","GID_1":"PHL.71_1","NAME_1":"Southern Leyte","NL_NAME_1":"NA","GID_2":"PHL.71.2_1","NAME_2":"Bontoc","NL_NAME_2":"NA","NAME_3":"Union","VARNAME_3":"NA","NL_NAME_3":"NA","TYPE_3":"Barangay","ENGTYPE_3":"Village","CC_3":"NA","HASC_3":"NA"},"geometry":{"type":"MultiPolygon","coordinates":[[[[124.958549500000231,10.332989692000069],[124.960250855000027,10.333840371],[124.961647033000077,10.333970070000021],[124.961776734000068,10.334480286000144],[124.961746215000176,10.336079597000037],[124.964591981000012,10.335969926000075],[124.965522767000152,10.336009979000096],[124.965232848000028,10.338359833000027],[124.966590882000332,10.338640214000065],[124.967681885000275,10.338910103999979],[124.969520569000224,10.339489936],[124.972480773000143,10.340250015000095],[124.974639892000027,10.340570450000087],[124.974342345000196,10.339449882000054],[124.974311829000158,10.338939668000137],[124.974273682000103,10.338339805000146],[124.973937989000092,10.338100434000182],[124.973510741000268,10.337789536],[124.973510741000268,10.337140084000112],[124.973510741000268,10.336199760000113],[124.973228455000026,10.335849763],[124.972953797000059,10.3346099850001],[124.972526550000111,10.333849907000115],[124.972518920000198,10.333680153999978],[124.972358704000044,10.333569527000179],[124.954658508000193,10.3275003440001],[124.954521179000039,10.32808971500009],[124.954437255000244,10.328419685000028],[124.956130982000104,10.329919814999982],[124.956588746000193,10.330329894999977],[124.957817078000062,10.330920220000053],[124.958633424000027,10.332079887000191],[124.958602905000134,10.332400322000126],[124.958549500000231,10.332989692000069]]]]}},
{"type":"Feature","properties":{"fid":55,"GID_3":"PHL.71.3.1_1","GID_0":"PHL","COUNTRY":"Philippines","GID_1":"PHL.71_1","NAME_1":"Southern Leyte","NL_NAME_1":"NA","GID_2":"PHL.71.3_1","NAME_2":"Hinunangan","NL_NAME_2":"NA","NAME_3":"Ambacon","VARNAME_3":"NA","NL_NAME_3":"NA","TYPE_3":"Barangay","ENGTYPE_3":"Village","CC_3":"NA","HASC_3":"NA"},"geometry":{"type":"MultiPolygon","coordinates":[[[[125.185173035000048,10.408220292000124],[125.186157226000205,10.402290344000107],[125.183227538000097,10.402310371999988],[125.179023744000233,10.40102005000017],[125.177803039000082,10.400139808000176],[125.175216675000115,10.398380281000186],[125.173797607000097,10.397239685000102],[125.170578003000173,10.397029876999966],[125.16824340900007,10.397979737000071],[125.167518615000176,10.400329590000069],[125.165451050000229,10.400460243000111],[125.163406372000168,10.401889801000095],[125.171760559000177,10.406929969000032],[125.179420472000061,10.406940460000101],[125.185173035000048,10.408220292000124]]]]}},
{"type":"Feature","properties":{"fid":56,"GID_3":"PHL.71.3.2_1","GID_0":"PHL","COUNTRY":"Philippines","GID_1":"PHL.71_1","NAME_1":"Southern Leyte","NL_NAME_1":"NA","GID_2":"PHL.71.3_1","NAME_2":"Hinunangan","NL_NAME_2":"NA","NAME_3":"Badiangon","VARNAME_3":"NA","NL_NAME_3":"NA","TYPE_3":"Barangay","ENGTYPE_3":"Village","CC_3":"NA","HASC_3":"NA"},"geometry":{"type":"MultiPolygon","coordinates":[[[[125.207496643000013,10.392310144000021],[125.207496643000013,10.39221954400017],[125.208053589000087,10.391670227000077],[125.20834350500013,10.391670227000077],[125.208610535000162,10.391389846000095],[125.208610535000162,10.391110420000018],[125.209167481000236,10.390560150000169],[125.209716797000056,10.390560150000169],[125.209999085000163,10.390279771000166],[125.209999085000163,10.390000343000111],[125.210563659000172,10.389439582000023],[125.210563659000172,10.389169694000032],[125.210830689000204,10.388890266000033],[125.210830689000204,10.388609886000097],[125.211387635000051,10.388059617000124],[125.21166992100018,10.388059617000124],[125.211822511000037,10.387900352000031],[125.212547302000075,10.384280205000039],[125.212623596000299,10.383939744000031],[125.213172912000118,10.381159782000054],[125.206527710000046,10.380370140000082],[125.203697205000026,10.380610466000064],[125.20092773500005,10.383959770000104],[125.201576233000083,10.384380340000064],[125.20204162500022,10.386030197000082],[125.201629638000327,10.389439582000023],[125.202003478000165,10.390110016000051],[125.203468322000049,10.391169548000164],[125.207496643000013,10.392310144000021]]]]}},
{"type":"Feature","properties":{"fid":57,"GID_3":"PHL.71.3.3_1","GID_0":"PHL","COUNTRY":"Philippines","GID_1":"PHL.71_1","NAME_1":"Southern Leyte","NL_NAME_1":"NA","GID_2":"PHL.71.3_1","NAME_2":"Hinunangan","NL_NAME_2":"NA","NAME_3":"Bangcas A","VARNAME_3":"NA","NL_NAME_3":"NA","TYPE_3":"Barangay","ENGTYPE_3":"Village","CC_3":"NA","HASC_3":"NA"},"geometry":{"type":"MultiPolygon","coordinates":[[[[125.186157226000205,10.402290344000107],[125.185173035000048,10.408220292000124],[125.194877624000014,10.409569740000052],[125.195266723000145,10.409170151000126],[125.195266723000145,10.40861034500017],[125.19555664100028,10.408329964000131],[125.19555664100028,10.408060074000048],[125.195831299000133,10.407779694000112],[125.195831299000133,10.407500268000092],[125.196113587000013,10.407219887000053],[125.196113587000013,10.406940460000101],[125.196388245000207,10.406669616999977],[125.196388245000207,10.406390191000128],[125.19226074200003,10.403759956000044],[125.188697815000182,10.402589798],[125.186157226000205,10.402290344000107]]]]}},
{"type":"Feature","properties":{"fid":58,"GID_3":"PHL.71.3.4_1","GID_0":"PHL","COUNTRY":"Philippines","GID_1":"PHL.71_1","NAME_1":"Southern Leyte","NL_NAME_1":"NA","GID_2":"PHL.71.3_1","NAME_2":"Hinunangan","NL_NAME_2":"NA","NAME_3":"Bangcas B","VARNAME_3":"NA","NL_NAME_3":"NA","TYPE_3":"Barangay","ENGTYPE_3":"Village","CC_3":"NA","HASC_3":"NA"},"geometry":{"type":"MultiPolygon","coordinates":[[[[125.185173035000048,10.408220292000124],[125.179420472000061,10.406940460000101],[125.171760559000177,10.406929969000032],[125.178176879000034,10.411930084000119],[125.193046571000082,10.413330079000048],[125.193046571000082,10.413060189000134],[125.193893433000198,10.41222000200014],[125.193893433000198,10.411939621000101],[125.194168091000165,10.411669731000188],[125.194168091000165,10.410829544000023],[125.194442749000132,10.410559654000053],[125.194442749000132,10.410280228000033],[125.194717407000098,10.409999848000098],[125.194717407000098,10.409720422000078],[125.194877624000014,10.409569740000052],[125.185173035000048,10.408220292000124]]]]}},
{"type":"Feature","properties":{"fid":59,"GID_3":"PHL.71.3.5_1","GID_0":"PHL","COUNTRY":"Philippines","GID_1":"PHL.71_1","NAME_1":"Southern Leyte","NL_NAME_1":"NA","GID_2":"PHL.71.3_1","NAME_2":"Hinunangan","NL_NAME_2":"NA","NAME_3":"Biasong","VARNAME_3":"NA","NL_NAME_3":"NA","TYPE_3":"Barangay","ENGTYPE_3":"Village","CC_3":"NA","HASC_3":"NA"},"geometry":{"type":"MultiPolygon","coordinates":[[[[125.220413208000195,10.382450104000043],[125.221527100000117,10.382010461],[125.222023011000033,10.381810189000134],[125.222091675000229,10.382080079000104],[125.222221375000117,10.382499694000103],[125.222671509000065,10.383609771000181],[125.222816468000246,10.383760453000036],[125.222976684000173,10.383769989000143],[125.221687318000249,10.37662029400019],[125.220832825000343,10.372320175000084],[125.217987060000155,10.368009568000048],[125.217498779000039,10.371190072000104],[125.217216491000045,10.372130394000123],[125.216613770000095,10.372850417000109],[125.21549987800006,10.375379563000081],[125.214576722000061,10.377369881000106],[125.214370728000063,10.378089904999968],[125.21372223000003,10.379679679999981],[125.215316772000051,10.380470277000143],[125.219146729000272,10.382149696000056],[125.220413208000195,10.382450104000043]]]]}},
{"type":"Feature","properties":{"fid":60,"GID_3":"PHL.71.3.6_1","GID_0":"PHL","COUNTRY":"Philippines","GID_1":"PHL.71_1","NAME_1":"Southern Leyte","NL_NAME_1":"NA","GID_2":"PHL.71.3_1","NAME_2":"Hinunangan","NL_NAME_2":"NA","NAME_3":"Bugho","VARNAME_3":"NA","NL_NAME_3":"NA","TYPE_3":"Barangay","ENGTYPE_3":"Village","CC_3":"NA","HASC_3":"NA"},"geometry":{"type":"MultiPolygon","coordinates":[[[[125.216613770000095,10.372850417000109],[125.217216491000045,10.372130394000123],[125.217498779000039,10.371190072000104],[125.217987060000155,10.368009568000048],[125.216239930000029,10.365750312000159],[125.213760376000209,10.361599922000096],[125.208190918000014,10.356209755000066],[125.209617615000184,10.367030144000182],[125.210609436000141,10.368929863000062],[125.213088990000074,10.372039794000045],[125.214019776000214,10.372579574000156],[125.216613770000095,10.372850417000109]]]]}},
{"type":"Feature","properties":{"fid":61,"GID_3":"PHL.71.3.7_1","GID_0":"PHL","COUNTRY":"Philippines","GID_1":"PHL.71_1","NAME_1":"Southern Leyte","NL_NAME_1":"NA","GID_2":"PHL.71.3_1","NAME_2":"Hinunangan","NL_NAME_2":"NA","NAME_3":"Calag-Itan","VARNAME_3":"NA","NL_NAME_3":"NA","TYPE_3":"Barangay","ENGTYPE_3":"Village","CC_3":"NA","HASC_3":"NA"},"geometry":{"type":"MultiPolygon","coordinates":[[[[125.1799926770002,10.436050416000114],[125.179908753000177,10.433259965000104],[125.179908753000177,10.432640076000041],[125.179489136000029,10.431539535000184],[125.179489136000029,10.430780411000114],[125.179206848000149,10.429260253000052],[125.180267334000064,10.428609848000178],[125.180267334000064,10.428330422000158],[125.180557251000209,10.428059579000035],[125.180557251000209,10.427780150999979],[125.180831909000176,10.4274997710001],[125.180831909000176,10.427220345000023],[125.181106567000029,10.426939964000042],[125.181106567000029,10.426670074000072],[125.181678771000065,10.426099777000047],[125.178459167000142,10.425399780000134],[125.171630860000164,10.425620080000044],[125.170272826000087,10.425129892000029],[125.168876648000037,10.425310135000075],[125.165077210000049,10.428119659],[125.160743712000112,10.434740067000178],[125.15297699100006,10.441980362000152],[125.155937195000092,10.441969871000083],[125.156272888000217,10.441969871000083],[125.158897401000218,10.441960334999976],[125.16383361700025,10.441699981000113],[125.168922425000119,10.439579964000131],[125.173973084000181,10.437970161000067],[125.1799926770002,10.436050416000114]]]]}},
{"type":"Feature","properties":{"fid":62,"GID_3":"PHL.71.3.8_1","GID_0":"PHL","COUNTRY":"Philippines","GID_1":"PHL.71_1","NAME_1":"Southern Leyte","NL_NAME_1":"NA","GID_2":"PHL.71.3_1","NAME_2":"Hinunangan","NL_NAME_2":"NA","NAME_3":"Calayugan","VARNAME_3":"NA","NL_NAME_3":"NA","TYPE_3":"Barangay","ENGTYPE_3":"Village","CC_3":"NA","HASC_3":"NA"},"geometry":{"type":"MultiPolygon","coordinates":[[[[125.183029174000012,10.388279915000055],[125.181060792000039,10.388319969000179],[125.180030823000152,10.387649536000026],[125.176879883000083,10.388629914000148],[125.170761109000068,10.39221954400017],[125.193496704000154,10.394490241000028],[125.193542481000122,10.392569541000057],[125.18678283700001,10.3872499470001],[125.186431886000037,10.388400078000132],[125.185470581000118,10.389369964000082],[125.18373107900004,10.388939858000015],[125.183029174000012,10.388279915000055]]]]}},
{"type":"Feature","properties":{"fid":63,"GID_3":"PHL.71.3.9_1","GID_0":"PHL","COUNTRY":"Philippines","GID_1":"PHL.71_1","NAME_1":"Southern Leyte","NL_NAME_1":"NA","GID_2":"PHL.71.3_1","NAME_2":"Hinunangan","NL_NAME_2":"NA","NAME_3":"Calinao","VARNAME_3":"NA","NL_NAME_3":"NA","TYPE_3":"Barangay","ENGTYPE_3":"Village","CC_3":"NA","HASC_3":"NA"},"geometry":{"type":"MultiPolygon","coordinates":[[[[125.111717225000234,10.432470321000096],[125.112220764000085,10.43021965000014],[125.113601685000049,10.426679612000157],[125.114852905000021,10.422499656000184],[125.115341187000013,10.416480064000041],[125.102058410000154,10.41497039800015],[125.078598023000154,10.411370277000117],[125.077392579000048,10.425880432000099],[125.096122742000034,10.429940225000053],[125.103302003000067,10.430979729000057],[125.111717225000234,10.432470321000096]]]]}},
{"type":"Feature","properties":{"fid":64,"GID_3":"PHL.71.3.10_1","GID_0":"PHL","COUNTRY":"Philippines","GID_1":"PHL.71_1","NAME_1":"Southern Leyte","NL_NAME_1":"NA","GID_2":"PHL.71.3_1","NAME_2":"Hinunangan","NL_NAME_2":"NA","NAME_3":"Canipaan","VARNAME_3":"NA","NL_NAME_3":"NA","TYPE_3":"Barangay","ENGTYPE_3":"Village","CC_3":"NA","HASC_3":"NA"},"geometry":{"type":"MultiPolygon","coordinates":[[[[125.185951233000083,10.420530319000022],[125.186378479000268,10.420089721000181],[125.186859131000119,10.419699670000114],[125.187232971000071,10.419170380000025],[125.187767029000042,10.418609619000108],[125.188056945000085,10.418609619000108],[125.18833160500003,10.418330193000088],[125.188606263000224,10.418330193000088],[125.188888549000126,10.418060303000118],[125.189163209000071,10.418060303000118],[125.189712525000118,10.417499541999973],[125.18534851000004,10.415920258000085],[125.181259156000124,10.413769722000097],[125.179908753000177,10.417519570000024],[125.181259156000124,10.418869973000142],[125.185256958000082,10.419799804999968],[125.185951233000083,10.420530319000022]]]]}},
{"type":"Feature","properties":{"fid":65,"GID_3":"PHL.71.3.11_1","GID_0":"PHL","COUNTRY":"Philippines","GID_1":"PHL.71_1","NAME_1":"Southern Leyte","NL_NAME_1":"NA","GID_2":"PHL.71.3_1","NAME_2":"Hinunangan","NL_NAME_2":"NA","NAME_3":"Catublian","VARNAME_3":"NA","NL_NAME_3":"NA","TYPE_3":"Barangay","ENGTYPE_3":"Village","CC_3":"NA","HASC_3":"NA"},"geometry":{"type":"MultiPolygon","coordinates":[[[[125.170761109000068,10.39221954400017],[125.176879883000083,10.388629914000148],[125.180030823000152,10.387649536000026],[125.181060792000039,10.388319969000179],[125.183029174000012,10.388279915000055],[125.185447692000139,10.382909776000076],[125.186607362000132,10.381179810000106],[125.185417176000101,10.379969598000173],[125.183486938000215,10.38004016900004],[125.171043395000083,10.379449843999964],[125.170761109000068,10.39221954400017]]]]}},
{"type":"Feature","properties":{"fid":66,"GID_3":"PHL.71.3.12_1","GID_0":"PHL","COUNTRY":"Philippines","GID_1":"PHL.71_1","NAME_1":"Southern Leyte","NL_NAME_1":"NA","GID_2":"PHL.71.3_1","NAME_2":"Hinunangan","NL_NAME_2":"NA","NAME_3":"Ilaya","VARNAME_3":"NA","NL_NAME_3":"NA","TYPE_3":"Barangay","ENGTYPE_3":"Village","CC_3":"NA","HASC_3":"NA"},"geometry":{"type":"MultiPolygon","coordinates":[[[[125.129882813000108,10.372540475],[125.13894653300008,10.374030113000174],[125.145263672000056,10.376270295000097],[125.146537781,10.374959946000104],[125.148208618000012,10.373660088],[125.149490357000104,10.373080253000069],[125.151481628000056,10.370869637000169],[125.15174102800006,10.369090080999968],[125.153091431,10.36464977300011],[125.155357360000153,10.361450195000089],[125.156608581000228,10.358469963000061],[125.155990600000109,10.355910301000165],[125.15528869700006,10.353349686000115],[125.15297699100006,10.351329804000159],[125.152183533000198,10.351289749000159],[125.15145874000018,10.35054969700019],[125.150810242000148,10.350219727000081],[125.149887086000149,10.347990037000159],[125.150138855000137,10.347069741000041],[125.147811889000309,10.34537983000007],[125.146507263000217,10.345009805000132],[125.146293640000181,10.343509675000178],[125.145263672000056,10.341199874000097],[125.143852233000075,10.337530137000158],[125.143180847000167,10.339229584000122],[125.137130738000224,10.352809906000061],[125.134933473000046,10.358119964000139],[125.131858826000098,10.365710258000036],[125.129882813000108,10.372540475]]]]}},
{"type":"Feature","properties":{"fid":67,"GID_3":"PHL.71.3.13_1","GID_0":"PHL","COUNTRY":"Philippines","GID_1":"PHL.71_1","NAME_1":"Southern Leyte","NL_NAME_1":"NA","GID_2":"PHL.71.3_1","NAME_2":"Hinunangan","NL_NAME_2":"NA","NAME_3":"Ingan","VARNAME_3":"NA","NL_NAME_3":"NA","TYPE_3":"Barangay","ENGTYPE_3":"Village","CC_3":"NA","HASC_3":"NA"},"geometry":{"type":"MultiPolygon","coordinates":[[[[125.1799926770002,10.436050416000114],[125.173973084000181,10.437970161000067],[125.168922425000119,10.439579964000131],[125.16383361700025,10.441699981000113],[125.173576356000012,10.44476986],[125.17893982000021,10.446579934000056],[125.185836793000021,10.450030326000046],[125.185836793000021,10.449720383999988],[125.185546875000227,10.449440003000177],[125.185546875000227,10.448889733000101],[125.185279847000174,10.448610307000081],[125.185279847000174,10.448060036000129],[125.184997559000067,10.447779656000023],[125.184997559000067,10.447219849000135],[125.185279847000174,10.446940422000011],[125.185279847000174,10.445280076000131],[125.185546875000227,10.444999695000092],[125.185546875000227,10.444439888999966],[125.187271118000012,10.442720414000064],[125.187767029000042,10.442219735000151],[125.187767029000042,10.441940307000095],[125.18763733000003,10.441809654000053],[125.187500001000217,10.441670417000182],[125.187500001000217,10.441390039000055],[125.188056945000085,10.440830230000188],[125.187767029000042,10.440830230000188],[125.187232971000071,10.440279962000147],[125.186668397000062,10.440279962000147],[125.185836793000021,10.439439775000153],[125.185546875000227,10.439439775000153],[125.184997559000067,10.438890457000184],[125.182777405000024,10.438890457000184],[125.182220459000177,10.438329698000075],[125.181663513000103,10.438329698000075],[125.180557251000209,10.437219621000168],[125.180557251000209,10.436940193000112],[125.180000305000135,10.436389924000139],[125.1799926770002,10.436050416000114]]]]}},
{"type":"Feature","properties":{"fid":68,"GID_3":"PHL.71.3.14_1","GID_0":"PHL","COUNTRY":"Philippines","GID_1":"PHL.71_1","NAME_1":"Southern Leyte","NL_NAME_1":"NA","GID_2":"PHL.71.3_1","NAME_2":"Hinunangan","NL_NAME_2":"NA","NAME_3":"Labrador","VARNAME_3":"NA","NL_NAME_3":"NA","TYPE_3":"Barangay","ENGTYPE_3":"Village","CC_3":"NA","HASC_3":"NA"},"geometry":{"type":"MultiPolygon","coordinates":[[[[125.207496643000013,10.392310144000021],[125.203468322000049,10.391169548000164],[125.202003478000165,10.390110016000051],[125.201629638000327,10.389439582000023],[125.20204162500022,10.386030197000082],[125.201576233000083,10.384380340000064],[125.20092773500005,10.383959770000104],[125.199623109000299,10.384039879000056],[125.198799133000193,10.385109902000067],[125.197067262000132,10.386590004000141],[125.196090699000024,10.386529923000012],[125.195236206000118,10.388070108000022],[125.1936874390002,10.391090394000173],[125.203903197000045,10.395270348000167],[125.204437255000016,10.394720076999988],[125.204963684000177,10.394720076999988],[125.205177307000099,10.39453983300001],[125.206108093000239,10.39361],[125.206306457000096,10.39361],[125.206390381000119,10.39361],[125.206596374000014,10.393400193000048],[125.207496643000013,10.392499923000173],[125.207496643000013,10.392310144000021]]]]}},
{"type":"Feature","properties":{"fid":69,"GID_3":"PHL.71.3.15_1","GID_0":"PHL","COUNTRY":"Philippines","GID_1":"PHL.71_1","NAME_1":"Southern Leyte","NL_NAME_1":"NA","GID_2":"PHL.71.3_1","NAME_2":"Hinunangan","NL_NAME_2":"NA","NAME_3":"Libas","VARNAME_3":"NA","NL_NAME_3":"NA","TYPE_3":"Barangay","ENGTYPE_3":"Village","CC_3":"NA","HASC_3":"NA"},"geometry":{"type":"MultiPolygon","coordinates":[[[[125.145263672000056,10.376270295000097],[125.13894653300008,10.374030113000174],[125.129882813000108,10.372540475],[125.127723695000213,10.376640320000035],[125.111213684000063,10.375610350999978],[125.110717773000147,10.377169609000077],[125.108436584000174,10.381609917000105],[125.107658387000129,10.383990289000053],[125.106903077000197,10.38675022100017],[125.107643127000074,10.389120102000049],[125.110122680000018,10.390299797000011],[125.112213135000047,10.392760277000036],[125.112579345000199,10.396169662000148],[125.113510131000112,10.399089813999979],[125.11431884700005,10.400230408000027],[125.115882873000146,10.401089668000054],[125.116287232000104,10.402899743000035],[125.116561889000195,10.40497970500013],[125.125450134000062,10.405409813000063],[125.132232666000164,10.404479981],[125.132072449000134,10.403820038000049],[125.131332397000165,10.401459695000028],[125.132598876000088,10.399419785000021],[125.134986878000063,10.39768981900005],[125.139503479000155,10.39741039300003],[125.1414184570001,10.395440101000077],[125.141212464000091,10.393719673000021],[125.13932037300026,10.392120362000128],[125.138557435000052,10.389599800000099],[125.137969970000199,10.388130188],[125.136940002000074,10.385760307000112],[125.139953613000102,10.382969856000102],[125.141296386000249,10.381770135000011],[125.141326905000028,10.379429818000119],[125.145263672000056,10.376270295000097]]]]}},
{"type":"Feature","properties":{"fid":70,"GID_3":"PHL.71.3.16_1","GID_0":"PHL","COUNTRY":"Philippines","GID_1":"PHL.71_1","NAME_1":"Southern Leyte","NL_NAME_1":"NA","GID_2":"PHL.71.3_1","NAME_2":"Hinunangan","NL_NAME_2":"NA","NAME_3":"Lumbog","VARNAME_3":"NA","NL_NAME_3":"NA","TYPE_3":"Barangay","ENGTYPE_3":"Village","CC_3":"NA","HASC_3":"NA"},"geometry":{"type":"MultiPolygon","coordinates":[[[[125.115341187000013,10.416480064000041],[125.114852905000021,10.422499656000184],[125.113601685000049,10.426679612000157],[125.112220764000085,10.43021965000014],[125.111717225000234,10.432470321000096],[125.109260560000052,10.437120439000125],[125.10906982400013,10.439000129000021],[125.107353210000042,10.440259933000164],[125.107002259000069,10.442870141000128],[125.105926514000089,10.447690011000134],[125.105468750000114,10.450409889000127],[125.106536865000066,10.454819680000014],[125.114227295000092,10.45316028600007],[125.119781495000097,10.451510430000155],[125.128562927000189,10.448390007000171],[125.136016846000075,10.446049690000052],[125.139137267000024,10.445500374000062],[125.145843506000119,10.443460466000033],[125.148323060000052,10.440999985000133],[125.150382996000189,10.438380243000097],[125.152076721000071,10.435009957000091],[125.152687072000049,10.431240083000091],[125.152870178000057,10.427900314000112],[125.15297699100006,10.424750329000119],[125.152687072000049,10.421210288000054],[125.152610779000042,10.416930200000138],[125.152557374000139,10.414389611000161],[125.151542664000203,10.411049842000125],[125.148231506000116,10.410440446000166],[125.144622802000185,10.41001987400017],[125.144767761000139,10.40839004500009],[125.144470215000069,10.405699731000027],[125.13970947200005,10.404520036000065],[125.135383606000232,10.404919625000161],[125.132232666000164,10.404479981],[125.125450134000062,10.405409813000063],[125.116561889000195,10.40497970500013],[125.116172791000167,10.406949997000083],[125.115478516000167,10.409230232000027],[125.115447997000047,10.411190034000185],[125.114982605000023,10.413410188000057],[125.115341187000013,10.416480064000041]]]]}},
{"type":"Feature","properties":{"fid":71,"GID_3":"PHL.71.3.17_1","GID_0":"PHL","COUNTRY":"Philippines","GID_1":"PHL.71_1","NAME_1":"Southern Leyte","NL_NAME_1":"NA","GID_2":"PHL.71.3_1","NAME_2":"Hinunangan","NL_NAME_2":"NA","NAME_3":"Manalog","VARNAME_3":"NA","NL_NAME_3":"NA","TYPE_3":"Barangay","ENGTYPE_3":"Village","CC_3":"NA","HASC_3":"NA"},"geometry":{"type":"MultiPolygon","coordinates":[[[[125.185417176000101,10.379969598000173],[125.186607362000132,10.381179810000106],[125.187721252000074,10.381890298000087],[125.189819335000038,10.381999971000027],[125.193977357000222,10.383609771000181],[125.200447083000086,10.374699594000049],[125.204849244000116,10.369099617000074],[125.204643249000014,10.367270470000165],[125.2034530640002,10.365929603000154],[125.203247071000305,10.364310264000039],[125.20295715300017,10.362799644000063],[125.202377318000231,10.360560416000055],[125.200706482000328,10.357959747000109],[125.197029113000099,10.353599548000034],[125.192497253000283,10.367230416000041],[125.185417176000101,10.379969598000173]]]]}},
{"type":"Feature","properties":{"fid":72,"GID_3":"PHL.71.3.18_1","GID_0":"PHL","COUNTRY":"Philippines","GID_1":"PHL.71_1","NAME_1":"Southern Leyte","NL_NAME_1":"NA","GID_2":"PHL.71.3_1","NAME_2":"Hinunangan","NL_NAME_2":"NA","NAME_3":"Manlico","VARNAME_3":"NA","NL_NAME_3":"NA","TYPE_3":"Barangay","ENGTYPE_3":"Village","CC_3":"NA","HASC_3":"NA"},"geometry":{"type":"MultiPolygon","coordinates":[[[[125.078598023000154,10.411370277000117],[125.102058410000154,10.41497039800015],[125.115341187000013,10.416480064000041],[125.114982605000023,10.413410188000057],[125.115447997000047,10.411190034000185],[125.115478516000167,10.409230232000027],[125.116172791000167,10.406949997000083],[125.116561889000195,10.40497970500013],[125.116287232000104,10.402899743000035],[125.115882873000146,10.401089668000054],[125.11431884700005,10.400230408000027],[125.113510131000112,10.399089813999979],[125.112579345000199,10.396169662000148],[125.112213135000047,10.392760277000036],[125.110122680000018,10.390299797000011],[125.107643127000074,10.389120102000049],[125.106903077000197,10.38675022100017],[125.107658387000129,10.383990289000053],[125.108436584000174,10.381609917000105],[125.110717773000147,10.377169609000077],[125.111213684000063,10.375610350999978],[125.086036682000213,10.374859811000078],[125.083526611000138,10.387280464000071],[125.081871034000187,10.395030022000185],[125.081848145000095,10.395159722000074],[125.081787110000164,10.395420075],[125.080810547000056,10.4000196450001],[125.078598023000154,10.411370277000117]]]]}},
{"type":"Feature","properties":{"fid":73,"GID_3":"PHL.71.3.19_1","GID_0":"PHL","COUNTRY":"Philippines","GID_1":"PHL.71_1","NAME_1":"Southern Leyte","NL_NAME_1":"NA","GID_2":"PHL.71.3_1","NAME_2":"Hinunangan","NL_NAME_2":"NA","NAME_3":"Matin-Ao","VARNAME_3":"NA","NL_NAME_3":"NA","TYPE_3":"Barangay","ENGTYPE_3":"Village","CC_3":"NA","HASC_3":"NA"},"geometry":{"type":"MultiPolygon","coordinates":[[[[125.15297699100006,10.441980362000152],[125.160743712000112,10.434740067000178],[125.165077210000049,10.428119659],[125.168876648000037,10.425310135000075],[125.170272826000087,10.425129892000029],[125.171630860000164,10.425620080000044],[125.173721313000215,10.413290024000048],[125.169929505000141,10.412469864000059],[125.151542664000203,10.411049842000125],[125.152557374000139,10.414389611000161],[125.152610779000042,10.416930200000138],[125.152687072000049,10.421210288000054],[125.15297699100006,10.424750329000119],[125.152870178000057,10.427900314000112],[125.152687072000049,10.431240083000091],[125.152076721000071,10.435009957000091],[125.150382996000189,10.438380243000097],[125.148323060000052,10.440999985000133],[125.145843506000119,10.443460466000033],[125.15297699100006,10.441980362000152]]]]}},
{"type":"Feature","properties":{"fid":74,"GID_3":"PHL.71.3.20_1","GID_0":"PHL","COUNTRY":"Philippines","GID_1":"PHL.71_1","NAME_1":"Southern Leyte","NL_NAME_1":"NA","GID_2":"PHL.71.3_1","NAME_2":"Hinunangan","NL_NAME_2":"NA","NAME_3":"Nava","VARNAME_3":"NA","NL_NAME_3":"NA","TYPE_3":"Barangay","ENGTYPE_3":"Village","CC_3":"NA","HASC_3":"NA"},"geometry":{"type":"MultiPolygon","coordinates":[[[[125.156181336000145,10.316040040000075],[125.154830933000198,10.310020448000103],[125.150138855000137,10.32227993000015],[125.148361207000107,10.32732009900019],[125.143852233000075,10.337530137000158],[125.145263672000056,10.341199874000097],[125.146293640000181,10.343509675000178],[125.146507263000217,10.345009805000132],[125.147811889000309,10.34537983000007],[125.150138855000137,10.347069741000041],[125.149887086000149,10.347990037000159],[125.150810242000148,10.350219727000081],[125.15145874000018,10.35054969700019],[125.152183533000198,10.351289749000159],[125.15297699100006,10.351329804000159],[125.15528869700006,10.353349686000115],[125.157341003000056,10.350259781000034],[125.164436340000293,10.346839906000127],[125.164649963000102,10.343150138000169],[125.165733338000109,10.34224033300012],[125.168579102000081,10.342229842000052],[125.170379639000089,10.344039916999975],[125.172737122000058,10.346799851000071],[125.173500060000038,10.340620042000069],[125.160522462000131,10.334650040000156],[125.156181336000145,10.316040040000075]]]]}},
{"type":"Feature","properties":{"fid":75,"GID_3":"PHL.71.3.21_1","GID_0":"PHL","COUNTRY":"Philippines","GID_1":"PHL.71_1","NAME_1":"Southern Leyte","NL_NAME_1":"NA","GID_2":"PHL.71.3_1","NAME_2":"Hinunangan","NL_NAME_2":"NA","NAME_3":"Nueva Esperanza","VARNAME_3":"NA","NL_NAME_3":"NA","TYPE_3":"Barangay","ENGTYPE_3":"Village","CC_3":"NA","HASC_3":"NA"},"geometry":{"type":"MultiPolygon","coordinates":[[[[125.15528869700006,10.353349686000115],[125.155990600000109,10.355910301000165],[125.156608581000228,10.358469963000061],[125.155357360000153,10.361450195000089],[125.153091431,10.36464977300011],[125.15174102800006,10.369090080999968],[125.151481628000056,10.370869637000169],[125.149490357000104,10.373080253000069],[125.148208618000012,10.373660088],[125.146537781,10.374959946000104],[125.145263672000056,10.376270295000097],[125.158042908000084,10.377490044000183],[125.160102845000097,10.373909950999973],[125.161018372000285,10.373550415000068],[125.163986207000107,10.37244033800016],[125.167427063000218,10.370180130000051],[125.168113708000078,10.368000030000132],[125.169197083000086,10.366700174000073],[125.167846680000025,10.365699769000116],[125.16541290300006,10.36721038800016],[125.164329528000167,10.366470338000056],[125.16314697200005,10.364239693000115],[125.164779664000093,10.361960412000087],[125.163948060000052,10.360269547000087],[125.162902831000338,10.357339860000081],[125.164962768,10.354109764000157],[125.164596558000085,10.352760316000058],[125.164512634000062,10.35037994400011],[125.165229797000165,10.348270416000162],[125.164436340000293,10.346839906000127],[125.157341003000056,10.350259781000034],[125.15528869700006,10.353349686000115]]]]}},
{"type":"Feature","properties":{"fid":76,"GID_3":"PHL.71.3.22_1","GID_0":"PHL","COUNTRY":"Philippines","GID_1":"PHL.71_1","NAME_1":"Southern Leyte","NL_NAME_1":"NA","GID_2":"PHL.71.3_1","NAME_2":"Hinunangan","NL_NAME_2":"NA","NAME_3":"Otama","VARNAME_3":"NA","NL_NAME_3":"NA","TYPE_3":"Barangay","ENGTYPE_3":"Village","CC_3":"NA","HASC_3":"NA"},"geometry":{"type":"MultiPolygon","coordinates":[[[[125.214370728000063,10.378089904999968],[125.214576722000061,10.377369881000106],[125.21549987800006,10.375379563000081],[125.216613770000095,10.372850417000109],[125.214019776000214,10.372579574000156],[125.213088990000074,10.372039794000045],[125.210609436000141,10.368929863000062],[125.209617615000184,10.367030144000182],[125.208190918000014,10.356209755000066],[125.205322266000167,10.353910447000089],[125.201957703000062,10.351349832000039],[125.197486877000301,10.348850250000169],[125.197029113000099,10.353599548000034],[125.200706482000328,10.357959747000109],[125.202377318000231,10.360560416000055],[125.20295715300017,10.362799644000063],[125.203247071000305,10.364310264000039],[125.2034530640002,10.365929603000154],[125.204643249000014,10.367270470000165],[125.204849244000116,10.369099617000074],[125.206512452000084,10.370459557000174],[125.209098816000164,10.372619628999985],[125.209861756,10.373809815000072],[125.210876464000194,10.374899865000032],[125.214370728000063,10.378089904999968]]]]}},
{"type":"Feature","properties":{"fid":77,"GID_3":"PHL.71.3.23_1","GID_0":"PHL","COUNTRY":"Philippines","GID_1":"PHL.71_1","NAME_1":"Southern Leyte","NL_NAME_1":"NA","GID_2":"PHL.71.3_1","NAME_2":"Hinunangan","NL_NAME_2":"NA","NAME_3":"Palongpong","VARNAME_3":"NA","NL_NAME_3":"NA","TYPE_3":"Barangay","ENGTYPE_3":"Village","CC_3":"NA","HASC_3":"NA"},"geometry":{"type":"MultiPolygon","coordinates":[[[[125.163406372000168,10.401889801000095],[125.165451050000229,10.400460243000111],[125.167518615000176,10.400329590000069],[125.16824340900007,10.397979737000071],[125.170578003000173,10.397029876999966],[125.170761109000068,10.39221954400017],[125.171043395000083,10.379449843999964],[125.158042908000084,10.377490044000183],[125.157447815000182,10.379529953000144],[125.158187865000173,10.381850244000191],[125.157432557000334,10.384719848000088],[125.154281617000038,10.386810304000051],[125.153266907000102,10.389679908000176],[125.152488708000078,10.392800332000093],[125.151588441000172,10.396289825000053],[125.149940491000052,10.399399758000072],[125.149383545000319,10.403920173000074],[125.158493042000032,10.403010368000025],[125.161567688000105,10.402609826000116],[125.163406372000168,10.401889801000095]]]]}},
{"type":"Feature","properties":{"fid":78,"GID_3":"PHL.71.3.24_1","GID_0":"PHL","COUNTRY":"Philippines","GID_1":"PHL.71_1","NAME_1":"Southern Leyte","NL_NAME_1":"NA","GID_2":"PHL.71.3_1","NAME_2":"Hinunangan","NL_NAME_2":"NA","NAME_3":"Panalaron","VARNAME_3":"NA","NL_NAME_3":"NA","TYPE_3":"Barangay","ENGTYPE_3":"Village","CC_3":"NA","HASC_3":"NA"},"geometry":{"type":"MultiPolygon","coordinates":[[[[125.171043395000083,10.379449843999964],[125.183486938000215,10.38004016900004],[125.183609009000065,10.343110086000081],[125.176353454000264,10.34138012000011],[125.173500060000038,10.340620042000069],[125.172737122000058,10.346799851000071],[125.171043395000083,10.379449843999964]]]]}},
{"type":"Feature","properties":{"fid":79,"GID_3":"PHL.71.3.25_1","GID_0":"PHL","COUNTRY":"Philippines","GID_1":"PHL.71_1","NAME_1":"Southern Leyte","NL_NAME_1":"NA","GID_2":"PHL.71.3_1","NAME_2":"Hinunangan","NL_NAME_2":"NA","NAME_3":"Patong","VARNAME_3":"NA","NL_NAME_3":"NA","TYPE_3":"Barangay","ENGTYPE_3":"Village","CC_3":"NA","HASC_3":"NA"},"geometry":{"type":"MultiPolygon","coordinates":[[[[125.183486938000215,10.38004016900004],[125.185417176000101,10.379969598000173],[125.192497253000283,10.367230416000041],[125.197029113000099,10.353599548000034],[125.197486877000301,10.348850250000169],[125.190399169000102,10.34566021],[125.183609009000065,10.343110086000081],[125.183486938000215,10.38004016900004]]]]}},
{"type":"Feature","properties":{"fid":80,"GID_3":"PHL.71.3.26_1","GID_0":"PHL","COUNTRY":"Philippines","GID_1":"PHL.71_1","NAME_1":"Southern Leyte","NL_NAME_1":"NA","GID_2":"PHL.71.3_1","NAME_2":"Hinunangan","NL_NAME_2":"NA","NAME_3":"Poblacion","VARNAME_3":"NA","NL_NAME_3":"NA","TYPE_3":"Barangay","ENGTYPE_3":"Village","CC_3":"NA","HASC_3":"NA"},"geometry":{"type":"MultiPolygon","coordinates":[[[[125.170578003000173,10.397029876999966],[125.173797607000097,10.397239685000102],[125.175216675000115,10.398380281000186],[125.177803039000082,10.400139808000176],[125.179023744000233,10.40102005000017],[125.183227538000097,10.402310371999988],[125.186157226000205,10.402290344000107],[125.188697815000182,10.402589798],[125.19226074200003,10.403759956000044],[125.196388245000207,10.406390191000128],[125.196662903000174,10.406109810000146],[125.196662903000174,10.405830383000023],[125.196952819000217,10.40555954000007],[125.196952819000217,10.40528011400005],[125.197219849000021,10.404999733000011],[125.197219849000021,10.404720306000115],[125.197502137000015,10.404439927000055],[125.197502137000015,10.404170037000142],[125.197776795000095,10.403889656000104],[125.197776795000095,10.403610231000187],[125.198059081000224,10.403329850000148],[125.198059081000224,10.40305996],[125.198333741000056,10.402779580000129],[125.198333741000056,10.402500154000052],[125.199172973000032,10.401670455000101],[125.199172973000032,10.401390077000144],[125.199722291000171,10.400830268000107],[125.199722291000171,10.400560377999966],[125.200843811000027,10.399439813000072],[125.200843811000027,10.399169923000159],[125.201393127000074,10.398610114000064],[125.201393127000074,10.398329736000164],[125.201667785000041,10.398059846000024],[125.201667785000041,10.397780418000025],[125.20221710300018,10.397219659000086],[125.20221710300018,10.396940231000031],[125.202377318000231,10.396789550999983],[125.193496704000154,10.394490241000028],[125.170761109000068,10.39221954400017],[125.170578003000173,10.397029876999966]]]]}},
{"type":"Feature","properties":{"fid":81,"GID_3":"PHL.71.3.27_1","GID_0":"PHL","COUNTRY":"Philippines","GID_1":"PHL.71_1","NAME_1":"Southern Leyte","NL_NAME_1":"NA","GID_2":"PHL.71.3_1","NAME_2":"Hinunangan","NL_NAME_2":"NA","NAME_3":"Pondol","VARNAME_3":"NA","NL_NAME_3":"NA","TYPE_3":"Barangay","ENGTYPE_3":"Village","CC_3":"NA","HASC_3":"NA"},"geometry":{"type":"MultiPolygon","coordinates":[[[[125.171630860000164,10.425620080000044],[125.178459167000142,10.425399780000134],[125.181678771000065,10.426099777000047],[125.181953431000125,10.425829887000134],[125.181953431000125,10.425559997000164],[125.182777405000024,10.42471981],[125.182777405000024,10.42444038400015],[125.183891297000059,10.423330307000072],[125.183891297000059,10.423060417000102],[125.1847229010001,10.422220230000164],[125.1847229010001,10.421939850000058],[125.185546875000227,10.421110153000029],[125.185951233000083,10.420530319000022],[125.185256958000082,10.419799804999968],[125.181259156000124,10.418869973000142],[125.179908753000177,10.417519570000024],[125.176780701000212,10.416270257000178],[125.175872803000061,10.415180206000116],[125.173721313000215,10.413290024000048],[125.171630860000164,10.425620080000044]]]]}},
{"type":"Feature","properties":{"fid":82,"GID_3":"PHL.71.3.28_1","GID_0":"PHL","COUNTRY":"Philippines","GID_1":"PHL.71_1","NAME_1":"Southern Leyte","NL_NAME_1":"NA","GID_2":"PHL.71.3_1","NAME_2":"Hinunangan","NL_NAME_2":"NA","NAME_3":"Salog","VARNAME_3":"NA","NL_NAME_3":"NA","TYPE_3":"Barangay","ENGTYPE_3":"Village","CC_3":"NA","HASC_3":"NA"},"geometry":{"type":"MultiPolygon","coordinates":[[[[125.193542481000122,10.392569541000057],[125.193496704000154,10.394490241000028],[125.202377318000231,10.396789550999983],[125.203903197000045,10.395270348000167],[125.1936874390002,10.391090394000173],[125.193542481000122,10.392569541000057]]]]}},
{"type":"Feature","properties":{"fid":83,"GID_3":"PHL.71.3.29_1","GID_0":"PHL","COUNTRY":"Philippines","GID_1":"PHL.71_1","NAME_1":"Southern Leyte","NL_NAME_1":"NA","GID_2":"PHL.71.3_1","NAME_2":"Hinunangan","NL_NAME_2":"NA","NAME_3":"Salvacion","VARNAME_3":"NA","NL_NAME_3":"NA","TYPE_3":"Barangay","ENGTYPE_3":"Village","CC_3":"NA","HASC_3":"NA"},"geometry":{"type":"MultiPolygon","coordinates":[[[[125.204849244000116,10.369099617000074],[125.200447083000086,10.374699594000049],[125.205596924000133,10.375699998000073],[125.214370728000063,10.378089904999968],[125.210876464000194,10.374899865000032],[125.209861756,10.373809815000072],[125.209098816000164,10.372619628999985],[125.206512452000084,10.370459557000174],[125.204849244000116,10.369099617000074]]]]}},
{"type":"Feature","properties":{"fid":84,"GID_3":"PHL.71.3.30_1","GID_0":"PHL","COUNTRY":"Philippines","GID_1":"PHL.71_1","NAME_1":"Southern Leyte","NL_NAME_1":"NA","GID_2":"PHL.71.3_1","NAME_2":"Hinunangan","NL_NAME_2":"NA","NAME_3":"Santo Niño I","VARNAME_3":"NA","NL_NAME_3":"NA","TYPE_3":"Barangay","ENGTYPE_3":"Village","CC_3":"NA","HASC_3":"NA"},"geometry":{"type":"MultiPolygon","coordinates":[[[[125.20092773500005,10.383959770000104],[125.203697205000026,10.380610466000064],[125.206527710000046,10.380370140000082],[125.213172912000118,10.381159782000054],[125.21372223000003,10.379679679999981],[125.214370728000063,10.378089904999968],[125.205596924000133,10.375699998000073],[125.200447083000086,10.374699594000049],[125.193977357000222,10.383609771000181],[125.195083619000229,10.384550095000179],[125.195350647000168,10.385390282000174],[125.196090699000024,10.386529923000012],[125.197067262000132,10.386590004000141],[125.198799133000193,10.385109902000067],[125.199623109000299,10.384039879000056],[125.20092773500005,10.383959770000104]]]]}},
{"type":"Feature","properties":{"fid":85,"GID_3":"PHL.71.3.31_1","GID_0":"PHL","COUNTRY":"Philippines","GID_1":"PHL.71_1","NAME_1":"Southern Leyte","NL_NAME_1":"NA","GID_2":"PHL.71.3_1","NAME_2":"Hinunangan","NL_NAME_2":"NA","NAME_3":"Santo Niño II","VARNAME_3":"NA","NL_NAME_3":"NA","TYPE_3":"Barangay","ENGTYPE_3":"Village","CC_3":"NA","HASC_3":"NA"},"geometry":{"type":"MultiPolygon","coordinates":[[[[125.145263672000056,10.376270295000097],[125.141326905000028,10.379429818000119],[125.141296386000249,10.381770135000011],[125.139953613000102,10.382969856000102],[125.136940002000074,10.385760307000112],[125.137969970000199,10.388130188],[125.138557435000052,10.389599800000099],[125.13932037300026,10.392120362000128],[125.141212464000091,10.393719673000021],[125.1414184570001,10.395440101000077],[125.139503479000155,10.39741039300003],[125.134986878000063,10.39768981900005],[125.132598876000088,10.399419785000021],[125.131332397000165,10.401459695000028],[125.132072449000134,10.403820038000049],[125.132232666000164,10.404479981],[125.135383606000232,10.404919625000161],[125.13970947200005,10.404520036000065],[125.144470215000069,10.405699731000027],[125.149383545000319,10.403920173000074],[125.149940491000052,10.399399758000072],[125.151588441000172,10.396289825000053],[125.152488708000078,10.392800332000093],[125.153266907000102,10.389679908000176],[125.154281617000038,10.386810304000051],[125.157432557000334,10.384719848000088],[125.158187865000173,10.381850244000191],[125.157447815000182,10.379529953000144],[125.158042908000084,10.377490044000183],[125.145263672000056,10.376270295000097]]]]}},
{"type":"Feature","properties":{"fid":86,"GID_3":"PHL.71.3.32_1","GID_0":"PHL","COUNTRY":"Philippines","GID_1":"PHL.71_1","NAME_1":"Southern Leyte","NL_NAME_1":"NA","GID_2":"PHL.71.3_1","NAME_2":"Hinunangan","NL_NAME_2":"NA","NAME_3":"Tahusan","VARNAME_3":"NA","NL_NAME_3":"NA","TYPE_3":"Barangay","ENGTYPE_3":"Village","CC_3":"NA","HASC_3":"NA"},"geometry":{"type":"MultiPolygon","coordinates":[[[[125.213172912000118,10.381159782000054],[125.212623596000299,10.383939744000031],[125.212547302000075,10.384280205000039],[125.211822511000037,10.387900352000031],[125.212501525000107,10.387220383000169],[125.213279724000017,10.386670112],[125.21376800500002,10.386190414999987],[125.214187622000054,10.385700227000143],[125.214599609000061,10.385290145000113],[125.216110229000037,10.384719848000088],[125.216300963000208,10.384719848000088],[125.216392517000145,10.384719848000088],[125.216621398000143,10.384490013000175],[125.216941833000078,10.384440423000171],[125.217163086000028,10.384240151000142],[125.21778106700026,10.383609771000181],[125.218063355000027,10.383609771000181],[125.21833038300008,10.383330346000093],[125.219169617000034,10.383330346000093],[125.219718933000195,10.382780075000085],[125.220001221000075,10.382780075000085],[125.220283507000204,10.382499694000103],[125.220413208000195,10.382450104000043],[125.219146729000272,10.382149696000056],[125.215316772000051,10.380470277000143],[125.21372223000003,10.379679679999981],[125.213172912000118,10.381159782000054]]]]}},
{"type":"Feature","properties":{"fid":87,"GID_3":"PHL.71.3.33_1","GID_0":"PHL","COUNTRY":"Philippines","GID_1":"PHL.71_1","NAME_1":"Southern Leyte","NL_NAME_1":"NA","GID_2":"PHL.71.3_1","NAME_2":"Hinunangan","NL_NAME_2":"NA","NAME_3":"Talisay","VARNAME_3":"NA","NL_NAME_3":"NA","TYPE_3":"Barangay","ENGTYPE_3":"Village","CC_3":"NA","HASC_3":"NA"},"geometry":{"type":"MultiPolygon","coordinates":[[[[125.193046571000082,10.413330079000048],[125.178176879000034,10.411930084000119],[125.181259156000124,10.413769722000097],[125.18534851000004,10.415920258000085],[125.189712525000118,10.417499541999973],[125.190551759000073,10.416669846000104],[125.190551759000073,10.416390420000084],[125.191673279000156,10.41528034300012],[125.191673279000156,10.414999962000138],[125.192222595000089,10.414440156000182],[125.192222595000089,10.414170266000042],[125.193046571000082,10.413330079000048]]]]}},
{"type":"Feature","properties":{"fid":88,"GID_3":"PHL.71.3.34_1","GID_0":"PHL","COUNTRY":"Philippines","GID_1":"PHL.71_1","NAME_1":"Southern Leyte","NL_NAME_1":"NA","GID_2":"PHL.71.3_1","NAME_2":"Hinunangan","NL_NAME_2":"NA","NAME_3":"Tawog","VARNAME_3":"NA","NL_NAME_3":"NA","TYPE_3":"Barangay","ENGTYPE_3":"Village","CC_3":"NA","HASC_3":"NA"},"geometry":{"type":"MultiPolygon","coordinates":[[[[125.171760559000177,10.406929969000032],[125.163406372000168,10.401889801000095],[125.161567688000105,10.402609826000116],[125.158493042000032,10.403010368000025],[125.149383545000319,10.403920173000074],[125.144470215000069,10.405699731000027],[125.144767761000139,10.40839004500009],[125.144622802000185,10.41001987400017],[125.148231506000116,10.410440446000166],[125.151542664000203,10.411049842000125],[125.169929505000141,10.412469864000059],[125.173721313000215,10.413290024000048],[125.175872803000061,10.415180206000116],[125.176780701000212,10.416270257000178],[125.179908753000177,10.417519570000024],[125.181259156000124,10.413769722000097],[125.178176879000034,10.411930084000119],[125.171760559000177,10.406929969000032]]]]}},
{"type":"Feature","properties":{"fid":89,"GID_3":"PHL.71.3.35_1","GID_0":"PHL","COUNTRY":"Philippines","GID_1":"PHL.71_1","NAME_1":"Southern Leyte","NL_NAME_1":"NA","GID_2":"PHL.71.3_1","NAME_2":"Hinunangan","NL_NAME_2":"NA","NAME_3":"Toptop","VARNAME_3":"NA","NL_NAME_3":"NA","TYPE_3":"Barangay","ENGTYPE_3":"Village","CC_3":"NA","HASC_3":"NA"},"geometry":{"type":"MultiPolygon","coordinates":[[[[125.18678283700001,10.3872499470001],[125.193542481000122,10.392569541000057],[125.1936874390002,10.391090394000173],[125.195236206000118,10.388070108000022],[125.196090699000024,10.386529923000012],[125.195350647000168,10.385390282000174],[125.195083619000229,10.384550095000179],[125.193977357000222,10.383609771000181],[125.192771911000136,10.384320259000162],[125.188476562000233,10.38484954900008],[125.18678283700001,10.3872499470001]]]]}},
{"type":"Feature","properties":{"fid":90,"GID_3":"PHL.71.3.36_1","GID_0":"PHL","COUNTRY":"Philippines","GID_1":"PHL.71_1","NAME_1":"Southern Leyte","NL_NAME_1":"NA","GID_2":"PHL.71.3_1","NAME_2":"Hinunangan","NL_NAME_2":"NA","NAME_3":"Tuburan","VARNAME_3":"NA","NL_NAME_3":"NA","TYPE_3":"Barangay","ENGTYPE_3":"Village","CC_3":"NA","HASC_3":"NA"},"geometry":{"type":"MultiPolygon","coordinates":[[[[125.172737122000058,10.346799851000071],[125.170379639000089,10.344039916999975],[125.168579102000081,10.342229842000052],[125.165733338000109,10.34224033300012],[125.164649963000102,10.343150138000169],[125.164436340000293,10.346839906000127],[125.165229797000165,10.348270416000162],[125.164512634000062,10.35037994400011],[125.164596558000085,10.352760316000058],[125.164962768,10.354109764000157],[125.162902831000338,10.357339860000081],[125.163948060000052,10.360269547000087],[125.164779664000093,10.361960412000087],[125.16314697200005,10.364239693000115],[125.164329528000167,10.366470338000056],[125.16541290300006,10.36721038800016],[125.167846680000025,10.365699769000116],[125.169197083000086,10.366700174000073],[125.168113708000078,10.368000030000132],[125.167427063000218,10.370180130000051],[125.163986207000107,10.37244033800016],[125.161018372000285,10.373550415000068],[125.160102845000097,10.373909950999973],[125.158042908000084,10.377490044000183],[125.171043395000083,10.379449843999964],[125.172737122000058,10.346799851000071]]]]}},
{"type":"Feature","properties":{"fid":91,"GID_3":"PHL.71.3.37_1","GID_0":"PHL","COUNTRY":"Philippines","GID_1":"PHL.71_1","NAME_1":"Southern Leyte","NL_NAME_1":"NA","GID_2":"PHL.71.3_1","NAME_2":"Hinunangan","NL_NAME_2":"NA","NAME_3":"Union","VARNAME_3":"NA","NL_NAME_3":"NA","TYPE_3":"Barangay","ENGTYPE_3":"Village","CC_3":"NA","HASC_3":"NA"},"geometry":{"type":"MultiPolygon","coordinates":[[[[125.183029174000012,10.388279915000055],[125.18373107900004,10.388939858000015],[125.185470581000118,10.389369964000082],[125.186431886000037,10.388400078000132],[125.18678283700001,10.3872499470001],[125.188476562000233,10.38484954900008],[125.192771911000136,10.384320259000162],[125.193977357000222,10.383609771000181],[125.189819335000038,10.381999971000027],[125.187721252000074,10.381890298000087],[125.186607362000132,10.381179810000106],[125.185447692000139,10.382909776000076],[125.183029174000012,10.388279915000055]]]]}},
{"type":"Feature","properties":{"fid":92,"GID_3":"PHL.71.3.38_1","GID_0":"PHL","COUNTRY":"Philippines","GID_1":"PHL.71_1","NAME_1":"Southern Leyte","NL_NAME_1":"NA","GID_2":"PHL.71.3_1","NAME_2":"Hinunangan","NL_NAME_2":"NA","NAME_3":"Upper Bantawon","VARNAME_3":"NA","NL_NAME_3":"NA","TYPE_3":"Barangay","ENGTYPE_3":"Village","CC_3":"NA","HASC_3":"NA"},"geometry":{"type":"MultiPolygon","coordinates":[[[[125.111717225000234,10.432470321000096],[125.103302003000067,10.430979729000057],[125.096122742000034,10.429940225000053],[125.077392579000048,10.425880432000099],[125.074821471000178,10.439959526999985],[125.083778381000116,10.448789598000076],[125.091583252000078,10.453370095000082],[125.09971618700024,10.45518970500018],[125.106536865000066,10.454819680000014],[125.105468750000114,10.450409889000127],[125.105926514000089,10.447690011000134],[125.107002259000069,10.442870141000128],[125.107353210000042,10.440259933000164],[125.10906982400013,10.439000129000021],[125.109260560000052,10.437120439000125],[125.111717225000234,10.432470321000096]]]]}},
{"type":"Feature","properties":{"fid":93,"GID_3":"PHL.71.4.1_1","GID_0":"PHL","COUNTRY":"Philippines","GID_1":"PHL.71_1","NAME_1":"Southern Leyte","NL_NAME_1":"NA","GID_2":"PHL.71.4_1","NAME_2":"Hinundayan","NL_NAME_2":"NA","NAME_3":"Amaga","VARNAME_3":"NA","NL_NAME_3":"NA","TYPE_3":"Barangay","ENGTYPE_3":"Village","CC_3":"NA","HASC_3":"NA"},"geometry":{"type":"MultiPolygon","coordinates":[[[[125.247749329000044,10.328809738000075],[125.254730224000241,10.327890396000043],[125.249320983000075,10.317119598000033],[125.238456726000095,10.320440293000104],[125.242370605000019,10.322019578000095],[125.245086670000092,10.324589730000127],[125.245643616000166,10.325559616000078],[125.247749329000044,10.328809738000075]]]]}},
{"type":"Feature","properties":{"fid":94,"GID_3":"PHL.71.4.2_1","GID_0":"PHL","COUNTRY":"Philippines","GID_1":"PHL.71_1","NAME_1":"Southern Leyte","NL_NAME_1":"NA","GID_2":"PHL.71.4_1","NAME_2":"Hinundayan","NL_NAME_2":"NA","NAME_3":"Ambao","VARNAME_3":"NA","NL_NAME_3":"NA","TYPE_3":"Barangay","ENGTYPE_3":"Village","CC_3":"NA","HASC_3":"NA"},"geometry":{"type":"MultiPolygon","coordinates":[[[[125.254730224000241,10.327890396000043],[125.247749329000044,10.328809738000075],[125.248779297000056,10.33395958],[125.249496461000035,10.335960388],[125.249496461000035,10.33897972200009],[125.250732422000056,10.34274959600009],[125.251380920000088,10.344420433000039],[125.253616334000071,10.346529961000158],[125.257873536000261,10.349619866000069],[125.258056640000177,10.349439620000112],[125.258056640000177,10.349169732000121],[125.258331298000144,10.348890304000122],[125.258346558000198,10.348420143000055],[125.258522034000066,10.34794044500012],[125.258857727000077,10.347550392000073],[125.259246826000208,10.347229959000117],[125.259666443000015,10.346910477000165],[125.260070801000097,10.346559525000089],[125.260406495000325,10.346139908000112],[125.260726930000146,10.345689774000164],[125.260971069000107,10.34514999400011],[125.261207580000132,10.344610214],[125.261413574000244,10.344050408000044],[125.261672974000021,10.343509675000178],[125.261917113000095,10.342980385000089],[125.262153626000213,10.342450142000189],[125.262351989000194,10.341919900000164],[125.262519836000138,10.34138965600016],[125.262687684000184,10.340889932000039],[125.262756348000153,10.340370178],[125.262779236000142,10.339859962999981],[125.262779236000142,10.339349747000028],[125.262779236000142,10.338850021000098],[125.262786866000056,10.338339805000146],[125.262840271000073,10.337829591000059],[125.262992859000065,10.337329865000072],[125.263046264000195,10.33677959400012],[125.26312255900018,10.336210250000079],[125.263343810000265,10.335659982000038],[125.263610840000183,10.335129737000102],[125.263870240000301,10.334580421000169],[125.264060974000131,10.334019660000024],[125.264137267000137,10.333450318000189],[125.26416778600003,10.332909585000095],[125.264228821000074,10.332400322000126],[125.264396667000028,10.331939698000042],[125.264587403000064,10.331480026],[125.264686585000049,10.330940246000125],[125.264717102000077,10.330280305000144],[125.264717102000077,10.329999924000163],[125.264999390000071,10.329719544000056],[125.264999390000071,10.329449652999983],[125.26526641800001,10.329170228000066],[125.26526641800001,10.32777977000012],[125.265419007000105,10.327639581000142],[125.254730224000241,10.327890396000043]]]]}},
{"type":"Feature","properties":{"fid":95,"GID_3":"PHL.71.4.3_1","GID_0":"PHL","COUNTRY":"Philippines","GID_1":"PHL.71_1","NAME_1":"Southern Leyte","NL_NAME_1":"NA","GID_2":"PHL.71.4_1","NAME_2":"Hinundayan","NL_NAME_2":"NA","NAME_3":"An-An","VARNAME_3":"NA","NL_NAME_3":"NA","TYPE_3":"Barangay","ENGTYPE_3":"Village","CC_3":"NA","HASC_3":"NA"},"geometry":{"type":"MultiPolygon","coordinates":[[[[125.220832825000343,10.372320175000084],[125.221687318000249,10.37662029400019],[125.222976684000173,10.383769989000143],[125.222816468000246,10.383760453000036],[125.222953797000173,10.383879661000151],[125.22322845500014,10.384900094000102],[125.223793029000149,10.385450363000075],[125.223793029000149,10.385930062000057],[125.22392273000014,10.386280059000171],[125.224166869000328,10.387220383000169],[125.224380494000116,10.387109758000122],[125.224517823000042,10.387319564999984],[125.224800109000171,10.387530327000036],[125.225082397000051,10.387729644000103],[125.225563050000119,10.388059617000124],[125.226387023000029,10.388890266000033],[125.226669311000137,10.388890266000033],[125.226936341000169,10.389169694000032],[125.22721862700007,10.389169694000032],[125.227500915000178,10.389439582000023],[125.227783204000161,10.389439582000023],[125.228332519000219,10.390000343000111],[125.228607177000072,10.390000343000111],[125.230552673000034,10.39194965400003],[125.230827331000228,10.39194965400003],[125.231109619000108,10.39221954400017],[125.231391908000091,10.39221954400017],[125.231666565000069,10.392499923000173],[125.231941223000035,10.392499923000173],[125.23361206200002,10.394169808000072],[125.23361206200002,10.394439697999985],[125.234169006000229,10.395000458000027],[125.234443666000061,10.395000458000027],[125.234733582000217,10.39527988500015],[125.235557556000231,10.39527988500015],[125.235832214000197,10.395560264000153],[125.23610687300004,10.39527988500015],[125.236389160000044,10.39527988500015],[125.23671722500012,10.394940377000125],[125.236953736000032,10.394720076999988],[125.238128661000019,10.394720076999988],[125.238540650000118,10.394860268000173],[125.23882293600002,10.394860268000173],[125.239112854000041,10.394860268000173],[125.239440918000014,10.394720076999988],[125.239723206000235,10.394720076999988],[125.239997864000088,10.394439697999985],[125.240280152000309,10.394439697999985],[125.240280152000309,10.393329621000078],[125.240112304000149,10.393170357000031],[125.239997864000088,10.393059731000108],[125.240280152000309,10.392780303999984],[125.240280152000309,10.39194965400003],[125.240547179000146,10.391670227000077],[125.240547179000146,10.391110420000018],[125.241111756,10.390560150000169],[125.241111756,10.390279771000166],[125.241386414000203,10.390000343000111],[125.241386414000203,10.389719963],[125.242500306000011,10.388609886000097],[125.242767333000302,10.388609886000097],[125.243606568000018,10.387780189000125],[125.243888856000126,10.387780189000125],[125.244453430000135,10.387220383000169],[125.244720460000167,10.387220383000169],[125.245552064000094,10.386389732000055],[125.245826722000061,10.386389732000055],[125.246673584000177,10.385560035000083],[125.246948242000144,10.385560035000083],[125.248046876000103,10.384440423000171],[125.248046876000103,10.384169580000048],[125.248336792000032,10.383890152000049],[125.248336792000032,10.383609771000181],[125.249168396000186,10.382780075000085],[125.249168396000186,10.382499694000103],[125.250556946000074,10.381110192000051],[125.250556946000074,10.380829811000012],[125.251106262000121,10.38027954000006],[125.251106262000121,10.379719734000105],[125.251663208000195,10.379170418000115],[125.251663208000195,10.378890038],[125.25195312600033,10.378609657000027],[125.25195312600033,10.378060341000037],[125.25250244200015,10.377499580000062],[125.25250244200015,10.377360344000124],[125.245391846000302,10.366640091000136],[125.243820190000292,10.366290092000042],[125.242790222000167,10.366399765000153],[125.240600587000131,10.367509842000061],[125.239036561000034,10.367770194000116],[125.2382736200002,10.368439675],[125.236930847000053,10.369930268000132],[125.236366271000065,10.369859695000059],[125.235908509000183,10.369810105000056],[125.235473634000186,10.3696804060001],[125.234657288000108,10.369440080000061],[125.233856201000208,10.369330407000177],[125.233581543000014,10.369290353000054],[125.232353210000042,10.368519784000171],[125.231231690000186,10.367560387000083],[125.230178833000082,10.367369653000083],[125.229301452000186,10.366589546000114],[125.226768494000225,10.366530418000025],[125.22322845500014,10.36814022100009],[125.221382141000163,10.369469643000116],[125.220863342000143,10.372179986000106],[125.220832825000343,10.372320175000084]]]]}},
{"type":"Feature","properties":{"fid":96,"GID_3":"PHL.71.4.4_1","GID_0":"PHL","COUNTRY":"Philippines","GID_1":"PHL.71_1","NAME_1":"Southern Leyte","NL_NAME_1":"NA","GID_2":"PHL.71.4_1","NAME_2":"Hinundayan","NL_NAME_2":"NA","NAME_3":"Baculod","VARNAME_3":"NA","NL_NAME_3":"NA","TYPE_3":"Barangay","ENGTYPE_3":"Village","CC_3":"NA","HASC_3":"NA"},"geometry":{"type":"MultiPolygon","coordinates":[[[[125.229301452000186,10.366589546000114],[125.230178833000082,10.367369653000083],[125.231231690000186,10.367560387000083],[125.232353210000042,10.368519784000171],[125.233581543000014,10.369290353000054],[125.233856201000208,10.369330407000177],[125.234657288000108,10.369440080000061],[125.235473634000186,10.3696804060001],[125.235908509000183,10.369810105000056],[125.236366271000065,10.369859695000059],[125.236930847000053,10.369930268000132],[125.2382736200002,10.368439675],[125.239036561000034,10.367770194000116],[125.240600587000131,10.367509842000061],[125.242790222000167,10.366399765000153],[125.241790772000058,10.36201000200009],[125.240753174000019,10.355620385000179],[125.235313416000054,10.356490135],[125.229873657000212,10.356369972000095],[125.229568482000104,10.357139588],[125.229019164000078,10.359390259000179],[125.229301452000186,10.361450195000089],[125.228591919000223,10.364899635000029],[125.229301452000186,10.366589546000114]]]]}},
{"type":"Feature","properties":{"fid":97,"GID_3":"PHL.71.4.5_1","GID_0":"PHL","COUNTRY":"Philippines","GID_1":"PHL.71_1","NAME_1":"Southern Leyte","NL_NAME_1":"NA","GID_2":"PHL.71.4_1","NAME_2":"Hinundayan","NL_NAME_2":"NA","NAME_3":"Biasong","VARNAME_3":"NA","NL_NAME_3":"NA","TYPE_3":"Barangay","ENGTYPE_3":"Village","CC_3":"NA","HASC_3":"NA"},"geometry":{"type":"MultiPolygon","coordinates":[[[[125.251380920000088,10.344420433000039],[125.250732422000056,10.34274959600009],[125.249496461000035,10.33897972200009],[125.249496461000035,10.335960388],[125.248779297000056,10.33395958],[125.247749329000044,10.328809738000075],[125.242248534000282,10.332779884000104],[125.239936828000168,10.334119797000028],[125.232070922000048,10.337789536],[125.233261108000079,10.339449882000054],[125.239387512,10.346389769999973],[125.241790772000058,10.348460197000122],[125.243347168000014,10.349619866000069],[125.244216919000337,10.347999573000038],[125.248153686000023,10.346690179000063],[125.251380920000088,10.344420433000039]]]]}},
{"type":"Feature","properties":{"fid":98,"GID_3":"PHL.71.4.6_1","GID_0":"PHL","COUNTRY":"Philippines","GID_1":"PHL.71_1","NAME_1":"Southern Leyte","NL_NAME_1":"NA","GID_2":"PHL.71.4_1","NAME_2":"Hinundayan","NL_NAME_2":"NA","NAME_3":"Bugho","VARNAME_3":"NA","NL_NAME_3":"NA","TYPE_3":"Barangay","ENGTYPE_3":"Village","CC_3":"NA","HASC_3":"NA"},"geometry":{"type":"MultiPolygon","coordinates":[[[[125.217987060000155,10.368009568000048],[125.220832825000343,10.372320175000084],[125.220863342000143,10.372179986000106],[125.221382141000163,10.369469643000116],[125.22322845500014,10.36814022100009],[125.226768494000225,10.366530418000025],[125.229301452000186,10.366589546000114],[125.228591919000223,10.364899635000029],[125.229301452000186,10.361450195000089],[125.229019164000078,10.359390259000179],[125.229568482000104,10.357139588],[125.229873657000212,10.356369972000095],[125.226066588000094,10.354990005000047],[125.223106384000062,10.354419708000023],[125.21605682400002,10.353309631000116],[125.205322266000167,10.353910447000089],[125.208190918000014,10.356209755000066],[125.213760376000209,10.361599922000096],[125.216239930000029,10.365750312000159],[125.217987060000155,10.368009568000048]]]]}},
{"type":"Feature","properties":{"fid":99,"GID_3":"PHL.71.4.7_1","GID_0":"PHL","COUNTRY":"Philippines","GID_1":"PHL.71_1","NAME_1":"Southern Leyte","NL_NAME_1":"NA","GID_2":"PHL.71.4_1","NAME_2":"Hinundayan","NL_NAME_2":"NA","NAME_3":"Cabulisan","VARNAME_3":"NA","NL_NAME_3":"NA","TYPE_3":"Barangay","ENGTYPE_3":"Village","CC_3":"NA","HASC_3":"NA"},"geometry":{"type":"MultiPolygon","coordinates":[[[[125.223106384000062,10.320619584000099],[125.218437196000082,10.320170403000134],[125.213958741000056,10.320229531000052],[125.198753356000225,10.324139595000133],[125.189872742000148,10.326270104000059],[125.178230286000144,10.32894039200005],[125.16898345900006,10.331020355000078],[125.160522462000131,10.334650040000156],[125.173500060000038,10.340620042000069],[125.176353454000264,10.34138012000011],[125.183609009000065,10.343110086000081],[125.190399169000102,10.34566021],[125.197486877000301,10.348850250000169],[125.201957703000062,10.351349832000039],[125.205322266000167,10.353910447000089],[125.21605682400002,10.353309631000116],[125.219970703000058,10.347200395000186],[125.22319793600002,10.343310356000131],[125.22765350300017,10.339859962999981],[125.232070922000048,10.337789536],[125.229850768000119,10.33475017700016],[125.228363038000339,10.33298015600019],[125.224113464000084,10.32750987999998],[125.222640990000286,10.325389863000169],[125.222450256000116,10.323889733000044],[125.223106384000062,10.320619584000099]]]]}},
{"type":"Feature","properties":{"fid":100,"GID_3":"PHL.71.4.8_1","GID_0":"PHL","COUNTRY":"Philippines","GID_1":"PHL.71_1","NAME_1":"Southern Leyte","NL_NAME_1":"NA","GID_2":"PHL.71.4_1","NAME_2":"Hinundayan","NL_NAME_2":"NA","NAME_3":"Cat-Iwing","VARNAME_3":"NA","NL_NAME_3":"NA","TYPE_3":"Barangay","ENGTYPE_3":"Village","CC_3":"NA","HASC_3":"NA"},"geometry":{"type":"MultiPolygon","coordinates":[[[[125.266983033000201,10.303930283000057],[125.264129639000203,10.303930283000057],[125.261840820000089,10.303939820000039],[125.259193420000088,10.304260253],[125.256721497000058,10.304550171000187],[125.252769470000203,10.305359840000108],[125.250366212000131,10.30603027300009],[125.247833253000067,10.307539939000151],[125.244461060000049,10.308939935000126],[125.24812316900011,10.310990333000177],[125.250793457000213,10.310770035000019],[125.254348756000127,10.310939789000031],[125.25672912500022,10.311059952000164],[125.257957458000078,10.311140060000184],[125.259529114000088,10.311249733000125],[125.266670226000201,10.312239647000126],[125.266670226000201,10.311670303000085],[125.266433715000062,10.311090470000181],[125.266403198000262,10.310569764000093],[125.266387940000072,10.310040474000175],[125.266357421000293,10.309530258000052],[125.266258239000081,10.30904006999998],[125.266143799000019,10.308549881000033],[125.266128540000068,10.308039665000081],[125.266250611000032,10.30755043],[125.26651001100015,10.30710983400013],[125.266799927000193,10.306690217000153],[125.267097473000035,10.306280135000179],[125.267158509000183,10.30576038300012],[125.267013550000115,10.305139542],[125.266952514000081,10.30451965300017],[125.266983033000201,10.303930283000057]]]]}},
{"type":"Feature","properties":{"fid":101,"GID_3":"PHL.71.4.9_1","GID_0":"PHL","COUNTRY":"Philippines","GID_1":"PHL.71_1","NAME_1":"Southern Leyte","NL_NAME_1":"NA","GID_2":"PHL.71.4_1","NAME_2":"Hinundayan","NL_NAME_2":"NA","NAME_3":"District I","VARNAME_3":"Poblacion","NL_NAME_3":"NA","TYPE_3":"Barangay","ENGTYPE_3":"Village","CC_3":"NA","HASC_3":"NA"},"geometry":{"type":"MultiPolygon","coordinates":[[[[125.257873536000261,10.349619866000069],[125.253616334000071,10.346529961000158],[125.253067016000159,10.349639892000141],[125.252342224000017,10.352879524000116],[125.251319884000168,10.357130051000013],[125.251022338000098,10.360329628000159],[125.25260925200007,10.359560012000088],[125.254890441000271,10.358710289000044],[125.254913330000136,10.357769966000149],[125.254646302000083,10.357370377],[125.254302979000158,10.356949807000035],[125.254440308000085,10.356539726000108],[125.254508971000178,10.35618972900005],[125.254722596000192,10.355560302000072],[125.254722596000192,10.354439737000178],[125.254997254000159,10.354169847000037],[125.254997254000159,10.353610038],[125.255348205000132,10.352720261],[125.255416871000307,10.352160455000046],[125.255622863000099,10.351200105000032],[125.25611114600008,10.351059914000018],[125.257499694000103,10.350279809000085],[125.257766724000135,10.350000381000029],[125.257766724000135,10.349720001000094],[125.257873536000261,10.349619866000069]]]]}},
{"type":"Feature","properties":{"fid":102,"GID_3":"PHL.71.4.10_1","GID_0":"PHL","COUNTRY":"Philippines","GID_1":"PHL.71_1","NAME_1":"Southern Leyte","NL_NAME_1":"NA","GID_2":"PHL.71.4_1","NAME_2":"Hinundayan","NL_NAME_2":"NA","NAME_3":"District II","VARNAME_3":"Poblacion","NL_NAME_3":"NA","TYPE_3":"Barangay","ENGTYPE_3":"Village","CC_3":"NA","HASC_3":"NA"},"geometry":{"type":"MultiPolygon","coordinates":[[[[125.251022338000098,10.360329628000159],[125.251319884000168,10.357130051000013],[125.252342224000017,10.352879524000116],[125.250747680000245,10.352809906000061],[125.24931335500014,10.352780342000131],[125.248161316000164,10.352649688000156],[125.246856690000186,10.352680207000105],[125.248207093000133,10.355879784000024],[125.248893738000106,10.358400345000121],[125.251022338000098,10.360329628000159]]]]}},
{"type":"Feature","properties":{"fid":103,"GID_3":"PHL.71.4.11_1","GID_0":"PHL","COUNTRY":"Philippines","GID_1":"PHL.71_1","NAME_1":"Southern Leyte","NL_NAME_1":"NA","GID_2":"PHL.71.4_1","NAME_2":"Hinundayan","NL_NAME_2":"NA","NAME_3":"District III","VARNAME_3":"Poblacion","NL_NAME_3":"NA","TYPE_3":"Barangay","ENGTYPE_3":"Village","CC_3":"NA","HASC_3":"NA"},"geometry":{"type":"MultiPolygon","coordinates":[[[[125.253616334000071,10.346529961000158],[125.251380920000088,10.344420433000039],[125.248153686000023,10.346690179000063],[125.244216919000337,10.347999573000038],[125.243347168000014,10.349619866000069],[125.245979309000177,10.350990295000031],[125.246856690000186,10.352680207000105],[125.248161316000164,10.352649688000156],[125.24931335500014,10.352780342000131],[125.250747680000245,10.352809906000061],[125.252342224000017,10.352879524000116],[125.253067016000159,10.349639892000141],[125.253616334000071,10.346529961000158]]]]}},
{"type":"Feature","properties":{"fid":104,"GID_3":"PHL.71.4.12_1","GID_0":"PHL","COUNTRY":"Philippines","GID_1":"PHL.71_1","NAME_1":"Southern Leyte","NL_NAME_1":"NA","GID_2":"PHL.71.4_1","NAME_2":"Hinundayan","NL_NAME_2":"NA","NAME_3":"Hubasan","VARNAME_3":"NA","NL_NAME_3":"NA","TYPE_3":"Barangay","ENGTYPE_3":"Village","CC_3":"NA","HASC_3":"NA"},"geometry":{"type":"MultiPolygon","coordinates":[[[[125.233222961000024,10.314259529000083],[125.229911804000039,10.3161401750001],[125.223106384000062,10.320619584000099],[125.222450256000116,10.323889733000044],[125.222640990000286,10.325389863000169],[125.224113464000084,10.32750987999998],[125.228363038000339,10.33298015600019],[125.229850768000119,10.33475017700016],[125.232070922000048,10.337789536],[125.239936828000168,10.334119797000028],[125.242248534000282,10.332779884000104],[125.247749329000044,10.328809738000075],[125.245643616000166,10.325559616000078],[125.245086670000092,10.324589730000127],[125.242370605000019,10.322019578000095],[125.238456726000095,10.320440293000104],[125.237098693000235,10.319080353],[125.233222961000024,10.314259529000083]]]]}},
{"type":"Feature","properties":{"fid":105,"GID_3":"PHL.71.4.13_1","GID_0":"PHL","COUNTRY":"Philippines","GID_1":"PHL.71_1","NAME_1":"Southern Leyte","NL_NAME_1":"NA","GID_2":"PHL.71.4_1","NAME_2":"Hinundayan","NL_NAME_2":"NA","NAME_3":"Lungsodaan","VARNAME_3":"NA","NL_NAME_3":"NA","TYPE_3":"Barangay","ENGTYPE_3":"Village","CC_3":"NA","HASC_3":"NA"},"geometry":{"type":"MultiPolygon","coordinates":[[[[125.242790222000167,10.366399765000153],[125.243820190000292,10.366290092000042],[125.245391846000302,10.366640091000136],[125.2460632330002,10.365870475000065],[125.2468872070001,10.365389825000079],[125.24933624300013,10.364620209000179],[125.249778747000278,10.364060403000053],[125.250892639000085,10.362620353000068],[125.250526429000161,10.361109734000081],[125.250717163000104,10.360810280000123],[125.251022338000098,10.360329628000159],[125.248893738000106,10.358400345000121],[125.248207093000133,10.355879784000024],[125.246856690000186,10.352680207000105],[125.245979309000177,10.350990295000031],[125.240753174000019,10.355620385000179],[125.241790772000058,10.36201000200009],[125.242790222000167,10.366399765000153]]]]}},
{"type":"Feature","properties":{"fid":106,"GID_3":"PHL.71.4.14_1","GID_0":"PHL","COUNTRY":"Philippines","GID_1":"PHL.71_1","NAME_1":"Southern Leyte","NL_NAME_1":"NA","GID_2":"PHL.71.4_1","NAME_2":"Hinundayan","NL_NAME_2":"NA","NAME_3":"Navalita","VARNAME_3":"NA","NL_NAME_3":"NA","TYPE_3":"Barangay","ENGTYPE_3":"Village","CC_3":"NA","HASC_3":"NA"},"geometry":{"type":"MultiPolygon","coordinates":[[[[125.229873657000212,10.356369972000095],[125.235313416000054,10.356490135],[125.240753174000019,10.355620385000179],[125.245979309000177,10.350990295000031],[125.243347168000014,10.349619866000069],[125.241790772000058,10.348460197000122],[125.239387512,10.346389769999973],[125.233261108000079,10.339449882000054],[125.232070922000048,10.337789536],[125.22765350300017,10.339859962999981],[125.22319793600002,10.343310356000131],[125.219970703000058,10.347200395000186],[125.21605682400002,10.353309631000116],[125.223106384000062,10.354419708000023],[125.226066588000094,10.354990005000047],[125.229873657000212,10.356369972000095]]]]}},
{"type":"Feature","properties":{"fid":107,"GID_3":"PHL.71.4.15_1","GID_0":"PHL","COUNTRY":"Philippines","GID_1":"PHL.71_1","NAME_1":"Southern Leyte","NL_NAME_1":"NA","GID_2":"PHL.71.4_1","NAME_2":"Hinundayan","NL_NAME_2":"NA","NAME_3":"Plaridel","VARNAME_3":"NA","NL_NAME_3":"NA","TYPE_3":"Barangay","ENGTYPE_3":"Village","CC_3":"NA","HASC_3":"NA"},"geometry":{"type":"MultiPolygon","coordinates":[[[[125.244461060000049,10.308939935000126],[125.236427306000223,10.312439918999985],[125.233222961000024,10.314259529000083],[125.237098693000235,10.319080353],[125.238456726000095,10.320440293000104],[125.249320983000075,10.317119598000033],[125.250793457000213,10.310770035000019],[125.24812316900011,10.310990333000177],[125.244461060000049,10.308939935000126]]]]}},
{"type":"Feature","properties":{"fid":108,"GID_3":"PHL.71.4.16_1","GID_0":"PHL","COUNTRY":"Philippines","GID_1":"PHL.71_1","NAME_1":"Southern Leyte","NL_NAME_1":"NA","GID_2":"PHL.71.4_1","NAME_2":"Hinundayan","NL_NAME_2":"NA","NAME_3":"Sabang","VARNAME_3":"NA","NL_NAME_3":"NA","TYPE_3":"Barangay","ENGTYPE_3":"Village","CC_3":"NA","HASC_3":"NA"},"geometry":{"type":"MultiPolygon","coordinates":[[[[125.245391846000302,10.366640091000136],[125.25250244200015,10.377360344000124],[125.25250244200015,10.377220154000042],[125.253890992000265,10.375829697000029],[125.254173278000167,10.375829697000029],[125.257766724000135,10.372220040000059],[125.257766724000135,10.37193965900002],[125.258331298000144,10.371390344000133],[125.258331298000144,10.371109963000151],[125.258613586000024,10.370829582000113],[125.258613586000024,10.370559691999972],[125.259162902000185,10.369999886000016],[125.259162902000185,10.36972046],[125.259452820000206,10.369449615000065],[125.259452820000206,10.369170190000148],[125.259719848000259,10.368889809000109],[125.259719848000259,10.368610383000089],[125.260002136000026,10.368330003000153],[125.260002136000026,10.368060113000013],[125.260276794000333,10.367779732000031],[125.260276794000333,10.367500306000181],[125.26053619400011,10.367250442000113],[125.2605590820001,10.367099763000169],[125.2605590820001,10.366939545000037],[125.260833740000066,10.366669655000123],[125.260833740000066,10.365509988000156],[125.260833740000066,10.364720344000034],[125.2605590820001,10.364439964999974],[125.2605590820001,10.36250019199997],[125.260276794000333,10.362219811000159],[125.260276794000333,10.361940384000036],[125.259719848000259,10.361390115000063],[125.259307861000025,10.360730172000103],[125.258888244000218,10.360280038000155],[125.258613586000024,10.359999657000117],[125.258331298000144,10.359999657000117],[125.257766724000135,10.359439851],[125.257499694000103,10.359439851],[125.257217408000201,10.359169961000077],[125.256668090000176,10.359169961000077],[125.255912782000223,10.358889580000039],[125.255493165000075,10.35867977099997],[125.255142211000134,10.358130455000037],[125.254913330000136,10.357769966000149],[125.254890441000271,10.358710289000044],[125.25260925200007,10.359560012000088],[125.251022338000098,10.360329628000159],[125.250717163000104,10.360810280000123],[125.250526429000161,10.361109734000081],[125.250892639000085,10.362620353000068],[125.249778747000278,10.364060403000053],[125.24933624300013,10.364620209000179],[125.2468872070001,10.365389825000079],[125.2460632330002,10.365870475000065],[125.245391846000302,10.366640091000136]]]]}},
{"type":"Feature","properties":{"fid":109,"GID_3":"PHL.71.4.17_1","GID_0":"PHL","COUNTRY":"Philippines","GID_1":"PHL.71_1","NAME_1":"Southern Leyte","NL_NAME_1":"NA","GID_2":"PHL.71.4_1","NAME_2":"Hinundayan","NL_NAME_2":"NA","NAME_3":"Sagbok","VARNAME_3":"NA","NL_NAME_3":"NA","TYPE_3":"Barangay","ENGTYPE_3":"Village","CC_3":"NA","HASC_3":"NA"},"geometry":{"type":"MultiPolygon","coordinates":[[[[125.249320983000075,10.317119598000033],[125.254730224000241,10.327890396000043],[125.265419007000105,10.327639581000142],[125.265556336000031,10.3275003440001],[125.265556336000031,10.327219964000165],[125.265800475000219,10.326979638000182],[125.266113282000106,10.326669693000042],[125.265846252000188,10.326399803000072],[125.265556336000031,10.326109887000086],[125.265556336000031,10.325830459000031],[125.264999390000071,10.325280190000058],[125.264999390000071,10.324999810000122],[125.26526641800001,10.324720382000123],[125.26526641800001,10.32444000300012],[125.264999390000071,10.32417011300015],[125.264999390000071,10.323889733000044],[125.265556336000031,10.323329925999985],[125.265556336000031,10.322779656000137],[125.26526641800001,10.322500230000117],[125.26526641800001,10.321940422000125],[125.265556336000031,10.321669579],[125.265556336000031,10.32110977200017],[125.265830994000225,10.320830345000047],[125.265556336000031,10.320560455000077],[125.265556336000031,10.318329812000172],[125.265830994000225,10.318059922000032],[125.265830994000225,10.317219735000094],[125.266113282000106,10.316940307000039],[125.266113282000106,10.315830230000131],[125.266387940000072,10.31556034],[125.266670226000201,10.315279962000091],[125.266670226000201,10.312239647000126],[125.259529114000088,10.311249733000125],[125.257957458000078,10.311140060000184],[125.25672912500022,10.311059952000164],[125.254348756000127,10.310939789000031],[125.250793457000213,10.310770035000019],[125.249320983000075,10.317119598000033]]]]}},
{"type":"Feature","properties":{"fid":110,"GID_3":"PHL.71.5.1_1","GID_0":"PHL","COUNTRY":"Philippines","GID_1":"PHL.71_1","NAME_1":"Southern Leyte","NL_NAME_1":"NA","GID_2":"PHL.71.5_1","NAME_2":"Libagon","NL_NAME_2":"NA","NAME_3":"Biasong","VARNAME_3":"NA","NL_NAME_3":"NA","TYPE_3":"Barangay","ENGTYPE_3":"Village","CC_3":"NA","HASC_3":"NA"},"geometry":{"type":"MultiPolygon","coordinates":[[[[125.062232971000071,10.274169923000045],[125.061943055000029,10.274439813000185],[125.061668397000062,10.274439813000185],[125.06139373700023,10.274720191000142],[125.061073304000274,10.274720191000142],[125.060836793000021,10.274720191000142],[125.059722901000214,10.27583026800005],[125.059722901000214,10.276109696000049],[125.05944824300002,10.276390077000087],[125.05944824300002,10.277219773000184],[125.059173583000074,10.277500154],[125.059173583000074,10.277779580000015],[125.059471129000144,10.278079986000023],[125.059722901000214,10.278329850000091],[125.059722901000214,10.27888965700015],[125.060279847000061,10.279439927],[125.060279847000061,10.281940460000044],[125.060546875000114,10.2822198880001],[125.060546875000114,10.282779694000055],[125.060279847000061,10.283889771000133],[125.05999755900018,10.284170151000069],[125.05999755900018,10.284440042000085],[125.059722901000214,10.285280227999976],[125.058609009000065,10.287220002000083],[125.058326721000299,10.287500382000189],[125.058326721000299,10.287779808000039],[125.057777405000024,10.288370133000114],[125.061683655000024,10.290550233000033],[125.067657470000086,10.290769578000152],[125.077041625000334,10.293800354999973],[125.099441527000067,10.30037021600009],[125.102043152000306,10.289750100000163],[125.102119445000312,10.288279533999969],[125.102127075000112,10.288089753000179],[125.102218627000184,10.286399841000161],[125.073257445000081,10.279299736000041],[125.066558839000209,10.277489663000097],[125.063240051000093,10.275779724000131],[125.062232971000071,10.274169923000045]]]]}},
{"type":"Feature","properties":{"fid":111,"GID_3":"PHL.71.5.2_1","GID_0":"PHL","COUNTRY":"Philippines","GID_1":"PHL.71_1","NAME_1":"Southern Leyte","NL_NAME_1":"NA","GID_2":"PHL.71.5_1","NAME_2":"Libagon","NL_NAME_2":"NA","NAME_3":"Bogasong","VARNAME_3":"NA","NL_NAME_3":"NA","TYPE_3":"Barangay","ENGTYPE_3":"Village","CC_3":"NA","HASC_3":"NA"},"geometry":{"type":"MultiPolygon","coordinates":[[[[125.04656982500012,10.30148983100014],[125.045822144000113,10.302229881000073],[125.044441223000035,10.303609848000121],[125.044441223000035,10.303890228000057],[125.043891907000216,10.304439544],[125.043899537000129,10.305000305000135],[125.042503357000101,10.306389808000063],[125.042503357000101,10.306670189000101],[125.042350769000109,10.306819916000165],[125.041656494000108,10.307499885000027],[125.041656494000108,10.307589531000133],[125.046226501000092,10.311590194000132],[125.053756714000087,10.314109802000075],[125.094757080000022,10.328109741000162],[125.095809937000013,10.319939613000031],[125.068618775000118,10.311730385000089],[125.056236267000031,10.307359696000049],[125.050331116000166,10.304450035000059],[125.04656982500012,10.30148983100014]]]]}},
{"type":"Feature","properties":{"fid":112,"GID_3":"PHL.71.5.3_1","GID_0":"PHL","COUNTRY":"Philippines","GID_1":"PHL.71_1","NAME_1":"Southern Leyte","NL_NAME_1":"NA","GID_2":"PHL.71.5_1","NAME_2":"Libagon","NL_NAME_2":"NA","NAME_3":"Cawayan","VARNAME_3":"NA","NL_NAME_3":"NA","TYPE_3":"Barangay","ENGTYPE_3":"Village","CC_3":"NA","HASC_3":"NA"},"geometry":{"type":"MultiPolygon","coordinates":[[[[125.062232971000071,10.274169923000045],[125.063240051000093,10.275779724000131],[125.066558839000209,10.277489663000097],[125.073257445000081,10.279299736000041],[125.102218627000184,10.286399841000161],[125.10343170200008,10.276849746000039],[125.104049683000198,10.271960259000025],[125.078857422000056,10.263819695000052],[125.07166290300006,10.259599685000126],[125.068687439000087,10.256460190000155],[125.06833648700001,10.256079673000045],[125.068321229000048,10.257240295000145],[125.068046571000195,10.257499694000046],[125.068061829000044,10.257780075000028],[125.067779541000164,10.258060456000067],[125.067779541000164,10.25833034599998],[125.067718506000119,10.258399964000091],[125.066947937000236,10.259169578000183],[125.066673279000042,10.259169578000183],[125.066390991000162,10.259440423000115],[125.066108703000054,10.259440423000115],[125.065826417000039,10.259719848000032],[125.065551757000208,10.259719848000032],[125.063888549000239,10.261389732],[125.064163209000071,10.261670112000104],[125.064163209000071,10.263330460000191],[125.065002441000047,10.264169693999975],[125.065277099000014,10.264169693999975],[125.065551757000208,10.264439582000136],[125.065628052000193,10.264519691000089],[125.065826417000039,10.264719963000118],[125.065826417000039,10.265000343000054],[125.066108703000054,10.265279769000074],[125.066108703000054,10.266670227000191],[125.065826417000039,10.266949654000143],[125.065826417000039,10.267499923000116],[125.065589906000014,10.267740249000099],[125.065551757000208,10.267829896000137],[125.065551757000208,10.268059731000051],[125.065376281000226,10.268230439000149],[125.065277099000014,10.268329622000124],[125.065277099000014,10.268469811000045],[125.065277099000014,10.269169808000186],[125.065002441000047,10.269439697],[125.065002441000047,10.270279885000093],[125.064720153000167,10.270560264000096],[125.064720153000167,10.271670341],[125.064453125000227,10.271940231000144],[125.064453125000227,10.272219658999973],[125.063606263000111,10.273059846000137],[125.06333160500003,10.273059846000137],[125.062232971000071,10.274169923000045]]]]}},
{"type":"Feature","properties":{"fid":113,"GID_3":"PHL.71.5.4_1","GID_0":"PHL","COUNTRY":"Philippines","GID_1":"PHL.71_1","NAME_1":"Southern Leyte","NL_NAME_1":"NA","GID_2":"PHL.71.5_1","NAME_2":"Libagon","NL_NAME_2":"NA","NAME_3":"Gakat","VARNAME_3":"NA","NL_NAME_3":"NA","TYPE_3":"Barangay","ENGTYPE_3":"Village","CC_3":"NA","HASC_3":"NA"},"geometry":{"type":"MultiPolygon","coordinates":[[[[125.077392579000048,10.425880432000099],[125.078598023000154,10.411370277000117],[125.080810547000056,10.4000196450001],[125.04766845600011,10.380109787000151],[125.040237428000069,10.374409675000152],[125.036636352000073,10.371060371000112],[125.034011841000051,10.370599747000028],[125.030479431000117,10.368780136],[125.029579163000108,10.366169929000137],[125.026756286000023,10.364419937000093],[125.025291443000015,10.363149642999986],[125.024436950000108,10.363889695000125],[125.024169922000056,10.363889695000125],[125.023887634000175,10.364170075000061],[125.023887634000175,10.364720344000034],[125.024169922000056,10.364999772000033],[125.024169922000056,10.365830421000112],[125.024436950000108,10.366109849000168],[125.024436950000108,10.366390229000046],[125.024559021000073,10.366499901999987],[125.024719238000102,10.366669655000123],[125.024719238000102,10.367400169000121],[125.024719238000102,10.368180276000146],[125.024719238000102,10.368330003000153],[125.024627686000144,10.368430138000178],[125.024436950000108,10.368610383000089],[125.024436950000108,10.368889809000109],[125.023330688000101,10.369999886000016],[125.022781372000168,10.369999886000016],[125.02249908400006,10.370280267000055],[125.021667480000019,10.370280267000055],[125.021392822000166,10.370559691999972],[125.020553588000212,10.370559691999972],[125.020278930000018,10.370829582000113],[125.018890380000016,10.370829582000113],[125.017501830000128,10.372220040000059],[125.017219544000227,10.372220040000059],[125.016349793000245,10.373089790999984],[125.017173767000031,10.373950004000051],[125.041236877000074,10.396929741000065],[125.042938232000097,10.399660111],[125.050659179000036,10.409090043000049],[125.053283692000036,10.413339615000154],[125.053436279000152,10.413610458999983],[125.055770873000029,10.417400360000158],[125.074821471000178,10.439959526999985],[125.077392579000048,10.425880432000099]]]]}},
{"type":"Feature","properties":{"fid":114,"GID_3":"PHL.71.5.5_1","GID_0":"PHL","COUNTRY":"Philippines","GID_1":"PHL.71_1","NAME_1":"Southern Leyte","NL_NAME_1":"NA","GID_2":"PHL.71.5_1","NAME_2":"Libagon","NL_NAME_2":"NA","NAME_3":"Jubas","VARNAME_3":"Poblacion","NL_NAME_3":"NA","TYPE_3":"Barangay","ENGTYPE_3":"Village","CC_3":"NA","HASC_3":"NA"},"geometry":{"type":"MultiPolygon","coordinates":[[[[125.099441527000067,10.30037021600009],[125.077041625000334,10.293800354999973],[125.067657470000086,10.290769578000152],[125.061683655000024,10.290550233000033],[125.057777405000024,10.288370133000114],[125.057777405000024,10.288610459000097],[125.056663513000217,10.289719582000146],[125.056388855000023,10.289719582000146],[125.055557251000096,10.290559769000083],[125.055267335000167,10.290559769000083],[125.054733277000196,10.291110039000159],[125.054168701000208,10.291110039000159],[125.0538864130001,10.291390419999971],[125.053611755000134,10.291390419999971],[125.053337097000281,10.291669846000048],[125.052780151000206,10.291669846000048],[125.052352906000124,10.292099953000161],[125.05349731400031,10.29454994300005],[125.057327271000077,10.297459602000174],[125.065467835000163,10.30014038000013],[125.071479797000052,10.302780151000093],[125.09693908700001,10.311869622000188],[125.098960877000081,10.30253982500011],[125.099441527000067,10.30037021600009]]]]}},
{"type":"Feature","properties":{"fid":115,"GID_3":"PHL.71.5.6_1","GID_0":"PHL","COUNTRY":"Philippines","GID_1":"PHL.71_1","NAME_1":"Southern Leyte","NL_NAME_1":"NA","GID_2":"PHL.71.5_1","NAME_2":"Libagon","NL_NAME_2":"NA","NAME_3":"Magkasag","VARNAME_3":"NA","NL_NAME_3":"NA","TYPE_3":"Barangay","ENGTYPE_3":"Village","CC_3":"NA","HASC_3":"NA"},"geometry":{"type":"MultiPolygon","coordinates":[[[[125.075637817000029,10.236590385000056],[125.075546265000071,10.236669541000026],[125.075546265000071,10.23694038400015],[125.075843811000027,10.237219811000102],[125.075546265000071,10.237500192000084],[125.075546265000071,10.237779618000161],[125.075279235000039,10.23805999800004],[125.075279235000039,10.23832988800018],[125.074996949000138,10.238610267000013],[125.074996949000138,10.239170075000175],[125.074722289000078,10.239439965000088],[125.074722289000078,10.239720344000148],[125.074447631000112,10.239999772000147],[125.074447631000112,10.240280152000082],[125.074172973000145,10.240559578000102],[125.074172973000145,10.24166965500001],[125.073890685000038,10.24193954500015],[125.073890685000038,10.242219926000189],[125.073608399000136,10.242779732000145],[125.07333374100017,10.243060113000126],[125.07333374100017,10.243889809000052],[125.07305908100011,10.244170190000091],[125.07305908100011,10.245280267000169],[125.072776795000095,10.245559692000086],[125.072776795000095,10.246390344000076],[125.07305908100011,10.24666976900005],[125.07305908100011,10.247779846000128],[125.072776795000095,10.248060227000167],[125.072776795000095,10.2486095430001],[125.072616578000066,10.24876976000013],[125.072883605000015,10.248840331000054],[125.081787110000164,10.252610208000135],[125.106689454000161,10.258859635000022],[125.107536316000051,10.255900384000029],[125.108413695000081,10.250340461000178],[125.08576965400016,10.240679741],[125.076637268000013,10.236889839000128],[125.075637817000029,10.236590385000056]]]]}},
{"type":"Feature","properties":{"fid":116,"GID_3":"PHL.71.5.7_1","GID_0":"PHL","COUNTRY":"Philippines","GID_1":"PHL.71_1","NAME_1":"Southern Leyte","NL_NAME_1":"NA","GID_2":"PHL.71.5_1","NAME_2":"Libagon","NL_NAME_2":"NA","NAME_3":"Mayuga","VARNAME_3":"NA","NL_NAME_3":"NA","TYPE_3":"Barangay","ENGTYPE_3":"Village","CC_3":"NA","HASC_3":"NA"},"geometry":{"type":"MultiPolygon","coordinates":[[[[125.06833648700001,10.256079673000045],[125.068687439000087,10.256460190000155],[125.07166290300006,10.259599685000126],[125.078857422000056,10.263819695000052],[125.104049683000198,10.271960259000025],[125.106689454000161,10.258859635000022],[125.081787110000164,10.252610208000135],[125.072883605000015,10.248840331000054],[125.072616578000066,10.24876976000013],[125.072502137000129,10.248889923000036],[125.072502137000129,10.249440194000044],[125.072219849000021,10.249719620000064],[125.072219849000021,10.250280380999982],[125.068611145000204,10.253890038000122],[125.068611145000204,10.254170418000058],[125.06833648700001,10.254440308000028],[125.06833648700001,10.256079673000045]]]]}},
{"type":"Feature","properties":{"fid":117,"GID_3":"PHL.71.5.8_1","GID_0":"PHL","COUNTRY":"Philippines","GID_1":"PHL.71_1","NAME_1":"Southern Leyte","NL_NAME_1":"NA","GID_2":"PHL.71.5_1","NAME_2":"Libagon","NL_NAME_2":"NA","NAME_3":"Nahaong","VARNAME_3":"NA","NL_NAME_3":"NA","TYPE_3":"Barangay","ENGTYPE_3":"Village","CC_3":"NA","HASC_3":"NA"},"geometry":{"type":"MultiPolygon","coordinates":[[[[125.080810547000056,10.4000196450001],[125.081787110000164,10.395420075],[125.081848145000095,10.395159722000074],[125.081871034000187,10.395030022000185],[125.083526611000138,10.387280464000071],[125.067306519000113,10.373220444000083],[125.057052613000224,10.366640091000136],[125.054122924000012,10.364749907999965],[125.052093506000119,10.361550332000093],[125.048019410000052,10.360019683000189],[125.044578552000075,10.359880447000023],[125.039787292000142,10.357689856999968],[125.03672027600021,10.356659889000014],[125.032012940000072,10.355139732000112],[125.028877258000193,10.352490424999985],[125.028503418000014,10.352330208000183],[125.028343201000098,10.352499961000092],[125.028343201000098,10.352780342000131],[125.027496338000105,10.353610038],[125.027496338000105,10.354439737000178],[125.027221680000025,10.354720115000134],[125.027221680000025,10.354999543000133],[125.026390076000098,10.357219697000176],[125.026390076000098,10.357500076000179],[125.026107788000218,10.357780456000114],[125.026107788000218,10.359999657000117],[125.026390076000098,10.360280038000155],[125.026390076000098,10.360879899000111],[125.026390076000098,10.361390115000063],[125.026107788000218,10.361669541000083],[125.026107788000218,10.361940384000036],[125.025627136000026,10.362429619000125],[125.02528381400009,10.362779618000047],[125.025291443000015,10.363149642999986],[125.026756286000023,10.364419937000093],[125.029579163000108,10.366169929000137],[125.030479431000117,10.368780136],[125.034011841000051,10.370599747000028],[125.036636352000073,10.371060371000112],[125.040237428000069,10.374409675000152],[125.04766845600011,10.380109787000151],[125.080810547000056,10.4000196450001]]]]}},
{"type":"Feature","properties":{"fid":118,"GID_3":"PHL.71.5.9_1","GID_0":"PHL","COUNTRY":"Philippines","GID_1":"PHL.71_1","NAME_1":"Southern Leyte","NL_NAME_1":"NA","GID_2":"PHL.71.5_1","NAME_2":"Libagon","NL_NAME_2":"NA","NAME_3":"Nahulid","VARNAME_3":"NA","NL_NAME_3":"NA","TYPE_3":"Barangay","ENGTYPE_3":"Village","CC_3":"NA","HASC_3":"NA"},"geometry":{"type":"MultiPolygon","coordinates":[[[[125.083526611000138,10.387280464000071],[125.086036682000213,10.374859811000078],[125.08659362800006,10.369890213000133],[125.07314300500002,10.364279748000172],[125.060890198000038,10.357069970000111],[125.052772523000158,10.3540802],[125.045570373000032,10.354619980000109],[125.041847228000051,10.353480339000043],[125.039016723000032,10.350520133000032],[125.035850525000114,10.347490311],[125.033073425000225,10.344699860000162],[125.032783509000183,10.344449996000094],[125.032783509000183,10.34471988700011],[125.032501220000199,10.345000267000046],[125.032501220000199,10.345279693000066],[125.032218932000092,10.345560073000172],[125.032173157000102,10.345879556000057],[125.03193664600019,10.346179962000065],[125.03193664600019,10.346389769999973],[125.031669616000158,10.34667015000008],[125.031669616000158,10.348329542999977],[125.031249999000124,10.349169732000121],[125.030830382000318,10.350279809000085],[125.030563355000027,10.350560188000088],[125.030563355000027,10.350830078000058],[125.029716492000034,10.351670265],[125.029457093000133,10.351670265],[125.029167174,10.351670265],[125.028503418000014,10.352330208000183],[125.028877258000193,10.352490424999985],[125.032012940000072,10.355139732000112],[125.03672027600021,10.356659889000014],[125.039787292000142,10.357689856999968],[125.044578552000075,10.359880447000023],[125.048019410000052,10.360019683000189],[125.052093506000119,10.361550332000093],[125.054122924000012,10.364749907999965],[125.057052613000224,10.366640091000136],[125.067306519000113,10.373220444000083],[125.083526611000138,10.387280464000071]]]]}},
{"type":"Feature","properties":{"fid":119,"GID_3":"PHL.71.5.10_1","GID_0":"PHL","COUNTRY":"Philippines","GID_1":"PHL.71_1","NAME_1":"Southern Leyte","NL_NAME_1":"NA","GID_2":"PHL.71.5_1","NAME_2":"Libagon","NL_NAME_2":"NA","NAME_3":"Otikon","VARNAME_3":"NA","NL_NAME_3":"NA","TYPE_3":"Barangay","ENGTYPE_3":"Village","CC_3":"NA","HASC_3":"NA"},"geometry":{"type":"MultiPolygon","coordinates":[[[[125.037132263000103,10.322409631000141],[125.036956787,10.322759628000085],[125.03639221300034,10.323889733000044],[125.036109924000016,10.32417011300015],[125.036109924000016,10.326390266999965],[125.035842895000201,10.326669693000042],[125.035842895000201,10.32777977000012],[125.036109924000016,10.328330041000072],[125.036109924000016,10.328610421000178],[125.03639221300034,10.328889847000028],[125.03666687000009,10.329170228000066],[125.03666687000009,10.329719544000056],[125.036941528000057,10.329999924000163],[125.036941528000057,10.330280305000144],[125.037216186000023,10.330559730000118],[125.037216186000023,10.330829621000134],[125.037498474000131,10.33111000100007],[125.037498474000131,10.331390382000052],[125.037780763000114,10.331669807000026],[125.037780763000114,10.33417034200005],[125.037498474000131,10.33444023200019],[125.037498474000131,10.33471965800004],[125.037322999000253,10.334899903000121],[125.037216186000023,10.335000038000146],[125.037216186000023,10.335160256000052],[125.037216186000023,10.335829735000118],[125.036941528000057,10.336110115000054],[125.036941528000057,10.336629867000056],[125.042427063000332,10.339590073000068],[125.053047181000125,10.344470025000021],[125.064346313000101,10.349360466000121],[125.088653564000197,10.35848045400013],[125.090057373000036,10.354720115000134],[125.090667724000014,10.350480079000135],[125.091400146000069,10.345399856000142],[125.056777953000051,10.32944011799998],[125.042037965000077,10.323949813000013],[125.037132263000103,10.322409631000141]]]]}},
{"type":"Feature","properties":{"fid":120,"GID_3":"PHL.71.5.11_1","GID_0":"PHL","COUNTRY":"Philippines","GID_1":"PHL.71_1","NAME_1":"Southern Leyte","NL_NAME_1":"NA","GID_2":"PHL.71.5_1","NAME_2":"Libagon","NL_NAME_2":"NA","NAME_3":"Pangi","VARNAME_3":"NA","NL_NAME_3":"NA","TYPE_3":"Barangay","ENGTYPE_3":"Village","CC_3":"NA","HASC_3":"NA"},"geometry":{"type":"MultiPolygon","coordinates":[[[[125.032783509000183,10.344449996000094],[125.033073425000225,10.344699860000162],[125.035850525000114,10.347490311],[125.039016723000032,10.350520133000032],[125.041847228000051,10.353480339000043],[125.045570373000032,10.354619980000109],[125.052772523000158,10.3540802],[125.060890198000038,10.357069970000111],[125.07314300500002,10.364279748000172],[125.08659362800006,10.369890213000133],[125.088783265000188,10.361960412000087],[125.088653564000197,10.35848045400013],[125.064346313000101,10.349360466000121],[125.053047181000125,10.344470025000021],[125.042427063000332,10.339590073000068],[125.036941528000057,10.336629867000056],[125.03666687000009,10.336939812000026],[125.03666687000009,10.337220192000132],[125.036941528000057,10.337499617999981],[125.036941528000057,10.338060379000126],[125.03639221300034,10.338609695000116],[125.036109924000016,10.338609695000116],[125.035842895000201,10.338890076000098],[125.035842895000201,10.339170456000033],[125.035636902000078,10.339349747000028],[125.035552978000055,10.339440346000174],[125.035552978000055,10.339670182000191],[125.035530090000179,10.339750291000144],[125.035278320000089,10.340000153000062],[125.035278320000089,10.340579987000069],[125.035278320000089,10.34138965600016],[125.035003663000225,10.341670036000096],[125.035003663000225,10.342220307000048],[125.034523010000157,10.342700004000051],[125.032783509000183,10.344449996000094]]]]}},
{"type":"Feature","properties":{"fid":121,"GID_3":"PHL.71.5.12_1","GID_0":"PHL","COUNTRY":"Philippines","GID_1":"PHL.71_1","NAME_1":"Southern Leyte","NL_NAME_1":"NA","GID_2":"PHL.71.5_1","NAME_2":"Libagon","NL_NAME_2":"NA","NAME_3":"Punta","VARNAME_3":"NA","NL_NAME_3":"NA","TYPE_3":"Barangay","ENGTYPE_3":"Village","CC_3":"NA","HASC_3":"NA"},"geometry":{"type":"MultiPolygon","coordinates":[[[[125.075637817000029,10.236590385000056],[125.076637268000013,10.236889839000128],[125.08576965400016,10.240679741],[125.108413695000081,10.250340461000178],[125.109626770000204,10.243129731000067],[125.096412658000077,10.236410141000079],[125.079231263000111,10.227840424000021],[125.078887939000197,10.227680207],[125.078887939000197,10.227780342000017],[125.078613281000344,10.228059770000073],[125.078613281000344,10.228329660000043],[125.078330993000122,10.228610038000113],[125.078330993000122,10.228890419000152],[125.078056335000269,10.22916984699998],[125.078056335000269,10.229439735000142],[125.077766419000113,10.229720115000021],[125.077766419000113,10.230030060000047],[125.077766419000113,10.231670379000093],[125.077499389000195,10.231940269000063],[125.077499389000195,10.232219697000119],[125.076942443000121,10.232780456000057],[125.076667785000154,10.232780456000057],[125.076690674000019,10.233889580000152],[125.076393127000188,10.234169960999964],[125.076393127000188,10.235560417000102],[125.07611083900008,10.235830307000072],[125.07611083900008,10.236109733999967],[125.075637817000029,10.236590385000056]]]]}},
{"type":"Feature","properties":{"fid":122,"GID_3":"PHL.71.5.13_1","GID_0":"PHL","COUNTRY":"Philippines","GID_1":"PHL.71_1","NAME_1":"Southern Leyte","NL_NAME_1":"NA","GID_2":"PHL.71.5_1","NAME_2":"Libagon","NL_NAME_2":"NA","NAME_3":"Talisay","VARNAME_3":"Poblacion","NL_NAME_3":"NA","TYPE_3":"Barangay","ENGTYPE_3":"Village","CC_3":"NA","HASC_3":"NA"},"geometry":{"type":"MultiPolygon","coordinates":[[[[125.04656982500012,10.30148983100014],[125.050331116000166,10.304450035000059],[125.056236267000031,10.307359696000049],[125.068618775000118,10.311730385000089],[125.095809937000013,10.319939613000031],[125.096397400000228,10.31544971500017],[125.09693908700001,10.311869622000188],[125.071479797000052,10.302780151000093],[125.065467835000163,10.30014038000013],[125.057327271000077,10.297459602000174],[125.05349731400031,10.29454994300005],[125.052352906000124,10.292099953000161],[125.051391601000091,10.293060303000061],[125.051391601000091,10.293330192999974],[125.050827027000082,10.29389],[125.050827027000082,10.294440270000109],[125.050552369000116,10.294719696000129],[125.050552369000116,10.295000077000168],[125.050277711000149,10.295280457000047],[125.050277711000149,10.295559883000124],[125.05000305100009,10.295829773000037],[125.05000305100009,10.296110154000075],[125.049453735000156,10.296669960000031],[125.04860687300004,10.297780037000109],[125.047233581000114,10.300279617000172],[125.047233581000114,10.300559997000107],[125.046669007000105,10.301110268000059],[125.046669007000105,10.301389694000079],[125.04656982500012,10.30148983100014]]]]}},
{"type":"Feature","properties":{"fid":123,"GID_3":"PHL.71.5.14_1","GID_0":"PHL","COUNTRY":"Philippines","GID_1":"PHL.71_1","NAME_1":"Southern Leyte","NL_NAME_1":"NA","GID_2":"PHL.71.5_1","NAME_2":"Libagon","NL_NAME_2":"NA","NAME_3":"Tigbao","VARNAME_3":"NA","NL_NAME_3":"NA","TYPE_3":"Barangay","ENGTYPE_3":"Village","CC_3":"NA","HASC_3":"NA"},"geometry":{"type":"MultiPolygon","coordinates":[[[[125.094757080000022,10.328109741000162],[125.053756714000087,10.314109802000075],[125.046226501000092,10.311590194000132],[125.041656494000108,10.307589531000133],[125.041656494000108,10.307780266],[125.041557312,10.307889938000017],[125.041389465000066,10.308059693000132],[125.041389465000066,10.308250427000132],[125.041389465000066,10.308329583000102],[125.041313171000184,10.308409690000076],[125.040832519000219,10.308890343000144],[125.040832519000219,10.30916977000004],[125.040557861000025,10.309439658000031],[125.040557861000025,10.31005001200009],[125.040557861000025,10.310279847000174],[125.040359496000065,10.310469627000032],[125.040283203000058,10.310560226000177],[125.040283203000058,10.310720443000037],[125.040229798000155,10.311710357000038],[125.040000915000178,10.311940193000055],[125.040000915000178,10.313329698000189],[125.040161132000208,10.313489913000012],[125.040283203000058,10.313610076000089],[125.040283203000058,10.314439775000096],[125.040557861000025,10.314720153000053],[125.040283203000058,10.31610965800013],[125.039886474000014,10.316499711000176],[125.038612367000042,10.31777954100005],[125.038612367000042,10.318059922000032],[125.038063049000016,10.318610191],[125.038063049000016,10.318889618000128],[125.037780763000114,10.320830345000047],[125.037780763000114,10.32110977200017],[125.037590026000089,10.321499826000093],[125.037132263000103,10.322409631000141],[125.042037965000077,10.323949813000013],[125.056777953000051,10.32944011799998],[125.091400146000069,10.345399856000142],[125.092346192000036,10.342800141000055],[125.094482422000056,10.331310273000099],[125.094757080000022,10.328109741000162]]]]}},
{"type":"Feature","properties":{"fid":124,"GID_3":"PHL.71.6.1_1","GID_0":"PHL","COUNTRY":"Philippines","GID_1":"PHL.71_1","NAME_1":"Southern Leyte","NL_NAME_1":"NA","GID_2":"PHL.71.6_1","NAME_2":"Liloan","NL_NAME_2":"NA","NAME_3":"Amaga","VARNAME_3":"NA","NL_NAME_3":"NA","TYPE_3":"Barangay","ENGTYPE_3":"Village","CC_3":"NA","HASC_3":"NA"},"geometry":{"type":"MultiPolygon","coordinates":[[[[125.11504364100017,10.182499885000141],[125.114723206,10.182780266000123],[125.1136093140002,10.182780266000123],[125.112777710000159,10.183609962000048],[125.112777710000159,10.184169769999983],[125.112220764000085,10.184720039000126],[125.112220764000085,10.185000420000165],[125.111389160000044,10.185830116000091],[125.111389160000044,10.186670303000028],[125.111106874000143,10.186940193000169],[125.111106874000143,10.187100411000074],[125.111106874000143,10.187219621],[125.110832214000084,10.187509537000039],[125.110832214000084,10.187780380000163],[125.110557556000117,10.188059808000162],[125.110557556000117,10.188329698000132],[125.110832214000084,10.188610076000032],[125.110832214000084,10.189999581000166],[125.110557556000117,10.190279962000034],[125.110557556000117,10.190830230000074],[125.109878541000171,10.191510200000039],[125.109878541000171,10.191599846000145],[125.112503052000193,10.194149971],[125.11531066800012,10.197270394000043],[125.120216370000094,10.201499940000019],[125.122222900000224,10.201049804000093],[125.128952027000196,10.200220108],[125.115623473000142,10.183170319000169],[125.11504364100017,10.182499885000141]]]]}},
{"type":"Feature","properties":{"fid":125,"GID_3":"PHL.71.6.2_1","GID_0":"PHL","COUNTRY":"Philippines","GID_1":"PHL.71_1","NAME_1":"Southern Leyte","NL_NAME_1":"NA","GID_2":"PHL.71.6_1","NAME_2":"Liloan","NL_NAME_2":"NA","NAME_3":"Anilao","VARNAME_3":"NA","NL_NAME_3":"NA","TYPE_3":"Barangay","ENGTYPE_3":"Village","CC_3":"NA","HASC_3":"NA"},"geometry":{"type":"MultiPolygon","coordinates":[[[[125.138473511000029,10.155980110000087],[125.138893128000177,10.155559540000127],[125.13916778600003,10.155559540000127],[125.142776490000188,10.151940346000174],[125.143058776000089,10.151940346000174],[125.143333434000056,10.151670455000158],[125.143608094000228,10.151670455000158],[125.143676758000197,10.151599884000063],[125.141731262,10.146949769000173],[125.1417694080003,10.145979881000017],[125.138732911000147,10.144519805000186],[125.135398865000184,10.150770187999967],[125.136802673000147,10.151169777000121],[125.136627197000053,10.151679993000016],[125.136451721000071,10.153490066000131],[125.138473511000029,10.155980110000087]]]]}},
{"type":"Feature","properties":{"fid":126,"GID_3":"PHL.71.6.3_1","GID_0":"PHL","COUNTRY":"Philippines","GID_1":"PHL.71_1","NAME_1":"Southern Leyte","NL_NAME_1":"NA","GID_2":"PHL.71.6_1","NAME_2":"Liloan","NL_NAME_2":"NA","NAME_3":"Bahay","VARNAME_3":"NA","NL_NAME_3":"NA","TYPE_3":"Barangay","ENGTYPE_3":"Village","CC_3":"NA","HASC_3":"NA"},"geometry":{"type":"MultiPolygon","coordinates":[[[[125.223533630000247,10.093680383000105],[125.223609923000254,10.093609810000089],[125.223609923000254,10.093330384000012],[125.224166869000328,10.09278011300006],[125.224166869000328,10.092499733000125],[125.224441527000181,10.092220307000105],[125.224441527000181,10.091939926000123],[125.224716187000126,10.091670036000153],[125.224716187000126,10.091389656000047],[125.224998473000028,10.091110230000027],[125.224998473000028,10.090829848999988],[125.227783204000161,10.088060379000183],[125.228057861000025,10.088060379000183],[125.228332519000219,10.087779999000077],[125.228607177000072,10.087779999000077],[125.22972106900022,10.086669922000169],[125.22972106900022,10.086389541000131],[125.230827331000228,10.085280419000014],[125.230827331000228,10.085000039000079],[125.231391908000091,10.084440232000077],[125.231666565000069,10.084440232000077],[125.231941223000035,10.084170342000107],[125.231941223000035,10.083889962000171],[125.232780456000114,10.083060265000029],[125.23249816900011,10.082779885000093],[125.232780456000114,10.082500459000073],[125.232780456000114,10.082220078000034],[125.233047485000043,10.081939698000099],[125.233047485000043,10.081749916000035],[125.233047485000043,10.081669808000129],[125.233383179000157,10.081339837000144],[125.23361206200002,10.081110001000127],[125.234169006000229,10.080559731000051],[125.234169006000229,10.080360413999983],[125.234169006000229,10.079999924],[125.234352112000124,10.079810143000032],[125.234443666000061,10.079719544000056],[125.234443666000061,10.0795898450001],[125.234306335000156,10.077830314999972],[125.234169006000229,10.07728004400002],[125.233886719000225,10.076860427000042],[125.233818054000153,10.076169967000112],[125.233818054000153,10.074859619000051],[125.233886719000225,10.074370385000066],[125.233886719000225,10.073060036000072],[125.234443666000061,10.072500228000138],[125.234443666000061,10.07221985000001],[125.235000610000156,10.071669579000059],[125.235282898000037,10.071669579000059],[125.235832214000197,10.071109773000103],[125.23610687300004,10.071109773000103],[125.236389160000044,10.070830345000104],[125.236656189000087,10.070830345000104],[125.236953736000032,10.070560455000134],[125.238052368000012,10.068329812000059],[125.238052368000012,10.068059922000089],[125.238327025000103,10.067779541999982],[125.238327025000103,10.067500114000154],[125.238609314000087,10.067219735000151],[125.238609314000087,10.066940307000095],[125.231323242000144,10.060270310000021],[125.222473145000208,10.052240371000096],[125.218383788000097,10.049599647000093],[125.208312989000092,10.058199883000043],[125.207061768000017,10.059590340000113],[125.205436707000104,10.061409951000087],[125.206886292000036,10.064760208000109],[125.212341308000077,10.072230340000033],[125.215248109000072,10.079090119000114],[125.21833038300008,10.084509850000131],[125.219993591000048,10.088379860000032],[125.221733093000012,10.08998966200005],[125.223396301000207,10.093390464000038],[125.223533630000247,10.093680383000105]]]]}},
{"type":"Feature","properties":{"fid":127,"GID_3":"PHL.71.6.4_1","GID_0":"PHL","COUNTRY":"Philippines","GID_1":"PHL.71_1","NAME_1":"Southern Leyte","NL_NAME_1":"NA","GID_2":"PHL.71.6_1","NAME_2":"Liloan","NL_NAME_2":"NA","NAME_3":"Cagbungalon","VARNAME_3":"NA","NL_NAME_3":"NA","TYPE_3":"Barangay","ENGTYPE_3":"Village","CC_3":"NA","HASC_3":"NA"},"geometry":{"type":"MultiPolygon","coordinates":[[[[125.168037414000196,10.122269630000119],[125.174987792000252,10.109239579000189],[125.165229797000165,10.099089624000158],[125.161186218000012,10.10029983600009],[125.156608581000228,10.107290268000099],[125.162193298000034,10.11565971300007],[125.168037414000196,10.122269630000119]]]]}},
{"type":"Feature","properties":{"fid":128,"GID_3":"PHL.71.6.5_1","GID_0":"PHL","COUNTRY":"Philippines","GID_1":"PHL.71_1","NAME_1":"Southern Leyte","NL_NAME_1":"NA","GID_2":"PHL.71.6_1","NAME_2":"Liloan","NL_NAME_2":"NA","NAME_3":"Calian","VARNAME_3":"NA","NL_NAME_3":"NA","TYPE_3":"Barangay","ENGTYPE_3":"Village","CC_3":"NA","HASC_3":"NA"},"geometry":{"type":"MultiPolygon","coordinates":[[[[125.118606568000132,10.135330200000055],[125.118606568000132,10.135829926000156],[125.120277406000014,10.137499809000019],[125.120277406000014,10.137780189000125],[125.120826722000174,10.138330460000134],[125.120826722000174,10.138449668000021],[125.120857238000212,10.13860130300003],[125.120887757000105,10.13873004900006],[125.128776549000236,10.141969681000035],[125.13272094700028,10.142029763000039],[125.13745117100018,10.143420219000177],[125.138732911000147,10.144519805000186],[125.147476196000184,10.130579949000037],[125.140136719000111,10.122380258000021],[125.133216857000093,10.127209664000134],[125.130653382000219,10.130430222000143],[125.128303527000185,10.132300377000092],[125.12513732900004,10.133740425000042],[125.119049073000042,10.135219574000132],[125.118606568000132,10.135330200000055]]]]}},
{"type":"Feature","properties":{"fid":129,"GID_3":"PHL.71.6.6_1","GID_0":"PHL","COUNTRY":"Philippines","GID_1":"PHL.71_1","NAME_1":"Southern Leyte","NL_NAME_1":"NA","GID_2":"PHL.71.6_1","NAME_2":"Liloan","NL_NAME_2":"NA","NAME_3":"Caligangan","VARNAME_3":"NA","NL_NAME_3":"NA","TYPE_3":"Barangay","ENGTYPE_3":"Village","CC_3":"NA","HASC_3":"NA"},"geometry":{"type":"MultiPolygon","coordinates":[[[[125.202308655000138,10.126939774],[125.202499389000081,10.126939774],[125.202766419000113,10.12666988400008],[125.204719543000124,10.12666988400008],[125.205001831000232,10.126939774],[125.205558777000078,10.126939774],[125.205833435000045,10.127220154000099],[125.206108093000239,10.127220154000099],[125.206306457000096,10.127429962000065],[125.206390381000119,10.127499580000119],[125.206672669000227,10.127510071000017],[125.207221985000047,10.128060341000094],[125.207778931000121,10.128060341000094],[125.207946777000188,10.127880096000183],[125.208053589000087,10.127779961000158],[125.20834350500013,10.127779961000158],[125.208610535000162,10.128060341000094],[125.209167481000236,10.128060341000094],[125.209289550000108,10.128179550000084],[125.209442139000089,10.128330231],[125.209716797000056,10.128330231],[125.209999085000163,10.128609657000084],[125.210563659000172,10.128609657000084],[125.210830689000204,10.128890038000065],[125.211112975000106,10.128890038000065],[125.211387635000051,10.128609657000084],[125.212219239000319,10.128609657000084],[125.212440490000063,10.128390312000136],[125.212783813000101,10.128060341000094],[125.212783813000101,10.127779961000158],[125.213333129000148,10.127220154000099],[125.213333129000148,10.12666988400008],[125.213172912000118,10.126500131000114],[125.213058471000181,10.126390458],[125.213058471000181,10.124939918000109],[125.183937072000163,10.080980300000135],[125.183036804000267,10.081500054000117],[125.182800293000014,10.081640244000027],[125.181259156000124,10.082539558000178],[125.17870330900007,10.086460114000033],[125.190437316000157,10.104700089000119],[125.190696716000048,10.106679917000122],[125.190567017000262,10.10832977400014],[125.190368653000064,10.111049652000133],[125.192749024000022,10.114299774000074],[125.194252015000188,10.116559983000116],[125.196372987000018,10.119759560000091],[125.197593689000087,10.121339799],[125.197669983000196,10.121439934000023],[125.199493408000194,10.123789787000078],[125.200698852000073,10.124830245000169],[125.201972962000127,10.125929832000111],[125.202140807000092,10.126429558000041],[125.202308655000138,10.126939774]]]]}},
{"type":"Feature","properties":{"fid":130,"GID_3":"PHL.71.6.7_1","GID_0":"PHL","COUNTRY":"Philippines","GID_1":"PHL.71_1","NAME_1":"Southern Leyte","NL_NAME_1":"NA","GID_2":"PHL.71.6_1","NAME_2":"Liloan","NL_NAME_2":"NA","NAME_3":"Candayuman","VARNAME_3":"NA","NL_NAME_3":"NA","TYPE_3":"Barangay","ENGTYPE_3":"Village","CC_3":"NA","HASC_3":"NA"},"geometry":{"type":"MultiPolygon","coordinates":[[[[125.138732911000147,10.144519805000186],[125.1417694080003,10.145979881000017],[125.141731262,10.146949769000173],[125.143676758000197,10.151599884000063],[125.14389038000013,10.15139007700003],[125.144157410000048,10.15139007700003],[125.144447326000204,10.151109696],[125.144996642000024,10.151109696],[125.145553588000098,10.150560378000023],[125.146110534000172,10.150560378000023],[125.146392822000053,10.150280000000123],[125.146492004000038,10.150280000000123],[125.146667480000019,10.150280000000123],[125.147346497000171,10.149589537999987],[125.148063660000048,10.148889542000177],[125.148063660000048,10.148610115000054],[125.148330688000328,10.148329736000051],[125.148330688000328,10.147219659000086],[125.148887634000062,10.146670341000117],[125.149169922000169,10.146670341000117],[125.150833130000137,10.145000458000084],[125.150833130000137,10.144720077000045],[125.151390076000212,10.144169809000175],[125.151390076000212,10.143890381000176],[125.152221680000025,10.143059732000097],[125.152496338000219,10.143059732000097],[125.155281066000043,10.140279769000188],[125.155563354000151,10.140279769000188],[125.151947022000058,10.135350228000107],[125.147476196000184,10.130579949000037],[125.138732911000147,10.144519805000186]]]]}},
{"type":"Feature","properties":{"fid":131,"GID_3":"PHL.71.6.8_1","GID_0":"PHL","COUNTRY":"Philippines","GID_1":"PHL.71_1","NAME_1":"Southern Leyte","NL_NAME_1":"NA","GID_2":"PHL.71.6_1","NAME_2":"Liloan","NL_NAME_2":"NA","NAME_3":"Catig","VARNAME_3":"NA","NL_NAME_3":"NA","TYPE_3":"Barangay","ENGTYPE_3":"Village","CC_3":"NA","HASC_3":"NA"},"geometry":{"type":"MultiPolygon","coordinates":[[[[125.183937072000163,10.080980300000135],[125.213058471000181,10.124939918000109],[125.213058471000181,10.124170304000188],[125.213333129000148,10.123889922999979],[125.213333129000148,10.123609543000043],[125.213607787000115,10.123330117000023],[125.213607787000115,10.120829583000102],[125.213890075000222,10.120559692000029],[125.213890075000222,10.120280267000112],[125.214157105000254,10.119999886000073],[125.214157105000254,10.119170190000034],[125.21555328300019,10.117779732000088],[125.215843201000325,10.117779732000088],[125.216110229000037,10.117500306000068],[125.216392517000145,10.117500306000068],[125.216743469000221,10.117150308000021],[125.216941833000078,10.116939545000093],[125.216941833000078,10.116209984000022],[125.216941833000078,10.116109849],[125.217216491000045,10.115830421000169],[125.217216491000045,10.115280152000025],[125.217498779000039,10.11499977200009],[125.217498779000039,10.114720344000091],[125.21778106700026,10.114439965000031],[125.21778106700026,10.113329888000123],[125.218063355000027,10.113059997999983],[125.218063355000027,10.111940384000093],[125.21778106700026,10.11166954100014],[125.21778106700026,10.110560417000045],[125.217857361000029,10.110480308000092],[125.217338562,10.109990120000191],[125.18733215300017,10.078749656000127],[125.185386657000095,10.080019950000064],[125.185050964000084,10.080249786000081],[125.183937072000163,10.080980300000135]]]]}},
{"type":"Feature","properties":{"fid":132,"GID_3":"PHL.71.6.9_1","GID_0":"PHL","COUNTRY":"Philippines","GID_1":"PHL.71_1","NAME_1":"Southern Leyte","NL_NAME_1":"NA","GID_2":"PHL.71.6_1","NAME_2":"Liloan","NL_NAME_2":"NA","NAME_3":"Estela","VARNAME_3":"NA","NL_NAME_3":"NA","TYPE_3":"Barangay","ENGTYPE_3":"Village","CC_3":"NA","HASC_3":"NA"},"geometry":{"type":"MultiPolygon","coordinates":[[[[125.174987792000252,10.109239579000189],[125.168037414000196,10.122269630000119],[125.177780151000093,10.134449958],[125.179168701000094,10.134440423000058],[125.179443359000061,10.134719849000078],[125.180000305000135,10.134719849000078],[125.180267334000064,10.135000229000184],[125.181106567000029,10.135000229000184],[125.18138885500025,10.135279655000033],[125.182777405000024,10.135279655000033],[125.183052063000218,10.135000229000184],[125.183326721000185,10.135000229000184],[125.183609009000065,10.134719849000078],[125.183891297000059,10.134719849000078],[125.187500001000217,10.131110192000108],[125.187767029000042,10.131110192000108],[125.188056945000085,10.130829811000069],[125.188606263000224,10.130829811000069],[125.188888549000126,10.130559921000156],[125.189163209000071,10.130559921000156],[125.189453125000114,10.13027954100005],[125.190002441000274,10.13027954100005],[125.190277099000127,10.130000114999973],[125.190826417000039,10.130000114999973],[125.191108703000168,10.129719734000162],[125.19277954100005,10.129719734000162],[125.193412781,10.12973022500006],[125.193893433000198,10.129719734000162],[125.194717407000098,10.129719734000162],[125.194999695000206,10.130000114999973],[125.195266723000145,10.130000114999973],[125.19555664100028,10.129719734000162],[125.196952819000217,10.129719734000162],[125.197113037000122,10.129549981000082],[125.174987792000252,10.109239579000189]]]]}},
{"type":"Feature","properties":{"fid":133,"GID_3":"PHL.71.6.10_1","GID_0":"PHL","COUNTRY":"Philippines","GID_1":"PHL.71_1","NAME_1":"Southern Leyte","NL_NAME_1":"NA","GID_2":"PHL.71.6_1","NAME_2":"Liloan","NL_NAME_2":"NA","NAME_3":"Fatima","VARNAME_3":"NA","NL_NAME_3":"NA","TYPE_3":"Barangay","ENGTYPE_3":"Village","CC_3":"NA","HASC_3":"NA"},"geometry":{"type":"MultiPolygon","coordinates":[[[[125.135398865000184,10.150770187999967],[125.138732911000147,10.144519805000186],[125.13745117100018,10.143420219000177],[125.13272094700028,10.142029763000039],[125.128776549000236,10.141969681000035],[125.131317138000213,10.149350167000023],[125.131362915000182,10.151049613999987],[125.132362365000063,10.150979996000103],[125.132461547000162,10.150979996000103],[125.133468629000163,10.150910377000116],[125.135398865000184,10.150770187999967]]]]}},
{"type":"Feature","properties":{"fid":134,"GID_3":"PHL.71.6.11_1","GID_0":"PHL","COUNTRY":"Philippines","GID_1":"PHL.71_1","NAME_1":"Southern Leyte","NL_NAME_1":"NA","GID_2":"PHL.71.6_1","NAME_2":"Liloan","NL_NAME_2":"NA","NAME_3":"Gud-An","VARNAME_3":"NA","NL_NAME_3":"NA","TYPE_3":"Barangay","ENGTYPE_3":"Village","CC_3":"NA","HASC_3":"NA"},"geometry":{"type":"MultiPolygon","coordinates":[[[[125.162193298000034,10.11565971300007],[125.156608581000228,10.107290268000099],[125.153808595000214,10.107839584000089],[125.149696350000227,10.112019540000063],[125.140136719000111,10.121150017000105],[125.140136719000111,10.122380258000021],[125.147476196000184,10.130579949000037],[125.162193298000034,10.11565971300007]]]]}},
{"type":"Feature","properties":{"fid":135,"GID_3":"PHL.71.6.12_1","GID_0":"PHL","COUNTRY":"Philippines","GID_1":"PHL.71_1","NAME_1":"Southern Leyte","NL_NAME_1":"NA","GID_2":"PHL.71.6_1","NAME_2":"Liloan","NL_NAME_2":"NA","NAME_3":"Guintoylan","VARNAME_3":"NA","NL_NAME_3":"NA","TYPE_3":"Barangay","ENGTYPE_3":"Village","CC_3":"NA","HASC_3":"NA"},"geometry":{"type":"MultiPolygon","coordinates":[[[[125.151947022000058,10.135350228000107],[125.155563354000151,10.140279769000188],[125.156669616000045,10.13916969200011],[125.156936646000077,10.13916969200011],[125.158332824000126,10.137780189000125],[125.159156800000119,10.137780189000125],[125.159446716000275,10.137499809000019],[125.159721374000128,10.137499809000019],[125.162498474000017,10.134719849000078],[125.162780762000125,10.134719849000078],[125.163887024000019,10.13360977200017],[125.164436340000293,10.13360977200017],[125.16471862800006,10.133330346000093],[125.165283203000286,10.133330346000093],[125.165557861000138,10.13306045600018],[125.166656494000108,10.13306045600018],[125.166946411000026,10.132780075000142],[125.167221068000117,10.132780075000142],[125.167503357000101,10.132499695000035],[125.167778015000295,10.132499695000035],[125.168052672000044,10.132780075000142],[125.168609619000222,10.132780075000142],[125.168891907000102,10.13306045600018],[125.169166565000069,10.13306045600018],[125.16944122200016,10.133330346000093],[125.170547484000053,10.133330346000093],[125.170829772000161,10.13360977200017],[125.171669007000219,10.13360977200017],[125.171943665000185,10.133890152000049],[125.172500611000032,10.133890152000049],[125.172782899000026,10.134169578000126],[125.174453735000043,10.134169578000126],[125.174720765000075,10.134440423000058],[125.175003053000182,10.134440423000058],[125.175277711000035,10.134719849000078],[125.175827026000093,10.134719849000078],[125.176109315000076,10.134440423000058],[125.177223205000018,10.134440423000058],[125.177497865000191,10.134719849000078],[125.177780151000093,10.134449958],[125.168037414000196,10.122269630000119],[125.151947022000058,10.135350228000107]]]]}},
{"type":"Feature","properties":{"fid":136,"GID_3":"PHL.71.6.13_1","GID_0":"PHL","COUNTRY":"Philippines","GID_1":"PHL.71_1","NAME_1":"Southern Leyte","NL_NAME_1":"NA","GID_2":"PHL.71.6_1","NAME_2":"Liloan","NL_NAME_2":"NA","NAME_3":"Himayangan","VARNAME_3":"NA","NL_NAME_3":"NA","TYPE_3":"Barangay","ENGTYPE_3":"Village","CC_3":"NA","HASC_3":"NA"},"geometry":{"type":"MultiPolygon","coordinates":[[[[125.120216370000094,10.201499940000019],[125.11531066800012,10.197270394000043],[125.112503052000193,10.194149971],[125.109878541000171,10.191599846000145],[125.109733582000331,10.191650391000167],[125.109443664000196,10.191940307000152],[125.109169006000116,10.191940307000152],[125.1088867200001,10.192219735000037],[125.108612060000041,10.192219735000037],[125.108009339000091,10.192460058999984],[125.107383727000183,10.19250011400004],[125.106750487000113,10.192480088000138],[125.106643677000193,10.19246959700007],[125.106140136000022,10.192390443000079],[125.105537415000185,10.192259790000037],[125.104896545000088,10.192230226000106],[125.104156493000119,10.192219735000037],[125.103607177000185,10.192779542000039],[125.103302003000067,10.192810058000077],[125.102500916000167,10.193610191000118],[125.102500916000167,10.193889619000174],[125.102218627000184,10.19416999900011],[125.102218627000184,10.194439889000023],[125.101936341000055,10.194720268000026],[125.101936341000055,10.194999694999979],[125.101669312000126,10.195280076000188],[125.101669312000126,10.195560455000191],[125.099441527000067,10.19777965600008],[125.099441527000067,10.198060036000186],[125.099128723000149,10.198380471000121],[125.104629518000252,10.205550195000058],[125.107856751000213,10.207550049000133],[125.111640931000011,10.210630418],[125.114311219000115,10.21335983300014],[125.115989685000045,10.202699661000111],[125.120216370000094,10.201499940000019]]]]}},
{"type":"Feature","properties":{"fid":137,"GID_3":"PHL.71.6.14_1","GID_0":"PHL","COUNTRY":"Philippines","GID_1":"PHL.71_1","NAME_1":"Southern Leyte","NL_NAME_1":"NA","GID_2":"PHL.71.6_1","NAME_2":"Liloan","NL_NAME_2":"NA","NAME_3":"Ilag","VARNAME_3":"NA","NL_NAME_3":"NA","TYPE_3":"Barangay","ENGTYPE_3":"Village","CC_3":"NA","HASC_3":"NA"},"geometry":{"type":"MultiPolygon","coordinates":[[[[125.114311219000115,10.21335983300014],[125.111640931000011,10.210630418],[125.107856751000213,10.207550049000133],[125.104629518000252,10.205550195000058],[125.099128723000149,10.198380471000121],[125.098052979000158,10.199720382000066],[125.097778319000099,10.199999810000065],[125.097778319000099,10.200559616000021],[125.097503662000236,10.200830459000144],[125.097503662000236,10.201109886999973],[125.096382141000049,10.202230454000073],[125.096267701000215,10.202349663000064],[125.095832825000116,10.202779770000063],[125.095703125000227,10.202779770000063],[125.095558167000149,10.202779770000063],[125.09512329000006,10.203220368000075],[125.094963075000123,10.203330041000186],[125.094718933000308,10.203330041000186],[125.094436645000087,10.203610421000121],[125.09388732900004,10.203610421000121],[125.093063354000037,10.20444965400003],[125.092781067000033,10.20444965400003],[125.0925674450001,10.204649925000183],[125.092742921000081,10.204939842000101],[125.098068238000224,10.212019921000149],[125.098968505000016,10.215359687000046],[125.101287841000044,10.218640328000163],[125.102622986000142,10.221150399000123],[125.104072571000074,10.22480011],[125.10439300400003,10.226889610000057],[125.103172302000303,10.230640410999968],[125.104606629000045,10.235150337000107],[125.106468201000098,10.237360001000127],[125.110237121000182,10.239439965000088],[125.114311219000115,10.21335983300014]]]]}},
{"type":"Feature","properties":{"fid":138,"GID_3":"PHL.71.6.15_1","GID_0":"PHL","COUNTRY":"Philippines","GID_1":"PHL.71_1","NAME_1":"Southern Leyte","NL_NAME_1":"NA","GID_2":"PHL.71.6_1","NAME_2":"Liloan","NL_NAME_2":"NA","NAME_3":"Magaupas","VARNAME_3":"NA","NL_NAME_3":"NA","TYPE_3":"Barangay","ENGTYPE_3":"Village","CC_3":"NA","HASC_3":"NA"},"geometry":{"type":"MultiPolygon","coordinates":[[[[125.078887939000197,10.227680207],[125.079231263000111,10.227840424000021],[125.096412658000077,10.236410141000079],[125.094802857000104,10.219140052000114],[125.093162536000023,10.218649864000042],[125.091766357000097,10.216970445000129],[125.088020325000116,10.212510109],[125.087768555000025,10.212229728000182],[125.087501525000221,10.212499618000095],[125.086936951000212,10.212499618000095],[125.08583068900009,10.213609695000059],[125.08583068900009,10.213890076000041],[125.085563659000059,10.214170455999977],[125.085563659000059,10.214440346000117],[125.085281371000178,10.214719772000137],[125.085281371000178,10.215000153000176],[125.084716797000169,10.215559959000132],[125.084716797000169,10.215829849000045],[125.083892821000063,10.216670036000039],[125.083892821000063,10.21693992600018],[125.083343505000016,10.217499733000011],[125.083343505000016,10.217780113000117],[125.083053589000201,10.218059541000173],[125.083053589000201,10.218609810000146],[125.082778931,10.218890190000081],[125.082778931,10.219440461000033],[125.082496643000127,10.219719887000053],[125.082496643000127,10.22000026700016],[125.08222198500016,10.22027969300018],[125.08222198500016,10.220560074000048],[125.081947327000194,10.220829964000131],[125.081947327000194,10.221110344000067],[125.081390381000119,10.221670151000126],[125.081390381000119,10.221940041000096],[125.081108093000012,10.222220420999975],[125.081108093000012,10.222499847000051],[125.080558777000192,10.223059655000156],[125.080558777000192,10.223329543000091],[125.080001831000118,10.223890304000065],[125.080001831000118,10.224720001000037],[125.07971954300001,10.225000381000143],[125.07971954300001,10.225830078000172],[125.07943725500013,10.226110458000051],[125.07943725500013,10.226670265000109],[125.079170227000077,10.226940155000079],[125.079170227000077,10.227219583000078],[125.078887939000197,10.227499961000035],[125.078887939000197,10.227680207]]]]}},
{"type":"Feature","properties":{"fid":139,"GID_3":"PHL.71.6.16_1","GID_0":"PHL","COUNTRY":"Philippines","GID_1":"PHL.71_1","NAME_1":"Southern Leyte","NL_NAME_1":"NA","GID_2":"PHL.71.6_1","NAME_2":"Liloan","NL_NAME_2":"NA","NAME_3":"Malangsa","VARNAME_3":"NA","NL_NAME_3":"NA","TYPE_3":"Barangay","ENGTYPE_3":"Village","CC_3":"NA","HASC_3":"NA"},"geometry":{"type":"MultiPolygon","coordinates":[[[[125.18733215300017,10.078749656000127],[125.217338562,10.109990120000191],[125.217857361000029,10.110480308000092],[125.218063355000027,10.110280038000042],[125.218063355000027,10.109169961000077],[125.21833038300008,10.108889580000096],[125.21833038300008,10.108610153000143],[125.218063355000027,10.10832977400014],[125.218063355000027,10.107219697],[125.21833038300008,10.106940269000177],[125.21833038300008,10.105560302000129],[125.218887329000154,10.10499954300019],[125.218887329000154,10.104439735000028],[125.219169617000034,10.104169847000094],[125.219169617000034,10.103890419000095],[125.219436645000087,10.103610038000056],[125.219886779000035,10.103170395000177],[125.21974182200006,10.102990151000029],[125.206840515000067,10.087340356000027],[125.201530456000114,10.0814695360001],[125.194099425000331,10.072360038999989],[125.18733215300017,10.078749656000127]]]]}},
{"type":"Feature","properties":{"fid":140,"GID_3":"PHL.71.6.17_1","GID_0":"PHL","COUNTRY":"Philippines","GID_1":"PHL.71_1","NAME_1":"Southern Leyte","NL_NAME_1":"NA","GID_2":"PHL.71.6_1","NAME_2":"Liloan","NL_NAME_2":"NA","NAME_3":"Molopolo","VARNAME_3":"NA","NL_NAME_3":"NA","TYPE_3":"Barangay","ENGTYPE_3":"Village","CC_3":"NA","HASC_3":"NA"},"geometry":{"type":"MultiPolygon","coordinates":[[[[125.11504364100017,10.182499885000141],[125.115623473000142,10.183170319000169],[125.128952027000196,10.200220108],[125.132431030000021,10.199629785000127],[125.133888244000104,10.199410440000179],[125.133888244000104,10.199170113000093],[125.134162902000298,10.198889733000158],[125.134162902000298,10.19777965600008],[125.134452820000092,10.19750023],[125.134452820000092,10.196109772000113],[125.135002136000139,10.195560455000191],[125.134719848000032,10.195280076000188],[125.134719848000032,10.194999694999979],[125.134452820000092,10.194720268000026],[125.134452820000092,10.192779542000039],[125.133888244000104,10.192219735000037],[125.133888244000104,10.189169885000069],[125.133613586000024,10.18889045700007],[125.133888244000104,10.188610076000032],[125.133880616000056,10.186940193000169],[125.133293151000203,10.187879561999978],[125.120742798000151,10.178979875000039],[125.120849610000278,10.178936958000122],[125.120323181000117,10.178370476000111],[125.120002746000068,10.178330422000045],[125.119720460000281,10.178059579000092],[125.119163514000206,10.178059579000092],[125.118606568000132,10.1774997710001],[125.118331910000165,10.1774997710001],[125.118057252000199,10.177780151000036],[125.118057252000199,10.178059579000092],[125.117767334000177,10.178330422000045],[125.117767334000177,10.178609848000065],[125.117500306000125,10.178890228000171],[125.117500306000125,10.180279731000098],[125.117233276000206,10.180560112000137],[125.117233276000206,10.181670189000045],[125.11694336000005,10.181949616000168],[125.116668702000197,10.181949616000168],[125.116249085000049,10.182359696000162],[125.116127014000199,10.182519913000021],[125.11504364100017,10.182499885000141]]]]}},
{"type":"Feature","properties":{"fid":141,"GID_3":"PHL.71.6.18_1","GID_0":"PHL","COUNTRY":"Philippines","GID_1":"PHL.71_1","NAME_1":"Southern Leyte","NL_NAME_1":"NA","GID_2":"PHL.71.6_1","NAME_2":"Liloan","NL_NAME_2":"NA","NAME_3":"Pandan","VARNAME_3":"NA","NL_NAME_3":"NA","TYPE_3":"Barangay","ENGTYPE_3":"Village","CC_3":"NA","HASC_3":"NA"},"geometry":{"type":"MultiPolygon","coordinates":[[[[125.165229797000165,10.099089624000158],[125.174987792000252,10.109239579000189],[125.197113037000122,10.129549981000082],[125.197219849000021,10.129440308000142],[125.197502137000015,10.129440308000142],[125.197776795000095,10.129170418000172],[125.198059081000224,10.129170418000172],[125.198333741000056,10.128890038000065],[125.198608399000022,10.128890038000065],[125.199172973000032,10.128330231],[125.199722291000171,10.128330231],[125.199996949000024,10.128060341000094],[125.200279235000039,10.128060341000094],[125.200546265000298,10.127779961000158],[125.200843811000027,10.127779961000158],[125.20111083900008,10.127499580000119],[125.201667785000041,10.127499580000119],[125.20221710300018,10.126939774],[125.202308655000138,10.126939774],[125.202140807000092,10.126429558000041],[125.201972962000127,10.125929832000111],[125.200698852000073,10.124830245000169],[125.199493408000194,10.123789787000078],[125.197669983000196,10.121439934000023],[125.197593689000087,10.121339799],[125.196372987000018,10.119759560000091],[125.194252015000188,10.116559983000116],[125.192749024000022,10.114299774000074],[125.190368653000064,10.111049652000133],[125.190567017000262,10.10832977400014],[125.190696716000048,10.106679917000122],[125.190437316000157,10.104700089000119],[125.17870330900007,10.086460114000033],[125.173301696000181,10.090809823000143],[125.165229797000165,10.099089624000158]]]]}},
{"type":"Feature","properties":{"fid":142,"GID_3":"PHL.71.6.19_1","GID_0":"PHL","COUNTRY":"Philippines","GID_1":"PHL.71_1","NAME_1":"Southern Leyte","NL_NAME_1":"NA","GID_2":"PHL.71.6_1","NAME_2":"Liloan","NL_NAME_2":"NA","NAME_3":"Poblacion","VARNAME_3":"NA","NL_NAME_3":"NA","TYPE_3":"Barangay","ENGTYPE_3":"Village","CC_3":"NA","HASC_3":"NA"},"geometry":{"type":"MultiPolygon","coordinates":[[[[125.128776549000236,10.141969681000035],[125.120887757000105,10.13873004900006],[125.120857238000212,10.13860130300003],[125.119453430000021,10.140000343000168],[125.119163514000206,10.140000343000168],[125.118057252000199,10.141110420000075],[125.118057252000199,10.141389846000095],[125.117767334000177,10.141670227000134],[125.117767334000177,10.14194965500019],[125.117233276000206,10.142499923000059],[125.117233276000206,10.142780304000041],[125.11694336000005,10.143059732000097],[125.11694336000005,10.143329620000031],[125.11638641400009,10.143890381000176],[125.11638641400009,10.144169809000175],[125.116111756000123,10.144439697000109],[125.116111756000123,10.144720077000045],[125.115837098000156,10.145000458000084],[125.115837098000156,10.14583015400018],[125.116111756000123,10.146109582000179],[125.116111756000123,10.146389961000011],[125.116180419000216,10.146969795000018],[125.116317748000142,10.147540092000042],[125.11657714800026,10.148099900000034],[125.116676330000132,10.148739815000113],[125.11657714800026,10.149490356000115],[125.116676330000132,10.150190353000085],[125.116836547000162,10.150899887000151],[125.117012023000143,10.15163993900012],[125.117210387000341,10.152389526000036],[125.11724090600012,10.152549744000169],[125.117362977000198,10.153149605000124],[125.117286683000088,10.153909683000109],[125.117187501000103,10.154629707000026],[125.117027284000073,10.155309678000037],[125.116859436000027,10.155940055000087],[125.116668702000197,10.156390191000014],[125.11638641400009,10.156669617000034],[125.11638641400009,10.156940460000158],[125.116668702000197,10.157219888000043],[125.116668702000197,10.157779694000169],[125.11694336000005,10.15806007499998],[125.11694336000005,10.158610343000021],[125.117233276000206,10.158889771000077],[125.117233276000206,10.159170152000115],[125.117767334000177,10.159720420000156],[125.118331910000165,10.159720420000156],[125.118331910000165,10.159440042000028],[125.118888856000012,10.158889771000077],[125.118888856000012,10.158610343000021],[125.119163514000206,10.158329965000121],[125.119163514000206,10.157919883000091],[125.119163514000206,10.157779694000169],[125.119453430000021,10.157500268000149],[125.119453430000021,10.156940460000158],[125.119712830000026,10.156680107000057],[125.120552064000208,10.156669617000034],[125.120826722000174,10.156390191000014],[125.121673584000064,10.156390191000014],[125.12194824200003,10.156669617000034],[125.122779846000071,10.156669617000034],[125.123893738000106,10.157779694000169],[125.123893738000106,10.15806007499998],[125.124168396000073,10.158349991000023],[125.124816894000105,10.157690048],[125.131362915000182,10.151049613999987],[125.131317138000213,10.149350167000023],[125.128776549000236,10.141969681000035]]]]}},
{"type":"Feature","properties":{"fid":143,"GID_3":"PHL.71.6.20_1","GID_0":"PHL","COUNTRY":"Philippines","GID_1":"PHL.71_1","NAME_1":"Southern Leyte","NL_NAME_1":"NA","GID_2":"PHL.71.6_1","NAME_2":"Liloan","NL_NAME_2":"NA","NAME_3":"Pres. Quezon","VARNAME_3":"Maugoc","NL_NAME_3":"NA","TYPE_3":"Barangay","ENGTYPE_3":"Village","CC_3":"NA","HASC_3":"NA"},"geometry":{"type":"MultiPolygon","coordinates":[[[[125.223533630000247,10.093680383000105],[125.223396301000207,10.093390464000038],[125.221733093000012,10.08998966200005],[125.219993591000048,10.088379860000032],[125.21833038300008,10.084509850000131],[125.215248109000072,10.079090119000114],[125.212341308000077,10.072230340000033],[125.206886292000036,10.064760208000109],[125.205436707000104,10.061409951000087],[125.198829652000086,10.066889763000177],[125.194099425000331,10.072360038999989],[125.201530456000114,10.0814695360001],[125.206840515000067,10.087340356000027],[125.21974182200006,10.102990151000029],[125.219886779000035,10.103170395000177],[125.220558167000036,10.102499961000149],[125.220558167000036,10.102219583000021],[125.220832825000343,10.101940155000023],[125.220832825000343,10.101670265000052],[125.221389771000077,10.101110459000097],[125.221389771000077,10.100830078000058],[125.221946715000172,10.100279807000106],[125.221946715000172,10.100000382000189],[125.222221375000117,10.099720001000151],[125.222221375000117,10.099169732],[125.222503661000019,10.098890305000054],[125.222503661000019,10.098329543000034],[125.222778319000213,10.0980596550001],[125.222778319000213,10.096940040999982],[125.223052979000045,10.096670151000069],[125.223342896000077,10.096670151000069],[125.223342896000077,10.093890189999968],[125.223533630000247,10.093680383000105]]]]}},
{"type":"Feature","properties":{"fid":144,"GID_3":"PHL.71.6.21_1","GID_0":"PHL","COUNTRY":"Philippines","GID_1":"PHL.71_1","NAME_1":"Southern Leyte","NL_NAME_1":"NA","GID_2":"PHL.71.6_1","NAME_2":"Liloan","NL_NAME_2":"NA","NAME_3":"President Roxas","VARNAME_3":"NA","NL_NAME_3":"NA","TYPE_3":"Barangay","ENGTYPE_3":"Village","CC_3":"NA","HASC_3":"NA"},"geometry":{"type":"MultiPolygon","coordinates":[[[[125.096412658000077,10.236410141000079],[125.109626770000204,10.243129731000067],[125.110237121000182,10.239439965000088],[125.106468201000098,10.237360001000127],[125.104606629000045,10.235150337000107],[125.103172302000303,10.230640410999968],[125.10439300400003,10.226889610000057],[125.104072571000074,10.22480011],[125.102622986000142,10.221150399000123],[125.101287841000044,10.218640328000163],[125.098968505000016,10.215359687000046],[125.098068238000224,10.212019921000149],[125.092742921000081,10.204939842000101],[125.0925674450001,10.204649925000183],[125.092498779000152,10.20471954400017],[125.092483521000077,10.20530033100016],[125.092216491000045,10.205559731000108],[125.091941833000078,10.205559731000108],[125.091667175000225,10.205829621000078],[125.091667175000225,10.206110001000184],[125.091110229000151,10.206669808000015],[125.091110229000151,10.206939698000156],[125.08999633700023,10.208060265000086],[125.089706421000187,10.208640099999968],[125.089416505000031,10.209150314000112],[125.089111328000058,10.209630013000094],[125.088890075000108,10.210000038000089],[125.088607787000228,10.210280419000071],[125.088607787000228,10.210829735000061],[125.088333129000034,10.211110115000167],[125.088333129000034,10.211389541000187],[125.088058471000068,10.211669922000056],[125.088058471000068,10.211939811999969],[125.087768555000025,10.212229728000182],[125.088020325000116,10.212510109],[125.091766357000097,10.216970445000129],[125.093162536000023,10.218649864000042],[125.094802857000104,10.219140052000114],[125.096412658000077,10.236410141000079]]]]}},
{"type":"Feature","properties":{"fid":145,"GID_3":"PHL.71.6.22_1","GID_0":"PHL","COUNTRY":"Philippines","GID_1":"PHL.71_1","NAME_1":"Southern Leyte","NL_NAME_1":"NA","GID_2":"PHL.71.6_1","NAME_2":"Liloan","NL_NAME_2":"NA","NAME_3":"San Isidro","VARNAME_3":"NA","NL_NAME_3":"NA","TYPE_3":"Barangay","ENGTYPE_3":"Village","CC_3":"NA","HASC_3":"NA"},"geometry":{"type":"MultiPolygon","coordinates":[[[[125.168037414000196,10.122269630000119],[125.162193298000034,10.11565971300007],[125.147476196000184,10.130579949000037],[125.151947022000058,10.135350228000107],[125.168037414000196,10.122269630000119]]]]}},
{"type":"Feature","properties":{"fid":146,"GID_3":"PHL.71.6.23_1","GID_0":"PHL","COUNTRY":"Philippines","GID_1":"PHL.71_1","NAME_1":"Southern Leyte","NL_NAME_1":"NA","GID_2":"PHL.71.6_1","NAME_2":"Liloan","NL_NAME_2":"NA","NAME_3":"San Roque","VARNAME_3":"NA","NL_NAME_3":"NA","TYPE_3":"Barangay","ENGTYPE_3":"Village","CC_3":"NA","HASC_3":"NA"},"geometry":{"type":"MultiPolygon","coordinates":[[[[125.138473511000029,10.155980110000087],[125.136451721000071,10.153490066000131],[125.136627197000053,10.151679993000016],[125.136802673000147,10.151169777000121],[125.135398865000184,10.150770187999967],[125.133468629000163,10.150910377000116],[125.132461547000162,10.150979996000103],[125.132362365000063,10.150979996000103],[125.131362915000182,10.151049613999987],[125.124816894000105,10.157690048],[125.124168396000073,10.158349991000023],[125.124168396000073,10.159170152000115],[125.125267030000032,10.160280229000023],[125.125556946000074,10.160280229000023],[125.126388550000115,10.161109925000119],[125.126388550000115,10.161669731000075],[125.125923156000113,10.162139893000074],[125.127037048000147,10.161540032000062],[125.12917327800028,10.162220002000026],[125.129722596000079,10.161669731000075],[125.129997254000045,10.161669731000075],[125.130279542000153,10.161390306000101],[125.130569458000195,10.161390306000101],[125.130836486000021,10.161390306000101],[125.13111114600008,10.161109925000119],[125.131942750000121,10.161109925000119],[125.132766724000248,10.160280229000023],[125.133056640000063,10.160280229000023],[125.134719848000032,10.158610343000021],[125.134719848000032,10.158329965000121],[125.13583374000018,10.157219888000043],[125.136108398000033,10.157219888000043],[125.136390686000027,10.156940460000158],[125.136672974000021,10.156940460000158],[125.136947632000101,10.156669617000034],[125.137222290000182,10.156669617000034],[125.137496948000148,10.156390191000014],[125.137779236000029,10.156390191000014],[125.138046264000081,10.156109811000078],[125.138343810000038,10.156109811000078],[125.138473511000029,10.155980110000087]]]]}},
{"type":"Feature","properties":{"fid":147,"GID_3":"PHL.71.6.24_1","GID_0":"PHL","COUNTRY":"Philippines","GID_1":"PHL.71_1","NAME_1":"Southern Leyte","NL_NAME_1":"NA","GID_2":"PHL.71.6_1","NAME_2":"Liloan","NL_NAME_2":"NA","NAME_3":"Tabugon","VARNAME_3":"NA","NL_NAME_3":"NA","TYPE_3":"Barangay","ENGTYPE_3":"Village","CC_3":"NA","HASC_3":"NA"},"geometry":{"type":"MultiPolygon","coordinates":[[[[125.120849610000278,10.178936958000122],[125.120742798000151,10.178979875000039],[125.133293151000203,10.187879561999978],[125.133880616000056,10.186940193000169],[125.134162902000298,10.186670303000028],[125.134162902000298,10.18649005900005],[125.134162902000298,10.186109544000089],[125.134803772000055,10.185469626999975],[125.136108398000033,10.184169769999983],[125.136108398000033,10.181949616000168],[125.13583374000018,10.181670189000045],[125.13583374000018,10.181389808],[125.136108398000033,10.181110381999986],[125.136108398000033,10.180109978000189],[125.136108398000033,10.179719925000143],[125.136367798000151,10.179459571999985],[125.136390686000027,10.179169654000191],[125.136672974000021,10.178890228000171],[125.136672974000021,10.178330422000045],[125.136947632000101,10.178059579000092],[125.136947632000101,10.177780151000036],[125.137222290000182,10.1774997710001],[125.137222290000182,10.176939964000098],[125.137496948000148,10.176670074000128],[125.137496948000148,10.176389694000022],[125.138046264000081,10.175829887000134],[125.138046264000081,10.17555999700005],[125.138343810000038,10.175279617000115],[125.138343810000038,10.175000191000095],[125.13944244400011,10.17389011400013],[125.13944244400011,10.173609733000148],[125.139686585000049,10.173609733000148],[125.139717102000191,10.173060418000091],[125.13944244400011,10.172780037000052],[125.13944244400011,10.172499656000014],[125.13916778600003,10.172220231000097],[125.13916778600003,10.171939850000058],[125.138977050000221,10.17175960600008],[125.138893128000177,10.171669960000145],[125.138893128000177,10.17055988300001],[125.138610840000069,10.170280457],[125.138610840000069,10.169719696000072],[125.137496948000148,10.168609619000165],[125.137496948000148,10.168330193000088],[125.137222290000182,10.168060303000175],[125.137222290000182,10.167779923000069],[125.136390686000027,10.166939736000074],[125.136108398000033,10.166939736000074],[125.134452820000092,10.165280343000177],[125.134452820000092,10.164999961999968],[125.133888244000104,10.164440156000012],[125.133613586000024,10.164440156000012],[125.13333129800003,10.164170266000099],[125.132766724000248,10.164170266000099],[125.132499694000217,10.16388988500006],[125.131668090000289,10.16388988500006],[125.131393432000095,10.163610460000143],[125.13111114600008,10.163610460000143],[125.130836486000021,10.163330079000104],[125.130546570000092,10.163330079000104],[125.130279542000153,10.163060188999964],[125.129722596000079,10.163060188999964],[125.12917327800028,10.162500383],[125.12917327800028,10.162220002000026],[125.127037048000147,10.161540032000062],[125.125923156000113,10.162139893000074],[125.12584686200023,10.162199974000146],[125.125267030000032,10.162779808000153],[125.125000000000114,10.162500383],[125.124443054000039,10.163060188999964],[125.124443054000039,10.16388988500006],[125.124732972000061,10.164170266000099],[125.125000000000114,10.164170266000099],[125.125267030000032,10.164440156000012],[125.125556946000074,10.164440156000012],[125.126388550000115,10.165280343000177],[125.126388550000115,10.166390420000084],[125.126106262,10.166669846000161],[125.126106262,10.166939736000074],[125.125831604000041,10.16722011600018],[125.125831604000041,10.16749954200003],[125.124526978000063,10.168809891000024],[125.124168396000073,10.169170380000082],[125.123893738000106,10.169170380000082],[125.123611450000226,10.169440270000052],[125.122703552000189,10.169440270000052],[125.122222900000224,10.169440270000052],[125.121673584000064,10.168890000000147],[125.121109010000055,10.168890000000147],[125.120826722000174,10.169170380000082],[125.120552064000208,10.169170380000082],[125.118606568000132,10.171110154000189],[125.118606568000132,10.172220231000097],[125.119163514000206,10.172780037000052],[125.118888856000012,10.173060418000091],[125.118888856000012,10.173330308],[125.119453430000021,10.17389011400013],[125.119918824000024,10.174280167000177],[125.120330811000031,10.174719810000056],[125.120826722000174,10.175279617000115],[125.121109010000055,10.17555999700005],[125.121109010000055,10.175829887000134],[125.121673584000064,10.176389694000022],[125.121673584000064,10.176670074000128],[125.12194824200003,10.176939964000098],[125.12194824200003,10.17722034500008],[125.122222900000224,10.1774997710001],[125.122222900000224,10.177780151000036],[125.12194824200003,10.178059579000092],[125.12194824200003,10.178330422000045],[125.121696472000053,10.178589822000163],[125.121391296000184,10.178890228000171],[125.120956420000084,10.178890228000171],[125.120849610000278,10.178936958000122]]]]}},
{"type":"Feature","properties":{"fid":148,"GID_3":"PHL.71.7.1_1","GID_0":"PHL","COUNTRY":"Philippines","GID_1":"PHL.71_1","NAME_1":"Southern Leyte","NL_NAME_1":"NA","GID_2":"PHL.71.7_1","NAME_2":"Limasawa","NL_NAME_2":"NA","NAME_3":"Cabulihan","VARNAME_3":"NA","NL_NAME_3":"NA","TYPE_3":"Barangay","ENGTYPE_3":"Village","CC_3":"NA","HASC_3":"NA"},"geometry":{"type":"MultiPolygon","coordinates":[[[[125.070373535000044,9.898674965000112],[125.070320130000141,9.898759842000118],[125.070320130000141,9.898900033000132],[125.070266723000032,9.899169923000045],[125.069862366000052,9.899669647],[125.069709779000164,9.900059700000043],[125.069602966000275,9.900320052000097],[125.069412232000104,9.900600433000136],[125.069122314000083,9.900930406000157],[125.068893433000085,9.901399612999967],[125.068778993000024,9.90174961200006],[125.068611145000204,9.902219773000184],[125.06841278100012,9.902350425000122],[125.067779541000164,9.903329850000091],[125.067527772000176,9.903900147000115],[125.067512511000018,9.904529572000058],[125.067428589000087,9.90493965100012],[125.067382812000119,9.905790329000183],[125.067306519000113,9.906530381000152],[125.067390443000136,9.909170152000115],[125.068389892000141,9.909460068000158],[125.069877624000128,9.910180092000019],[125.071098327000072,9.911620139000092],[125.071388245000094,9.914170266000156],[125.071510316000172,9.914560318999975],[125.07166290300006,9.914999962000024],[125.071853637000117,9.915349961000118],[125.071952819000103,9.915829659000053],[125.071861267000031,9.916130066000107],[125.071907044000113,9.916819573000055],[125.07218170200008,9.917400360000045],[125.072418213000105,9.917779923000126],[125.072502137000129,9.918060303000061],[125.072776795000095,9.918330192999974],[125.072776795000095,9.918609619],[125.072860717000253,9.918999672000041],[125.07305908100011,9.919440270000109],[125.073081970000203,9.919830322000053],[125.07333374100017,9.920559883000067],[125.07335662800017,9.920949936000113],[125.075538635000157,9.921159744000079],[125.075157166000281,9.917630196000061],[125.074111938000101,9.913180352000097],[125.073478698000145,9.908359529000109],[125.072486877000074,9.896400451000034],[125.071098327000072,9.89756011999998],[125.070373535000044,9.898674965000112]]]]}},
{"type":"Feature","properties":{"fid":149,"GID_3":"PHL.71.7.2_1","GID_0":"PHL","COUNTRY":"Philippines","GID_1":"PHL.71_1","NAME_1":"Southern Leyte","NL_NAME_1":"NA","GID_2":"PHL.71.7_1","NAME_2":"Limasawa","NL_NAME_2":"NA","NAME_3":"Lugsongan","VARNAME_3":"NA","NL_NAME_3":"NA","TYPE_3":"Barangay","ENGTYPE_3":"Village","CC_3":"NA","HASC_3":"NA"},"geometry":{"type":"MultiPolygon","coordinates":[[[[125.071952819000103,9.947850227000174],[125.071952819000103,9.947500228000081],[125.073379516000159,9.946069718000047],[125.073608399000136,9.945830345000047],[125.073608399000136,9.945650101000012],[125.073608399000136,9.944999696000139],[125.074890137000125,9.943719864000116],[125.075279235000039,9.943329812000172],[125.075279235000039,9.943059922000032],[125.075546265000071,9.942779542000096],[125.075546265000071,9.942379951000021],[125.075546265000071,9.942219735000037],[125.075653075000218,9.942170143000055],[125.076667785000154,9.941670417000068],[125.076667785000154,9.941390037000133],[125.07611083900008,9.940830231],[125.07611083900008,9.939539910000121],[125.07611083900008,9.938890457000127],[125.075843811000027,9.938610077000021],[125.076667785000154,9.93778038],[125.077766419000113,9.9375],[125.078613281000344,9.937219619000075],[125.078727722000167,9.937109948000113],[125.079170227000077,9.936670303000085],[125.079170227000077,9.936389923000149],[125.07943725500013,9.936109544000146],[125.07943725500013,9.935830116000091],[125.07971954300001,9.935560226000177],[125.07971954300001,9.935000420000051],[125.080001831000118,9.934720039000183],[125.080001831000118,9.932909967000171],[125.080001831000118,9.931940079000015],[125.07971954300001,9.931670189000101],[125.080001831000118,9.931389808000063],[125.080001831000118,9.931110382000043],[125.080017090000069,9.930729867000082],[125.079879761000143,9.927780151000093],[125.079673766000042,9.926489831000083],[125.079238891000045,9.92467975600016],[125.078910828000176,9.922679902000084],[125.078483582000217,9.920339584999965],[125.075538635000157,9.921159744000079],[125.075202941000043,9.925550462000103],[125.074920653000163,9.928239823000126],[125.074386596000295,9.931409836000114],[125.072761535000041,9.935509681000156],[125.071853637000117,9.937529563000112],[125.071670533000201,9.939990044000069],[125.070571899000242,9.943770408000034],[125.069709779000164,9.945340157000146],[125.068786621000186,9.947190286000023],[125.071952819000103,9.947850227000174]]]]}},
{"type":"Feature","properties":{"fid":150,"GID_3":"PHL.71.7.3_1","GID_0":"PHL","COUNTRY":"Philippines","GID_1":"PHL.71_1","NAME_1":"Southern Leyte","NL_NAME_1":"NA","GID_2":"PHL.71.7_1","NAME_2":"Limasawa","NL_NAME_2":"NA","NAME_3":"Magallanes","VARNAME_3":"NA","NL_NAME_3":"NA","TYPE_3":"Barangay","ENGTYPE_3":"Village","CC_3":"NA","HASC_3":"NA"},"geometry":{"type":"MultiPolygon","coordinates":[[[[125.070373535000044,9.898674965000112],[125.071098327000072,9.89756011999998],[125.072486877000074,9.896400451000034],[125.073478698000145,9.908359529000109],[125.074111938000101,9.913180352000097],[125.075157166000281,9.917630196000061],[125.075538635000157,9.921159744000079],[125.078483582000217,9.920339584999965],[125.078910828000176,9.922679902000084],[125.079238891000045,9.92467975600016],[125.079673766000042,9.926489831000083],[125.079879761000143,9.927780151000093],[125.080017090000069,9.930729867000082],[125.080001831000118,9.931110382000043],[125.080276489000084,9.930830002000107],[125.080276489000084,9.925559997000107],[125.080001831000118,9.925279617000172],[125.080001831000118,9.924169540000037],[125.07971954300001,9.923890114000017],[125.07971954300001,9.922780037000109],[125.07943725500013,9.922499657000174],[125.07971954300001,9.922220231000153],[125.07971954300001,9.921389580000096],[125.079170227000077,9.920829773000037],[125.07943725500013,9.920559883000067],[125.07943725500013,9.918609619],[125.079170227000077,9.918330192999974],[125.079170227000077,9.918060303000061],[125.078887939000197,9.917779923000126],[125.078887939000197,9.917499542000087],[125.078613281000344,9.917220116000067],[125.078613281000344,9.914170266000156],[125.078330993000122,9.913889885000117],[125.078330993000122,9.913610458],[125.078056335000269,9.913330079000161],[125.078056335000269,9.913060189000021],[125.077766419000113,9.912779808000039],[125.078056335000269,9.912500383000065],[125.078056335000269,9.912220002000083],[125.077499389000195,9.911669731000075],[125.077499389000195,9.909170152000115],[125.077766419000113,9.908889771000133],[125.077766419000113,9.908329965000178],[125.078056335000269,9.908060075000037],[125.078056335000269,9.90388965700015],[125.077766419000113,9.903610229000094],[125.077766419000113,9.903059960000121],[125.077789307000216,9.902830125000037],[125.078056335000269,9.902500152000187],[125.078330993000122,9.902219773000184],[125.078330993000122,9.901390075000052],[125.079170227000077,9.901109696000049],[125.079170227000077,9.900560379000183],[125.078887939000197,9.900279998000144],[125.078887939000197,9.899999619000141],[125.077766419000113,9.898889542000063],[125.076789856000232,9.898599624000042],[125.076393127000188,9.898059846000137],[125.07611083900008,9.897780418000082],[125.075111389000313,9.897150041000089],[125.074996949000138,9.896109582000065],[125.074172973000145,9.895279884000161],[125.073822022000172,9.89500045800014],[125.073608399000136,9.894720077000102],[125.07333374100017,9.894720077000102],[125.073036195000213,9.89507961400011],[125.072883605000015,9.895290374000126],[125.072540284000297,9.895460129000071],[125.07166290300006,9.895830154],[125.071510316000172,9.896069528000112],[125.071388245000094,9.896389961000068],[125.071113587000127,9.896759988000042],[125.070960998000032,9.897219657000164],[125.070808410000041,9.897509575000186],[125.070686340000066,9.897850037000069],[125.070503234000171,9.898280144000069],[125.070373535000044,9.898674965000112]]]]}},
{"type":"Feature","properties":{"fid":151,"GID_3":"PHL.71.7.4_1","GID_0":"PHL","COUNTRY":"Philippines","GID_1":"PHL.71_1","NAME_1":"Southern Leyte","NL_NAME_1":"NA","GID_2":"PHL.71.7_1","NAME_2":"Limasawa","NL_NAME_2":"NA","NAME_3":"San Agustin","VARNAME_3":"NA","NL_NAME_3":"NA","TYPE_3":"Barangay","ENGTYPE_3":"Village","CC_3":"NA","HASC_3":"NA"},"geometry":{"type":"MultiPolygon","coordinates":[[[[125.071952819000103,9.947850227000174],[125.068786621000186,9.947190286000023],[125.067253114000209,9.95176982800001],[125.066001893000134,9.954730034000022],[125.064933777000078,9.95615005600007],[125.062263488000212,9.956919670000161],[125.060173035000162,9.957289697000135],[125.05999755900018,9.958609581000076],[125.059837341000048,9.95917034200005],[125.059829711000134,9.959959984000022],[125.059669494000104,9.960260391000077],[125.059669494000104,9.96057033500017],[125.059593200000222,9.960809707000067],[125.059593200000222,9.96107959699998],[125.059402466000051,9.96185016600009],[125.059349061000034,9.962809563000121],[125.059371947000272,9.963170052000066],[125.059471129000144,9.963600160000112],[125.05944824300002,9.964170457000137],[125.059638977000191,9.964509965000161],[125.059722901000214,9.964719772000024],[125.061943055000029,9.964719772000024],[125.062232971000071,9.96444034700005],[125.063888549000239,9.964170457000137],[125.065002441000047,9.963609695000116],[125.065277099000014,9.963330270000142],[125.065277099000014,9.96306038],[125.065551757000208,9.96277999900019],[125.065551757000208,9.962499617999981],[125.066108703000054,9.962220193000064],[125.067993164000086,9.960339547000046],[125.068046571000195,9.960280419000128],[125.068046571000195,9.960000039000022],[125.068290710000042,9.959770203],[125.06833648700001,9.959659578000185],[125.06833648700001,9.95944023200019],[125.068450928000175,9.959329605000164],[125.068611145000204,9.95917034200005],[125.068603515000063,9.958889962000114],[125.069068909000066,9.958200455000167],[125.069152833000089,9.957360268],[125.069168091000051,9.957220078000148],[125.069183349000127,9.956990243000064],[125.069168091000051,9.956669808000072],[125.069168091000051,9.95611000100007],[125.069442749000245,9.955829621000134],[125.069442749000245,9.955280305000144],[125.070053100000223,9.954669952000188],[125.070556641000053,9.954170228000066],[125.070556641000053,9.95277977000012],[125.071113587000127,9.952219964000165],[125.071113587000127,9.951939583000126],[125.07166290300006,9.951390268000068],[125.07166290300006,9.95110988700003],[125.071113587000127,9.950830459000031],[125.071113587000127,9.950280191000161],[125.071952819000103,9.949440004000166],[125.071952819000103,9.948289872000032],[125.071952819000103,9.947850227000174]]]]}},
{"type":"Feature","properties":{"fid":152,"GID_3":"PHL.71.7.5_1","GID_0":"PHL","COUNTRY":"Philippines","GID_1":"PHL.71_1","NAME_1":"Southern Leyte","NL_NAME_1":"NA","GID_2":"PHL.71.7_1","NAME_2":"Limasawa","NL_NAME_2":"NA","NAME_3":"San Bernardo","VARNAME_3":"NA","NL_NAME_3":"NA","TYPE_3":"Barangay","ENGTYPE_3":"Village","CC_3":"NA","HASC_3":"NA"},"geometry":{"type":"MultiPolygon","coordinates":[[[[125.068786621000186,9.947190286000023],[125.069709779000164,9.945340157000146],[125.070571899000242,9.943770408000034],[125.071670533000201,9.939990044000069],[125.067352296000081,9.939020158000119],[125.067253114000209,9.939510346000134],[125.067222595000089,9.939999581000052],[125.067222595000089,9.941390037000133],[125.066947937000236,9.941670417000068],[125.066993714000205,9.942139627000188],[125.06701660300007,9.942520142000149],[125.066963195000085,9.942950250000024],[125.066711426000097,9.943490028000099],[125.066513062000013,9.943750382000133],[125.066436768000131,9.944129945000043],[125.066390991000162,9.944439887000101],[125.066116333000195,9.944689751000169],[125.065620422000052,9.945380211000099],[125.065277099000014,9.945830345000047],[125.064796449000028,9.946260452000161],[125.064453125000227,9.947219850000124],[125.064056397000058,9.947939873000109],[125.063621521000186,9.948479654000096],[125.062652588000219,9.949669837000101],[125.062400819000118,9.950400354000067],[125.061721802000079,9.951290131000064],[125.061439514000199,9.951919555000075],[125.061279297000169,9.952139854999984],[125.061111451000102,9.952500344999976],[125.060913087000245,9.95293045000011],[125.060836793000021,9.953330041000072],[125.06067657500023,9.953619957000058],[125.060546875000114,9.954170228000066],[125.060173035000162,9.957289697000135],[125.062263488000212,9.956919670000161],[125.064933777000078,9.95615005600007],[125.066001893000134,9.954730034000022],[125.067253114000209,9.95176982800001],[125.068786621000186,9.947190286000023]]]]}},
{"type":"Feature","properties":{"fid":153,"GID_3":"PHL.71.7.6_1","GID_0":"PHL","COUNTRY":"Philippines","GID_1":"PHL.71_1","NAME_1":"Southern Leyte","NL_NAME_1":"NA","GID_2":"PHL.71.7_1","NAME_2":"Limasawa","NL_NAME_2":"NA","NAME_3":"Triana","VARNAME_3":"NA","NL_NAME_3":"NA","TYPE_3":"Barangay","ENGTYPE_3":"Village","CC_3":"NA","HASC_3":"NA"},"geometry":{"type":"MultiPolygon","coordinates":[[[[125.075538635000157,9.921159744000079],[125.07335662800017,9.920949936000113],[125.073402405000138,9.921440124000185],[125.073600769000222,9.924409866000019],[125.07305908100011,9.925559997000107],[125.073013306,9.925829888000123],[125.072906494000222,9.926139832],[125.072418213000105,9.926529885000036],[125.072006226000212,9.92687988400013],[125.071701050000115,9.927049637000039],[125.071388245000094,9.927220345000137],[125.070976258000087,9.927330018000077],[125.070907593000129,9.927680017000171],[125.070831299000019,9.928059577000113],[125.070831299000019,9.928330422000045],[125.070266723000032,9.928890228],[125.069931030000021,9.931209565000188],[125.069793701000208,9.931429863000119],[125.069679260000044,9.931779861000109],[125.069442749000245,9.93249988499997],[125.069358825000108,9.933130265000102],[125.068649292000032,9.933919907000075],[125.06841278100012,9.935239791000015],[125.06833648700001,9.935560226000177],[125.068077087000233,9.935810090000075],[125.067779541000164,9.936389923000149],[125.067512511000018,9.937919617000091],[125.067497253000056,9.938329696000153],[125.067352296000081,9.939020158000119],[125.071670533000201,9.939990044000069],[125.071853637000117,9.937529563000112],[125.072761535000041,9.935509681000156],[125.074386596000295,9.931409836000114],[125.074920653000163,9.928239823000126],[125.075202941000043,9.925550462000103],[125.075538635000157,9.921159744000079]]]]}},
{"type":"Feature","properties":{"fid":154,"GID_3":"PHL.71.8.1_1","GID_0":"PHL","COUNTRY":"Philippines","GID_1":"PHL.71_1","NAME_1":"Southern Leyte","NL_NAME_1":"NA","GID_2":"PHL.71.8_1","NAME_2":"Maasin City","NL_NAME_2":"NA","NAME_3":"Abgao","VARNAME_3":"Poblacion","NL_NAME_3":"NA","TYPE_3":"Barangay","ENGTYPE_3":"Village","CC_3":"NA","HASC_3":"NA"},"geometry":{"type":"MultiPolygon","coordinates":[[[[124.84422302300004,10.132300377000092],[124.843368530000134,10.132459640000036],[124.842529296000066,10.132180214000186],[124.841972350000219,10.131759645000102],[124.841903687000126,10.131580354000107],[124.841766358000086,10.131279945000188],[124.841346741000052,10.130940437000163],[124.840927124000018,10.130940437000163],[124.840232849000131,10.130999563999978],[124.839752198000042,10.130949973999975],[124.83934020900017,10.131050109],[124.839210510000157,10.131079673000158],[124.838676453000062,10.131110192000108],[124.839202880000016,10.133649826000067],[124.839118958000199,10.141510009],[124.838279724000017,10.144940377000182],[124.83854675200007,10.147120477000101],[124.839401245000204,10.148610115000054],[124.842346192000036,10.148380279000037],[124.84382629400011,10.148269653000114],[124.844062805000249,10.141989709000086],[124.844093322000049,10.139160157000106],[124.844139099000017,10.136159896000095],[124.844146729000045,10.135330200000055],[124.84416198700012,10.134599685000069],[124.844169618000137,10.133879662000083],[124.844177246000072,10.133259773000077],[124.844192504000034,10.132789613000057],[124.84422302300004,10.132300377000092]]]]}},
{"type":"Feature","properties":{"fid":155,"GID_3":"PHL.71.8.2_1","GID_0":"PHL","COUNTRY":"Philippines","GID_1":"PHL.71_1","NAME_1":"Southern Leyte","NL_NAME_1":"NA","GID_2":"PHL.71.8_1","NAME_2":"Maasin City","NL_NAME_2":"NA","NAME_3":"Acasia","VARNAME_3":"NA","NL_NAME_3":"NA","TYPE_3":"Barangay","ENGTYPE_3":"Village","CC_3":"NA","HASC_3":"NA"},"geometry":{"type":"MultiPolygon","coordinates":[[[[124.86454010000034,10.215250015000038],[124.862228394000226,10.216039658999989],[124.859573365000188,10.217559815000016],[124.857383727000069,10.219440461000033],[124.853179932000103,10.219579696999972],[124.847396851000099,10.22054958300015],[124.848823548000041,10.233220101000086],[124.862388611000029,10.233139993],[124.861137390000181,10.227959633000069],[124.862823487000014,10.22449016500002],[124.862777710000046,10.221480369000062],[124.86377716100003,10.218509675000121],[124.86454010000034,10.215250015000038]]]]}},
{"type":"Feature","properties":{"fid":156,"GID_3":"PHL.71.8.3_1","GID_0":"PHL","COUNTRY":"Philippines","GID_1":"PHL.71_1","NAME_1":"Southern Leyte","NL_NAME_1":"NA","GID_2":"PHL.71.8_1","NAME_2":"Maasin City","NL_NAME_2":"NA","NAME_3":"Asuncion","VARNAME_3":"NA","NL_NAME_3":"NA","TYPE_3":"Barangay","ENGTYPE_3":"Village","CC_3":"NA","HASC_3":"NA"},"geometry":{"type":"MultiPolygon","coordinates":[[[[124.86102295000012,10.128620148000152],[124.86094665600001,10.128620148000152],[124.86036682200006,10.128689766000036],[124.85986328100023,10.128849983000066],[124.859382628000162,10.128970147000018],[124.858978272000058,10.129110336],[124.858428956000125,10.129249572000163],[124.857681274000015,10.129449844000021],[124.857360841000059,10.129409790000068],[124.85722351000004,10.129409790000068],[124.856971740000176,10.130559921000156],[124.856750488000102,10.131569863000038],[124.855422973000145,10.134779931000082],[124.853683471000068,10.135919572000148],[124.853736878000177,10.137249947000157],[124.855377198000042,10.138449668000021],[124.863380433000088,10.137630462000118],[124.872093201000098,10.137490273000139],[124.868377685000041,10.135140418000162],[124.861671448000152,10.129260063000061],[124.86102295000012,10.128620148000152]]]]}},
{"type":"Feature","properties":{"fid":157,"GID_3":"PHL.71.8.4_1","GID_0":"PHL","COUNTRY":"Philippines","GID_1":"PHL.71_1","NAME_1":"Southern Leyte","NL_NAME_1":"NA","GID_2":"PHL.71.8_1","NAME_2":"Maasin City","NL_NAME_2":"NA","NAME_3":"Bactul I","VARNAME_3":"NA","NL_NAME_3":"NA","TYPE_3":"Barangay","ENGTYPE_3":"Village","CC_3":"NA","HASC_3":"NA"},"geometry":{"type":"MultiPolygon","coordinates":[[[[124.809898377000195,10.18253040400009],[124.795570373000032,10.182579994000093],[124.784278869000104,10.182600022000145],[124.784057616000041,10.184280396000077],[124.783767700000226,10.186039926000035],[124.783248901000206,10.192549706000023],[124.796783447000053,10.19297027600004],[124.810241698000254,10.193639755000106],[124.810859680000021,10.188469887000053],[124.809898377000195,10.18253040400009]]]]}},
{"type":"Feature","properties":{"fid":158,"GID_3":"PHL.71.8.5_1","GID_0":"PHL","COUNTRY":"Philippines","GID_1":"PHL.71_1","NAME_1":"Southern Leyte","NL_NAME_1":"NA","GID_2":"PHL.71.8_1","NAME_2":"Maasin City","NL_NAME_2":"NA","NAME_3":"Bactul II","VARNAME_3":"NA","NL_NAME_3":"NA","TYPE_3":"Barangay","ENGTYPE_3":"Village","CC_3":"NA","HASC_3":"NA"},"geometry":{"type":"MultiPolygon","coordinates":[[[[124.784278869000104,10.182600022000145],[124.795570373000032,10.182579994000093],[124.809898377000195,10.18253040400009],[124.81018829300001,10.169770241000094],[124.801368712000112,10.170359611000151],[124.795249938000097,10.171930312000029],[124.791526794000106,10.171839715000033],[124.790061950000222,10.172849655000107],[124.788101196000298,10.172599793000074],[124.785560609000186,10.173339843000178],[124.784523010000044,10.175459862000025],[124.78517150800019,10.177140236000128],[124.784187317000033,10.179519653000114],[124.784278869000104,10.182600022000145]]]]}},
{"type":"Feature","properties":{"fid":159,"GID_3":"PHL.71.8.6_1","GID_0":"PHL","COUNTRY":"Philippines","GID_1":"PHL.71_1","NAME_1":"Southern Leyte","NL_NAME_1":"NA","GID_2":"PHL.71.8_1","NAME_2":"Maasin City","NL_NAME_2":"NA","NAME_3":"Badiang","VARNAME_3":"NA","NL_NAME_3":"NA","TYPE_3":"Barangay","ENGTYPE_3":"Village","CC_3":"NA","HASC_3":"NA"},"geometry":{"type":"MultiPolygon","coordinates":[[[[124.814796449000141,10.130570412],[124.814346313000328,10.130559921000156],[124.813713073000031,10.130519867000032],[124.813163757000211,10.130390168000019],[124.813056945000085,10.13035964900007],[124.812667847000057,10.130249977000062],[124.812240601000212,10.130049705000033],[124.811782838000227,10.129929544000106],[124.811370849000014,10.129759789],[124.81095886200012,10.129719734000162],[124.809959412000012,10.12969017],[124.809379578000176,10.129590034999978],[124.808853150000118,10.129650116000107],[124.808326721000185,10.129529952999974],[124.807853699000134,10.129549981000082],[124.807739258000197,10.129540443000167],[124.807319641000163,10.129520417000094],[124.806961059000173,10.129670144000158],[124.807197570000085,10.129839897000068],[124.810417176000215,10.133709908000071],[124.811569213000098,10.136110306000091],[124.810272217000033,10.139069557000084],[124.809463501000096,10.141500474000054],[124.807159424000133,10.142930031000105],[124.806640800000082,10.144569793000073],[124.807121578000078,10.146639153000024],[124.807289124000022,10.147359848000065],[124.808113098000035,10.148969651000129],[124.808716897000181,10.149573450000105],[124.809463498000014,10.150320051000108],[124.815742493000016,10.149720192000132],[124.814819335000038,10.131489754000086],[124.814796449000141,10.130570412]]]]}},
{"type":"Feature","properties":{"fid":160,"GID_3":"PHL.71.8.7_1","GID_0":"PHL","COUNTRY":"Philippines","GID_1":"PHL.71_1","NAME_1":"Southern Leyte","NL_NAME_1":"NA","GID_2":"PHL.71.8_1","NAME_2":"Maasin City","NL_NAME_2":"NA","NAME_3":"Bagtican","VARNAME_3":"NA","NL_NAME_3":"NA","TYPE_3":"Barangay","ENGTYPE_3":"Village","CC_3":"NA","HASC_3":"NA"},"geometry":{"type":"MultiPolygon","coordinates":[[[[124.852149964000319,10.156490326000039],[124.855216980000023,10.157059670000081],[124.856712341000048,10.156929969000089],[124.857772828000179,10.157719611000061],[124.859016419000113,10.156999588000076],[124.861488342000257,10.156299592000096],[124.868026733000079,10.157990456],[124.873336792000032,10.159469605000083],[124.875518799000019,10.159859657000027],[124.880149841000048,10.160240173999966],[124.882972716000154,10.161259652000126],[124.882186889000195,10.15272045200004],[124.882041930000014,10.151399613000081],[124.870956421000187,10.151789666000127],[124.852096557000095,10.152159691000122],[124.852317810000045,10.1547002800001],[124.852149964000319,10.156490326000039]]]]}},
{"type":"Feature","properties":{"fid":161,"GID_3":"PHL.71.8.8_1","GID_0":"PHL","COUNTRY":"Philippines","GID_1":"PHL.71_1","NAME_1":"Southern Leyte","NL_NAME_1":"NA","GID_2":"PHL.71.8_1","NAME_2":"Maasin City","NL_NAME_2":"NA","NAME_3":"Basak","VARNAME_3":"NA","NL_NAME_3":"NA","TYPE_3":"Barangay","ENGTYPE_3":"Village","CC_3":"NA","HASC_3":"NA"},"geometry":{"type":"MultiPolygon","coordinates":[[[[124.920883178000167,10.190219879000097],[124.912193298000034,10.187890053000046],[124.909416198000145,10.189729691000025],[124.908950806,10.192110062999973],[124.909538269000222,10.195569992],[124.910537720000207,10.197270394000043],[124.912887573000035,10.199669837000044],[124.915977478000173,10.202630043],[124.917297364000092,10.199660301000165],[124.920883178000167,10.190219879000097]]]]}},
{"type":"Feature","properties":{"fid":162,"GID_3":"PHL.71.8.9_1","GID_0":"PHL","COUNTRY":"Philippines","GID_1":"PHL.71_1","NAME_1":"Southern Leyte","NL_NAME_1":"NA","GID_2":"PHL.71.8_1","NAME_2":"Maasin City","NL_NAME_2":"NA","NAME_3":"Bato I","VARNAME_3":"NA","NL_NAME_3":"NA","TYPE_3":"Barangay","ENGTYPE_3":"Village","CC_3":"NA","HASC_3":"NA"},"geometry":{"type":"MultiPolygon","coordinates":[[[[124.875541688000112,10.192919731000188],[124.885772705000022,10.192090034000046],[124.884681701000204,10.179050446000076],[124.870933532000208,10.179770470000165],[124.871246339000209,10.183480263000035],[124.872688294000227,10.184960365000109],[124.874366760000044,10.187769889000094],[124.874923706000118,10.191189767000083],[124.875541688000112,10.192919731000188]]]]}},
{"type":"Feature","properties":{"fid":163,"GID_3":"PHL.71.8.10_1","GID_0":"PHL","COUNTRY":"Philippines","GID_1":"PHL.71_1","NAME_1":"Southern Leyte","NL_NAME_1":"NA","GID_2":"PHL.71.8_1","NAME_2":"Maasin City","NL_NAME_2":"NA","NAME_3":"Bato II","VARNAME_3":"NA","NL_NAME_3":"NA","TYPE_3":"Barangay","ENGTYPE_3":"Village","CC_3":"NA","HASC_3":"NA"},"geometry":{"type":"MultiPolygon","coordinates":[[[[124.885772705000022,10.192090034000046],[124.875541688000112,10.192919731000188],[124.878181457000096,10.207889557000158],[124.887542725000117,10.207349777000104],[124.886642456000345,10.199850083000058],[124.885772705000022,10.192090034000046]]]]}},
{"type":"Feature","properties":{"fid":164,"GID_3":"PHL.71.8.11_1","GID_0":"PHL","COUNTRY":"Philippines","GID_1":"PHL.71_1","NAME_1":"Southern Leyte","NL_NAME_1":"NA","GID_2":"PHL.71.8_1","NAME_2":"Maasin City","NL_NAME_2":"NA","NAME_3":"Batuan","VARNAME_3":"NA","NL_NAME_3":"NA","TYPE_3":"Barangay","ENGTYPE_3":"Village","CC_3":"NA","HASC_3":"NA"},"geometry":{"type":"MultiPolygon","coordinates":[[[[124.827087402000188,10.148429871000076],[124.825698852000073,10.148750306000181],[124.823486329000048,10.149250032000168],[124.82286071700014,10.167739868000012],[124.8303833020002,10.168180466000081],[124.830551147000165,10.165639877000103],[124.830673218000015,10.163129807000075],[124.832046510000168,10.160420418000172],[124.834007264000206,10.156889914999965],[124.832496643000013,10.153940201000182],[124.830886840000176,10.148170471000071],[124.82875824000007,10.148320198000135],[124.827087402000188,10.148429871000076]]]]}},
{"type":"Feature","properties":{"fid":165,"GID_3":"PHL.71.8.12_1","GID_0":"PHL","COUNTRY":"Philippines","GID_1":"PHL.71_1","NAME_1":"Southern Leyte","NL_NAME_1":"NA","GID_2":"PHL.71.8_1","NAME_2":"Maasin City","NL_NAME_2":"NA","NAME_3":"Baugo","VARNAME_3":"NA","NL_NAME_3":"NA","TYPE_3":"Barangay","ENGTYPE_3":"Village","CC_3":"NA","HASC_3":"NA"},"geometry":{"type":"MultiPolygon","coordinates":[[[[124.847381591000044,10.253769875000046],[124.853469849000021,10.256369591000066],[124.859550476000322,10.259300231000054],[124.863563537000118,10.261719704000143],[124.865303040000072,10.255299569000158],[124.866432191000172,10.251509666000175],[124.867706298000144,10.249139785000125],[124.869232177000185,10.24794960000014],[124.868637084000056,10.242560387000026],[124.849342345000082,10.242099763000112],[124.845466614000316,10.252759934999972],[124.847381591000044,10.253769875000046]]]]}},
{"type":"Feature","properties":{"fid":166,"GID_3":"PHL.71.8.13_1","GID_0":"PHL","COUNTRY":"Philippines","GID_1":"PHL.71_1","NAME_1":"Southern Leyte","NL_NAME_1":"NA","GID_2":"PHL.71.8_1","NAME_2":"Maasin City","NL_NAME_2":"NA","NAME_3":"Bilibol","VARNAME_3":"NA","NL_NAME_3":"NA","TYPE_3":"Barangay","ENGTYPE_3":"Village","CC_3":"NA","HASC_3":"NA"},"geometry":{"type":"MultiPolygon","coordinates":[[[[124.75940704300001,10.192119597999977],[124.759269714000084,10.191849708000063],[124.760360718000129,10.187879561999978],[124.761001588000227,10.185500145000049],[124.76367187600033,10.183119773999977],[124.764770507000208,10.184049607000077],[124.764877320000096,10.183480263000035],[124.764999390000071,10.182869912000115],[124.765098572000056,10.17969989900007],[124.765159608000317,10.177909852000028],[124.765792847000057,10.176810266000189],[124.766166688000339,10.176010133000148],[124.766197204000036,10.175930024000024],[124.766563416000167,10.175180435000073],[124.754043579000154,10.17605972299998],[124.753639221000071,10.17613983200016],[124.753356933000191,10.176850320000142],[124.75316619900002,10.177379608000024],[124.75332641600005,10.177969933000099],[124.753547669000113,10.178489685000159],[124.753608704000271,10.178999901000054],[124.753616332000206,10.179510117],[124.753631593000136,10.180120468000155],[124.753898620000086,10.180789947000051],[124.754150390000177,10.181220055000097],[124.754272460000152,10.18152999900019],[124.754409789000078,10.181719781000083],[124.754447936000133,10.181969643000116],[124.754501343000015,10.182259559000158],[124.754638672000056,10.182510376000039],[124.75467681900011,10.182789803000105],[124.754592895000087,10.18313026400017],[124.754478455000026,10.183509827000023],[124.754333496000072,10.183890343000087],[124.754058838000219,10.184260368000025],[124.753852843000118,10.184749603000114],[124.753646851000326,10.185239793000164],[124.753562927000303,10.185759545000167],[124.753440856000111,10.186289787000021],[124.753356933000191,10.186880112000097],[124.753387451000208,10.187509537000039],[124.753616332000206,10.188030244],[124.753852843000118,10.188520432000075],[124.754089356000122,10.188819885999976],[124.754547118000119,10.188960075000125],[124.754837037000016,10.18937015500012],[124.75511169500021,10.189590455000086],[124.755180358000075,10.189649582000072],[124.755203247000168,10.189749717000097],[124.755332947000056,10.19040966100016],[124.755531312000016,10.19067955100013],[124.755836486000021,10.190910339000027],[124.75637054400022,10.191309930000159],[124.757400512000117,10.191710472000068],[124.757766724000021,10.19180965400011],[124.757873534000055,10.191849708000063],[124.758209228000055,10.19196987100014],[124.759063720000086,10.192020416000105],[124.75940704300001,10.192119597999977]]]]}},
{"type":"Feature","properties":{"fid":167,"GID_3":"PHL.71.8.14_1","GID_0":"PHL","COUNTRY":"Philippines","GID_1":"PHL.71_1","NAME_1":"Southern Leyte","NL_NAME_1":"NA","GID_2":"PHL.71.8_1","NAME_2":"Maasin City","NL_NAME_2":"NA","NAME_3":"Bogo","VARNAME_3":"NA","NL_NAME_3":"NA","TYPE_3":"Barangay","ENGTYPE_3":"Village","CC_3":"NA","HASC_3":"NA"},"geometry":{"type":"MultiPolygon","coordinates":[[[[124.857772828000179,10.157719611000061],[124.856712341000048,10.156929969000089],[124.855216980000023,10.157059670000081],[124.852149964000319,10.156490326000039],[124.852226258000087,10.157970428000112],[124.852981568000018,10.158749580000119],[124.851623535000044,10.16075038800011],[124.848953247000054,10.161950112000056],[124.848022461000141,10.163000106000084],[124.850807189000193,10.164409637000063],[124.852149964000319,10.166080475000115],[124.850982667000153,10.167639732999987],[124.849876403000053,10.16989994000005],[124.85167694200004,10.171070099000133],[124.853919982000093,10.171979904000011],[124.85437011800002,10.173339843000178],[124.852951049000126,10.174759865000112],[124.850669860000039,10.176679612000044],[124.851013184000067,10.177969933000099],[124.85241699200003,10.179309845000148],[124.853393555000139,10.180859566000038],[124.860809325000105,10.179889680000088],[124.870933532000208,10.179770470000165],[124.870819092000147,10.177969933000099],[124.869499207000104,10.176010133000148],[124.867248534000055,10.172610284000143],[124.865142823000042,10.169730187000141],[124.865188598000032,10.167819977000022],[124.864196776000199,10.164329529000042],[124.86190032900015,10.161800385000049],[124.860160827000072,10.160019874000056],[124.857772828000179,10.157719611000061]]]]}},
{"type":"Feature","properties":{"fid":168,"GID_3":"PHL.71.8.15_1","GID_0":"PHL","COUNTRY":"Philippines","GID_1":"PHL.71_1","NAME_1":"Southern Leyte","NL_NAME_1":"NA","GID_2":"PHL.71.8_1","NAME_2":"Maasin City","NL_NAME_2":"NA","NAME_3":"Cabadiangan","VARNAME_3":"NA","NL_NAME_3":"NA","TYPE_3":"Barangay","ENGTYPE_3":"Village","CC_3":"NA","HASC_3":"NA"},"geometry":{"type":"MultiPolygon","coordinates":[[[[124.886642456000345,10.199850083000058],[124.887542725000117,10.207349777000104],[124.914413452000076,10.206629753000186],[124.915977478000173,10.202630043],[124.886642456000345,10.199850083000058]]]]}},
{"type":"Feature","properties":{"fid":169,"GID_3":"PHL.71.8.16_1","GID_0":"PHL","COUNTRY":"Philippines","GID_1":"PHL.71_1","NAME_1":"Southern Leyte","NL_NAME_1":"NA","GID_2":"PHL.71.8_1","NAME_2":"Maasin City","NL_NAME_2":"NA","NAME_3":"Cabulihan","VARNAME_3":"NA","NL_NAME_3":"NA","TYPE_3":"Barangay","ENGTYPE_3":"Village","CC_3":"NA","HASC_3":"NA"},"geometry":{"type":"MultiPolygon","coordinates":[[[[124.764717102000304,10.150509834000104],[124.764640809000298,10.150699615000121],[124.763603210000156,10.151809692000029],[124.763038636000033,10.152429581000035],[124.76183319200004,10.15318012299997],[124.761268616000052,10.153929710999989],[124.760787963000212,10.154569626000125],[124.760559082000213,10.154850007000107],[124.760017395000204,10.155529975999968],[124.758903503000056,10.155719757000156],[124.758743287000129,10.155570030000092],[124.758468627000184,10.155550002000041],[124.758041382000215,10.155650139000102],[124.757568360000164,10.156080247000148],[124.757469178000179,10.156660079000176],[124.757316590000073,10.157139779000033],[124.757217408000088,10.157569886000033],[124.757049560000041,10.158020020000151],[124.756759644000226,10.158519746000081],[124.756690979000155,10.159179687000062],[124.756797791000054,10.159870147],[124.757110596000302,10.160460472000068],[124.75742340100021,10.16156005900001],[124.757377624000014,10.162719728000127],[124.758262635000165,10.162919998],[124.774261474000241,10.166040421],[124.77503204300001,10.165120125000101],[124.774787902000071,10.164059637999969],[124.774726869000119,10.163849831000107],[124.774513244000104,10.162879943000178],[124.774551391000159,10.162249566000128],[124.774581909000062,10.161760331000096],[124.776161194000224,10.161120415000084],[124.778053284000066,10.159770011999967],[124.778778076000208,10.156880379000086],[124.778968810000038,10.153940201000182],[124.778503418000014,10.151020050000056],[124.766838074000134,10.150420189000045],[124.765663147000168,10.150469779000105],[124.764717102000304,10.150509834000104]]]]}},
{"type":"Feature","properties":{"fid":170,"GID_3":"PHL.71.8.17_1","GID_0":"PHL","COUNTRY":"Philippines","GID_1":"PHL.71_1","NAME_1":"Southern Leyte","NL_NAME_1":"NA","GID_2":"PHL.71.8_1","NAME_2":"Maasin City","NL_NAME_2":"NA","NAME_3":"Cagnituan","VARNAME_3":"NA","NL_NAME_3":"NA","TYPE_3":"Barangay","ENGTYPE_3":"Village","CC_3":"NA","HASC_3":"NA"},"geometry":{"type":"MultiPolygon","coordinates":[[[[124.908576966000169,10.161350251000101],[124.910408019000215,10.160670280000033],[124.912429809000173,10.160719872000072],[124.915550232000101,10.161219598],[124.918930054000043,10.160989761999986],[124.922203064000087,10.15966034000013],[124.923553467000033,10.158679961000132],[124.926086426000097,10.158109664999984],[124.927650452000194,10.157130241000175],[124.929687500000114,10.154689789000031],[124.934837341000048,10.155280114000107],[124.93755340600012,10.156990052000026],[124.938926696000067,10.154339790000108],[124.930458069000224,10.146730424000054],[124.919410706,10.146590232000165],[124.907096864000096,10.146100044000093],[124.906616211000028,10.155619621000028],[124.90762329100005,10.160280229000023],[124.908576966000169,10.161350251000101]]]]}},
{"type":"Feature","properties":{"fid":171,"GID_3":"PHL.71.8.18_1","GID_0":"PHL","COUNTRY":"Philippines","GID_1":"PHL.71_1","NAME_1":"Southern Leyte","NL_NAME_1":"NA","GID_2":"PHL.71.8_1","NAME_2":"Maasin City","NL_NAME_2":"NA","NAME_3":"Cambooc","VARNAME_3":"NA","NL_NAME_3":"NA","TYPE_3":"Barangay","ENGTYPE_3":"Village","CC_3":"NA","HASC_3":"NA"},"geometry":{"type":"MultiPolygon","coordinates":[[[[124.847396851000099,10.22054958300015],[124.853179932000103,10.219579696999972],[124.857383727000069,10.219440461000033],[124.859573365000188,10.217559815000016],[124.862228394000226,10.216039658999989],[124.86454010000034,10.215250015000038],[124.866279602000077,10.21317958800006],[124.865547180000021,10.210820199000182],[124.864509583000086,10.208499908000135],[124.863616944000341,10.2054100040001],[124.862709046000191,10.202859879000187],[124.859939574,10.201589583999976],[124.857749939000087,10.199319840000101],[124.85755157500023,10.196530342000074],[124.856796265000071,10.191670417000012],[124.855529785000272,10.189049722],[124.851783752000074,10.184229851000111],[124.853393555000139,10.180859566000038],[124.84539795,10.180540085000132],[124.838401795000095,10.180219651000129],[124.83778381400009,10.188460349000025],[124.836357117000034,10.188549996000063],[124.834030150000103,10.186679841000114],[124.831428528000174,10.186420441000166],[124.827667237000128,10.185740472000134],[124.824340821000078,10.186389922000046],[124.822113037000122,10.187170029000185],[124.819236755000134,10.18572044300015],[124.81620788500004,10.187849998000047],[124.810859680000021,10.188469887000053],[124.810241698000254,10.193639755000106],[124.810150146000183,10.20170021000007],[124.808532715000183,10.203599931000156],[124.808883667000032,10.20633983700003],[124.808242797000162,10.208100318999982],[124.808723449000013,10.210100173000114],[124.809646607000104,10.212470054000164],[124.810150146000183,10.215459824000106],[124.819122314000197,10.216409684000155],[124.829803467000147,10.217949868000062],[124.847396851000099,10.22054958300015]]]]}},
{"type":"Feature","properties":{"fid":172,"GID_3":"PHL.71.8.19_1","GID_0":"PHL","COUNTRY":"Philippines","GID_1":"PHL.71_1","NAME_1":"Southern Leyte","NL_NAME_1":"NA","GID_2":"PHL.71.8_1","NAME_2":"Maasin City","NL_NAME_2":"NA","NAME_3":"Cansirong","VARNAME_3":"NA","NL_NAME_3":"NA","TYPE_3":"Barangay","ENGTYPE_3":"Village","CC_3":"NA","HASC_3":"NA"},"geometry":{"type":"MultiPolygon","coordinates":[[[[124.827949523000029,10.2343397140001],[124.832717896000077,10.236980438000103],[124.835372925000115,10.239669799000126],[124.838432312,10.243980408000027],[124.839111328000058,10.246850013000028],[124.845466614000316,10.252759934999972],[124.849342345000082,10.242099763000112],[124.848823548000041,10.233220101000086],[124.827949523000029,10.2343397140001]]]]}},
{"type":"Feature","properties":{"fid":173,"GID_3":"PHL.71.8.20_1","GID_0":"PHL","COUNTRY":"Philippines","GID_1":"PHL.71_1","NAME_1":"Southern Leyte","NL_NAME_1":"NA","GID_2":"PHL.71.8_1","NAME_2":"Maasin City","NL_NAME_2":"NA","NAME_3":"Canturing","VARNAME_3":"NA","NL_NAME_3":"NA","TYPE_3":"Barangay","ENGTYPE_3":"Village","CC_3":"NA","HASC_3":"NA"},"geometry":{"type":"MultiPolygon","coordinates":[[[[124.872093201000098,10.137490273000139],[124.863380433000088,10.137630462000118],[124.855377198000042,10.138449668000021],[124.8554382330002,10.140219689000048],[124.859939574,10.141570092000109],[124.863418580000143,10.143309593000083],[124.865432739000084,10.144470215000183],[124.868461609000178,10.146010399999966],[124.86961364800004,10.147600174000047],[124.870590211000263,10.150469779000105],[124.870956421000187,10.151789666000127],[124.882041930000014,10.151399613000081],[124.880653382000105,10.149920463000115],[124.87947845500014,10.148150445000056],[124.88027954000006,10.1437702180001],[124.876243591000161,10.143429757000035],[124.876121520000083,10.14282989600008],[124.875892639000085,10.141710281000087],[124.874526978000176,10.13916969200011],[124.872093201000098,10.137490273000139]]]]}},
{"type":"Feature","properties":{"fid":174,"GID_3":"PHL.71.8.21_1","GID_0":"PHL","COUNTRY":"Philippines","GID_1":"PHL.71_1","NAME_1":"Southern Leyte","NL_NAME_1":"NA","GID_2":"PHL.71.8_1","NAME_2":"Maasin City","NL_NAME_2":"NA","NAME_3":"Canyuom","VARNAME_3":"NA","NL_NAME_3":"NA","TYPE_3":"Barangay","ENGTYPE_3":"Village","CC_3":"NA","HASC_3":"NA"},"geometry":{"type":"MultiPolygon","coordinates":[[[[124.915977478000173,10.202630043],[124.912887573000035,10.199669837000044],[124.910537720000207,10.197270394000043],[124.909538269000222,10.195569992],[124.908950806,10.192110062999973],[124.909416198000145,10.189729691000025],[124.912193298000034,10.187890053000046],[124.920883178000167,10.190219879000097],[124.922851562000119,10.18432045000003],[124.925132752000081,10.178739549000056],[124.884681701000204,10.179050446000076],[124.885772705000022,10.192090034000046],[124.886642456000345,10.199850083000058],[124.915977478000173,10.202630043]]]]}},
{"type":"Feature","properties":{"fid":175,"GID_3":"PHL.71.8.22_1","GID_0":"PHL","COUNTRY":"Philippines","GID_1":"PHL.71_1","NAME_1":"Southern Leyte","NL_NAME_1":"NA","GID_2":"PHL.71.8_1","NAME_2":"Maasin City","NL_NAME_2":"NA","NAME_3":"Combado","VARNAME_3":"NA","NL_NAME_3":"NA","TYPE_3":"Barangay","ENGTYPE_3":"Village","CC_3":"NA","HASC_3":"NA"},"geometry":{"type":"MultiPolygon","coordinates":[[[[124.823486329000048,10.149250032000168],[124.825698852000073,10.148750306000181],[124.827087402000188,10.148429871000076],[124.830772400000114,10.132659912000065],[124.830841064000083,10.132459640000036],[124.83042907700019,10.132269859000019],[124.829376220000199,10.13179016100014],[124.828681945000085,10.13136959100018],[124.82848358300032,10.131299973000068],[124.827713012000117,10.131030083000155],[124.827178954000146,10.130579949000037],[124.826690674000019,10.130559921000156],[124.826232910000044,10.130559921000156],[124.82581329300001,10.130559921000156],[124.825439453000172,10.130559921000156],[124.825080871000182,10.130559921000156],[124.824699403000068,10.130550385000049],[124.824302674000023,10.130490303000045],[124.824043275000122,10.130379677000121],[124.82391357400013,10.130310059000067],[124.822807312000236,10.130350114000066],[124.822647094000104,10.136440277000133],[124.823440552000079,10.139630318],[124.822280884000065,10.143859864000035],[124.822349548000034,10.14636039700008],[124.823486329000048,10.149250032000168]]]]}},
{"type":"Feature","properties":{"fid":176,"GID_3":"PHL.71.8.23_1","GID_0":"PHL","COUNTRY":"Philippines","GID_1":"PHL.71_1","NAME_1":"Southern Leyte","NL_NAME_1":"NA","GID_2":"PHL.71.8_1","NAME_2":"Maasin City","NL_NAME_2":"NA","NAME_3":"Dongon","VARNAME_3":"NA","NL_NAME_3":"NA","TYPE_3":"Barangay","ENGTYPE_3":"Village","CC_3":"NA","HASC_3":"NA"},"geometry":{"type":"MultiPolygon","coordinates":[[[[124.882972716000154,10.161259652000126],[124.880149841000048,10.160240173999966],[124.875518799000019,10.159859657000027],[124.873336792000032,10.159469605000083],[124.868026733000079,10.157990456],[124.861488342000257,10.156299592000096],[124.859016419000113,10.156999588000076],[124.857772828000179,10.157719611000061],[124.860160827000072,10.160019874000056],[124.86190032900015,10.161800385000049],[124.864196776000199,10.164329529000042],[124.865188598000032,10.167819977000022],[124.865142823000042,10.169730187000141],[124.891212462000112,10.167790413000034],[124.928657532000216,10.172280311000122],[124.93755340600012,10.156990052000026],[124.934837341000048,10.155280114000107],[124.929687500000114,10.154689789000031],[124.927650452000194,10.157130241000175],[124.926086426000097,10.158109664999984],[124.923553467000033,10.158679961000132],[124.922203064000087,10.15966034000013],[124.918930054000043,10.160989761999986],[124.915550232000101,10.161219598],[124.912429809000173,10.160719872000072],[124.910408019000215,10.160670280000033],[124.908576966000169,10.161350251000101],[124.882972716000154,10.161259652000126]]]]}},
{"type":"Feature","properties":{"fid":177,"GID_3":"PHL.71.8.24_1","GID_0":"PHL","COUNTRY":"Philippines","GID_1":"PHL.71_1","NAME_1":"Southern Leyte","NL_NAME_1":"NA","GID_2":"PHL.71.8_1","NAME_2":"Maasin City","NL_NAME_2":"NA","NAME_3":"Gawisan","VARNAME_3":"NA","NL_NAME_3":"NA","TYPE_3":"Barangay","ENGTYPE_3":"Village","CC_3":"NA","HASC_3":"NA"},"geometry":{"type":"MultiPolygon","coordinates":[[[[124.848823548000041,10.233220101000086],[124.847396851000099,10.22054958300015],[124.829803467000147,10.217949868000062],[124.827949523000029,10.2343397140001],[124.848823548000041,10.233220101000086]]]]}},
{"type":"Feature","properties":{"fid":178,"GID_3":"PHL.71.8.25_1","GID_0":"PHL","COUNTRY":"Philippines","GID_1":"PHL.71_1","NAME_1":"Southern Leyte","NL_NAME_1":"NA","GID_2":"PHL.71.8_1","NAME_2":"Maasin City","NL_NAME_2":"NA","NAME_3":"Guadalupe","VARNAME_3":"NA","NL_NAME_3":"NA","TYPE_3":"Barangay","ENGTYPE_3":"Village","CC_3":"NA","HASC_3":"NA"},"geometry":{"type":"MultiPolygon","coordinates":[[[[124.753639221000071,10.17613983200016],[124.754043579000154,10.17605972299998],[124.766563416000167,10.175180435000073],[124.7690429700001,10.17490005600007],[124.774261474000241,10.166040421],[124.758262635000165,10.162919998],[124.757377624000014,10.162719728000127],[124.757362365000063,10.163100243000088],[124.757156373000271,10.163479806000169],[124.756866455000136,10.163900376000129],[124.756576538000218,10.164440156000012],[124.756866455000136,10.165149689000032],[124.757026672000279,10.165900230000034],[124.757278441000039,10.166489602000127],[124.757446289000086,10.167010307000169],[124.757476806000227,10.167530060999979],[124.757392884000069,10.168020249000051],[124.757217408000088,10.168439866000028],[124.757217408000088,10.169870376000119],[124.756828308000081,10.171259881000026],[124.756813049000129,10.171750069000097],[124.75668335100022,10.172100068000191],[124.756538391000163,10.172360420000075],[124.756408691000047,10.172550201000035],[124.75626373300031,10.172710419000168],[124.755996704000154,10.172719956000151],[124.755699157000095,10.172559739000121],[124.755409241000166,10.172189712000147],[124.75505828900009,10.171589850999965],[124.754806518000123,10.171480179000127],[124.754432678000057,10.171319961000052],[124.753883362000124,10.171520233000081],[124.753738403000057,10.172080039000036],[124.753807068000015,10.173460006000084],[124.753807068000015,10.174770355000078],[124.753738403000057,10.175880432000156],[124.753639221000071,10.17613983200016]]]]}},
{"type":"Feature","properties":{"fid":179,"GID_3":"PHL.71.8.26_1","GID_0":"PHL","COUNTRY":"Philippines","GID_1":"PHL.71_1","NAME_1":"Southern Leyte","NL_NAME_1":"NA","GID_2":"PHL.71.8_1","NAME_2":"Maasin City","NL_NAME_2":"NA","NAME_3":"Hanginan","VARNAME_3":"NA","NL_NAME_3":"NA","TYPE_3":"Barangay","ENGTYPE_3":"Village","CC_3":"NA","HASC_3":"NA"},"geometry":{"type":"MultiPolygon","coordinates":[[[[124.882041930000014,10.151399613000081],[124.882186889000195,10.15272045200004],[124.882972716000154,10.161259652000126],[124.908576966000169,10.161350251000101],[124.90762329100005,10.160280229000023],[124.906616211000028,10.155619621000028],[124.907096864000096,10.146100044000093],[124.891036987000234,10.14461994200002],[124.88027954000006,10.1437702180001],[124.87947845500014,10.148150445000056],[124.880653382000105,10.149920463000115],[124.882041930000014,10.151399613000081]]]]}},
{"type":"Feature","properties":{"fid":180,"GID_3":"PHL.71.8.27_1","GID_0":"PHL","COUNTRY":"Philippines","GID_1":"PHL.71_1","NAME_1":"Southern Leyte","NL_NAME_1":"NA","GID_2":"PHL.71.8_1","NAME_2":"Maasin City","NL_NAME_2":"NA","NAME_3":"Hantag","VARNAME_3":"NA","NL_NAME_3":"NA","TYPE_3":"Barangay","ENGTYPE_3":"Village","CC_3":"NA","HASC_3":"NA"},"geometry":{"type":"MultiPolygon","coordinates":[[[[124.809898377000195,10.18253040400009],[124.810859680000021,10.188469887000053],[124.81620788500004,10.187849998000047],[124.819236755000134,10.18572044300015],[124.822113037000122,10.187170029000185],[124.824340821000078,10.186389922000046],[124.827667237000128,10.185740472000134],[124.831428528000174,10.186420441000166],[124.834030150000103,10.186679841000114],[124.836357117000034,10.188549996000063],[124.83778381400009,10.188460349000025],[124.838401795000095,10.180219651000129],[124.838493347000053,10.168729782000071],[124.8303833020002,10.168180466000081],[124.82286071700014,10.167739868000012],[124.81018829300001,10.169770241000094],[124.809898377000195,10.18253040400009]]]]}},
{"type":"Feature","properties":{"fid":181,"GID_3":"PHL.71.8.28_1","GID_0":"PHL","COUNTRY":"Philippines","GID_1":"PHL.71_1","NAME_1":"Southern Leyte","NL_NAME_1":"NA","GID_2":"PHL.71.8_1","NAME_2":"Maasin City","NL_NAME_2":"NA","NAME_3":"Hinapu Daku","VARNAME_3":"NA","NL_NAME_3":"NA","TYPE_3":"Barangay","ENGTYPE_3":"Village","CC_3":"NA","HASC_3":"NA"},"geometry":{"type":"MultiPolygon","coordinates":[[[[124.901283264000085,10.218199730000151],[124.898643493000236,10.219169616000102],[124.898460389000206,10.220749855000179],[124.896812439000087,10.221759797000061],[124.895568849000028,10.223549843000058],[124.892921447000049,10.224630355999977],[124.893417358000079,10.226510047000033],[124.894386291000046,10.228719711000053],[124.895538330000136,10.230979919],[124.898307800000111,10.234350205000169],[124.900779723000028,10.237790108000127],[124.907707215000073,10.241900444],[124.909431458000313,10.229689598999983],[124.910346984000057,10.223219871000083],[124.907203674000016,10.221859932000086],[124.905746461000149,10.220479965000038],[124.903038024000011,10.218770027000176],[124.901283264000085,10.218199730000151]]]]}},
{"type":"Feature","properties":{"fid":182,"GID_3":"PHL.71.8.29_1","GID_0":"PHL","COUNTRY":"Philippines","GID_1":"PHL.71_1","NAME_1":"Southern Leyte","NL_NAME_1":"NA","GID_2":"PHL.71.8_1","NAME_2":"Maasin City","NL_NAME_2":"NA","NAME_3":"Hinapu Gamay","VARNAME_3":"NA","NL_NAME_3":"NA","TYPE_3":"Barangay","ENGTYPE_3":"Village","CC_3":"NA","HASC_3":"NA"},"geometry":{"type":"MultiPolygon","coordinates":[[[[124.886917114000198,10.252719880000143],[124.906890869000335,10.253789903000097],[124.907203674000016,10.251700402000154],[124.907180786000254,10.248419761000036],[124.902267455000242,10.247360229000151],[124.900009155000134,10.246780395000144],[124.898818969000217,10.24456024300008],[124.896606445000089,10.24306964800013],[124.885482789000093,10.245189667000147],[124.886917114000198,10.252719880000143]]]]}},
{"type":"Feature","properties":{"fid":183,"GID_3":"PHL.71.8.30_1","GID_0":"PHL","COUNTRY":"Philippines","GID_1":"PHL.71_1","NAME_1":"Southern Leyte","NL_NAME_1":"NA","GID_2":"PHL.71.8_1","NAME_2":"Maasin City","NL_NAME_2":"NA","NAME_3":"Ibarra","VARNAME_3":"NA","NL_NAME_3":"NA","TYPE_3":"Barangay","ENGTYPE_3":"Village","CC_3":"NA","HASC_3":"NA"},"geometry":{"type":"MultiPolygon","coordinates":[[[[124.884872437000013,10.123110772000075],[124.884559631000229,10.12325000800007],[124.88414001600006,10.123370171000147],[124.883712768000237,10.123609543000043],[124.883216858000083,10.123889922999979],[124.882713319000231,10.124159814000052],[124.882186889000195,10.124429703999965],[124.88168335000023,10.124629975000119],[124.881118774000015,10.124750139000128],[124.880607605000137,10.12495994600016],[124.880081176000317,10.12512969900007],[124.879531860000156,10.125289917000032],[124.878967286000034,10.125499726000044],[124.878341674000126,10.125659944000176],[124.877670288000104,10.125849723000158],[124.877456665000182,10.125929832000111],[124.877853394000226,10.130390168000019],[124.878013611000029,10.13206005100011],[124.878616332000092,10.132690431000185],[124.904800414000078,10.131059647000086],[124.885749816000043,10.123510361],[124.884872437000013,10.123110772000075]]]]}},
{"type":"Feature","properties":{"fid":184,"GID_3":"PHL.71.8.31_1","GID_0":"PHL","COUNTRY":"Philippines","GID_1":"PHL.71_1","NAME_1":"Southern Leyte","NL_NAME_1":"NA","GID_2":"PHL.71.8_1","NAME_2":"Maasin City","NL_NAME_2":"NA","NAME_3":"Isagani","VARNAME_3":"NA","NL_NAME_3":"NA","TYPE_3":"Barangay","ENGTYPE_3":"Village","CC_3":"NA","HASC_3":"NA"},"geometry":{"type":"MultiPolygon","coordinates":[[[[124.86102295000012,10.128620148000152],[124.861671448000152,10.129260063000061],[124.868377685000041,10.135140418000162],[124.872093201000098,10.137490273000139],[124.874526978000176,10.13916969200011],[124.875892639000085,10.141710281000087],[124.876121520000083,10.14282989600008],[124.876243591000161,10.143429757000035],[124.88027954000006,10.1437702180001],[124.881210326000087,10.141630172000134],[124.881072997000047,10.14015960800009],[124.879920960000049,10.137049675000128],[124.878616332000092,10.132690431000185],[124.878013611000029,10.13206005100011],[124.877853394000226,10.130390168000019],[124.877456665000182,10.125929832000111],[124.877029420000099,10.126079559000175],[124.876373292000153,10.126239775999977],[124.87574005200031,10.126379968000037],[124.875450134000175,10.126420022000161],[124.875137329000268,10.126469612],[124.873626708000074,10.126890182000182],[124.872726441000054,10.126959800000066],[124.871726989000194,10.127249718000087],[124.871437073000038,10.127349853000112],[124.870826722000061,10.127479554000104],[124.87014770500025,10.127499580000119],[124.869461060000049,10.127490044000069],[124.868766785000048,10.12744045200003],[124.868141174000016,10.127289773000086],[124.867553711000028,10.127380372000061],[124.866981507000105,10.127490044000069],[124.866432191000172,10.127539635000176],[124.86589050300006,10.127530099000069],[124.865356446000078,10.127590179000094],[124.864807130000031,10.127860070000111],[124.864257812000119,10.12802982300002],[124.86369323800011,10.128129960000081],[124.863159180000139,10.128279687000088],[124.862632751000206,10.128370286000063],[124.862106323000148,10.128549577000058],[124.861549377000074,10.128600121000147],[124.86102295000012,10.128620148000152]]]]}},
{"type":"Feature","properties":{"fid":185,"GID_3":"PHL.71.8.32_1","GID_0":"PHL","COUNTRY":"Philippines","GID_1":"PHL.71_1","NAME_1":"Southern Leyte","NL_NAME_1":"NA","GID_2":"PHL.71.8_1","NAME_2":"Maasin City","NL_NAME_2":"NA","NAME_3":"Laboon","VARNAME_3":"NA","NL_NAME_3":"NA","TYPE_3":"Barangay","ENGTYPE_3":"Village","CC_3":"NA","HASC_3":"NA"},"geometry":{"type":"MultiPolygon","coordinates":[[[[124.875541688000112,10.192919731000188],[124.874923706000118,10.191189767000083],[124.874366760000044,10.187769889000094],[124.872688294000227,10.184960365000109],[124.871246339000209,10.183480263000035],[124.870933532000208,10.179770470000165],[124.860809325000105,10.179889680000088],[124.853393555000139,10.180859566000038],[124.851783752000074,10.184229851000111],[124.855529785000272,10.189049722],[124.856796265000071,10.191670417000012],[124.85755157500023,10.196530342000074],[124.857749939000087,10.199319840000101],[124.859939574,10.201589583999976],[124.862709046000191,10.202859879000187],[124.863616944000341,10.2054100040001],[124.864509583000086,10.208499908000135],[124.865547180000021,10.210820199000182],[124.866279602000077,10.21317958800006],[124.869667053000057,10.215009691000034],[124.871726989000194,10.216389656000104],[124.87259674000029,10.215700150000089],[124.873847961000024,10.216629982000086],[124.876487732000214,10.21646976400018],[124.878829957000107,10.215789795000148],[124.878181457000096,10.207889557000158],[124.875541688000112,10.192919731000188]]]]}},
{"type":"Feature","properties":{"fid":186,"GID_3":"PHL.71.8.33_1","GID_0":"PHL","COUNTRY":"Philippines","GID_1":"PHL.71_1","NAME_1":"Southern Leyte","NL_NAME_1":"NA","GID_2":"PHL.71.8_1","NAME_2":"Maasin City","NL_NAME_2":"NA","NAME_3":"Lanao","VARNAME_3":"NA","NL_NAME_3":"NA","TYPE_3":"Barangay","ENGTYPE_3":"Village","CC_3":"NA","HASC_3":"NA"},"geometry":{"type":"MultiPolygon","coordinates":[[[[124.783447265000063,10.166609765000032],[124.7926025390002,10.164030075000142],[124.80094146700003,10.164150238000047],[124.799636841000051,10.16125011400004],[124.79788970900006,10.158699990000116],[124.795631408000077,10.157649993000177],[124.793090820000316,10.156229973999984],[124.792472840000187,10.153800010000054],[124.79158,10.15205],[124.789993000000209,10.14786],[124.788429,10.144950000000165],[124.787493733000019,10.144419662000189],[124.785430908000194,10.14325046600004],[124.784460279000086,10.143511699000101],[124.783836000000179,10.14368],[124.785896302000083,10.146860122000135],[124.785766601000319,10.149069786000155],[124.784309388000111,10.150770187999967],[124.783439637000015,10.152190209000139],[124.783889771000077,10.155130387000042],[124.785957337000127,10.158459663000031],[124.785766601000319,10.160619737000047],[124.784973144000105,10.161660196000071],[124.784477233000075,10.163539885999967],[124.783790588000329,10.164759635999985],[124.783447265000063,10.166609765000032]]]]}},
{"type":"Feature","properties":{"fid":187,"GID_3":"PHL.71.8.34_1","GID_0":"PHL","COUNTRY":"Philippines","GID_1":"PHL.71_1","NAME_1":"Southern Leyte","NL_NAME_1":"NA","GID_2":"PHL.71.8_1","NAME_2":"Maasin City","NL_NAME_2":"NA","NAME_3":"Lib-Og","VARNAME_3":"NA","NL_NAME_3":"NA","TYPE_3":"Barangay","ENGTYPE_3":"Village","CC_3":"NA","HASC_3":"NA"},"geometry":{"type":"MultiPolygon","coordinates":[[[[124.814796449000141,10.130570412],[124.814819335000038,10.131489754000086],[124.815742493000016,10.149720192000132],[124.819671630000016,10.149479865000046],[124.823486329000048,10.149250032000168],[124.822349548000034,10.14636039700008],[124.822280884000065,10.143859864000035],[124.823440552000079,10.139630318],[124.822647094000104,10.136440277000133],[124.822807312000236,10.130350114000066],[124.822433472000057,10.130270005000114],[124.821800232000101,10.129850388000136],[124.820396424000251,10.129850388000136],[124.81984710800009,10.129980087000092],[124.819152833000089,10.130189896000161],[124.818618775000118,10.130249977000062],[124.818412781,10.130270005000114],[124.818000794000113,10.130370140000139],[124.817657471000075,10.130519867000032],[124.817283630000134,10.130559921000156],[124.816833497000061,10.130579949000037],[124.816322328000183,10.13062953900004],[124.816192627000191,10.13062953900004],[124.81571960500014,10.13062953900004],[124.815040588000102,10.130570412],[124.814796449000141,10.130570412]]]]}},
{"type":"Feature","properties":{"fid":188,"GID_3":"PHL.71.8.35_1","GID_0":"PHL","COUNTRY":"Philippines","GID_1":"PHL.71_1","NAME_1":"Southern Leyte","NL_NAME_1":"NA","GID_2":"PHL.71.8_1","NAME_2":"Maasin City","NL_NAME_2":"NA","NAME_3":"Libertad","VARNAME_3":"NA","NL_NAME_3":"NA","TYPE_3":"Barangay","ENGTYPE_3":"Village","CC_3":"NA","HASC_3":"NA"},"geometry":{"type":"MultiPolygon","coordinates":[[[[124.888839721000181,10.267979623000031],[124.899887086000035,10.265020372000038],[124.907493590000058,10.260990143000072],[124.907409669000117,10.257320404000097],[124.906890869000335,10.253789903000097],[124.886917114000198,10.252719880000143],[124.888839721000181,10.267979623000031]]]]}},
{"type":"Feature","properties":{"fid":189,"GID_3":"PHL.71.8.36_1","GID_0":"PHL","COUNTRY":"Philippines","GID_1":"PHL.71_1","NAME_1":"Southern Leyte","NL_NAME_1":"NA","GID_2":"PHL.71.8_1","NAME_2":"Maasin City","NL_NAME_2":"NA","NAME_3":"Libhu","VARNAME_3":"NA","NL_NAME_3":"NA","TYPE_3":"Barangay","ENGTYPE_3":"Village","CC_3":"NA","HASC_3":"NA"},"geometry":{"type":"MultiPolygon","coordinates":[[[[124.785560609000186,10.173339843000178],[124.788101196000298,10.172599793000074],[124.790061950000222,10.172849655000107],[124.791526794000106,10.171839715000033],[124.795249938000097,10.171930312000029],[124.801368712000112,10.170359611000151],[124.799423218000243,10.166460038000025],[124.800857543,10.165490150000039],[124.80094146700003,10.164150238000047],[124.7926025390002,10.164030075000142],[124.783447265000063,10.166609765000032],[124.783836365000298,10.167340279000086],[124.782798767000031,10.167639732999987],[124.782218933000081,10.169400216000099],[124.783309936000023,10.170209884000144],[124.785560609000186,10.173339843000178]]]]}},
{"type":"Feature","properties":{"fid":190,"GID_3":"PHL.71.8.37_1","GID_0":"PHL","COUNTRY":"Philippines","GID_1":"PHL.71_1","NAME_1":"Southern Leyte","NL_NAME_1":"NA","GID_2":"PHL.71.8_1","NAME_2":"Maasin City","NL_NAME_2":"NA","NAME_3":"Lonoy","VARNAME_3":"NA","NL_NAME_3":"NA","TYPE_3":"Barangay","ENGTYPE_3":"Village","CC_3":"NA","HASC_3":"NA"},"geometry":{"type":"MultiPolygon","coordinates":[[[[124.870933532000208,10.179770470000165],[124.884681701000204,10.179050446000076],[124.925132752000081,10.178739549000056],[124.928657532000216,10.172280311000122],[124.891212462000112,10.167790413000034],[124.865142823000042,10.169730187000141],[124.867248534000055,10.172610284000143],[124.869499207000104,10.176010133000148],[124.870819092000147,10.177969933000099],[124.870933532000208,10.179770470000165]]]]}},
{"type":"Feature","properties":{"fid":191,"GID_3":"PHL.71.8.38_1","GID_0":"PHL","COUNTRY":"Philippines","GID_1":"PHL.71_1","NAME_1":"Southern Leyte","NL_NAME_1":"NA","GID_2":"PHL.71.8_1","NAME_2":"Maasin City","NL_NAME_2":"NA","NAME_3":"Lunas","VARNAME_3":"NA","NL_NAME_3":"NA","TYPE_3":"Barangay","ENGTYPE_3":"Village","CC_3":"NA","HASC_3":"NA"},"geometry":{"type":"MultiPolygon","coordinates":[[[[124.863563537000118,10.261719704000143],[124.871803283000077,10.265190125000117],[124.874931335000269,10.266449929000089],[124.88098907500023,10.266869546000066],[124.888839721000181,10.267979623000031],[124.886917114000198,10.252719880000143],[124.885482789000093,10.245189667000147],[124.883361817000036,10.245019912000032],[124.879592895000201,10.244799614000101],[124.87780761700003,10.245260238000014],[124.876106262000235,10.244620323000106],[124.87296295200008,10.245100020999985],[124.870689393000134,10.247090339000181],[124.869232177000185,10.24794960000014],[124.867706298000144,10.249139785000125],[124.866432191000172,10.251509666000175],[124.865303040000072,10.255299569000158],[124.863563537000118,10.261719704000143]]]]}},
{"type":"Feature","properties":{"fid":192,"GID_3":"PHL.71.8.39_1","GID_0":"PHL","COUNTRY":"Philippines","GID_1":"PHL.71_1","NAME_1":"Southern Leyte","NL_NAME_1":"NA","GID_2":"PHL.71.8_1","NAME_2":"Maasin City","NL_NAME_2":"NA","NAME_3":"Mahayahay","VARNAME_3":"NA","NL_NAME_3":"NA","TYPE_3":"Barangay","ENGTYPE_3":"Village","CC_3":"NA","HASC_3":"NA"},"geometry":{"type":"MultiPolygon","coordinates":[[[[124.806640800000082,10.144569793000073],[124.807159424000133,10.142930031000105],[124.809463501000096,10.141500474000054],[124.810272217000033,10.139069557000084],[124.811569213000098,10.136110306000091],[124.810417176000215,10.133709908000071],[124.807197570000085,10.129839897000068],[124.806961059000173,10.129670144000158],[124.806472779000046,10.129779817000042],[124.806007385000157,10.129750253000111],[124.805473327000186,10.129870414000038],[124.804862976000209,10.129980087000092],[124.804222106000111,10.130029679000131],[124.803619385000047,10.130180358000075],[124.80300903400007,10.130370140000139],[124.80251312300004,10.13082027500019],[124.801948547000052,10.131099701000039],[124.801460266000049,10.131310464000137],[124.800903320000316,10.13179016100014],[124.80063629100016,10.131990433],[124.800003051000203,10.132479668000087],[124.799468993000232,10.132619858000112],[124.79937,10.132650000000126],[124.801430000000209,10.13906],[124.802236037000057,10.139935458000025],[124.803787231000115,10.141619682000112],[124.805013618000089,10.142887878000067],[124.806640800000082,10.144569793000073]]]]}},
{"type":"Feature","properties":{"fid":193,"GID_3":"PHL.71.8.40_1","GID_0":"PHL","COUNTRY":"Philippines","GID_1":"PHL.71_1","NAME_1":"Southern Leyte","NL_NAME_1":"NA","GID_2":"PHL.71.8_1","NAME_2":"Maasin City","NL_NAME_2":"NA","NAME_3":"Malapoc Norte","VARNAME_3":"NA","NL_NAME_3":"NA","TYPE_3":"Barangay","ENGTYPE_3":"Village","CC_3":"NA","HASC_3":"NA"},"geometry":{"type":"MultiPolygon","coordinates":[[[[124.788681030000134,10.202230454000073],[124.791442872000061,10.203929902000027],[124.794410706000122,10.206399917000169],[124.801681519000113,10.215239523999969],[124.803138733000083,10.216210365000109],[124.805313110000156,10.219710351000174],[124.808143615000176,10.220820428000081],[124.810913087000131,10.221630096000069],[124.810150146000183,10.215459824000106],[124.809646607000104,10.212470054000164],[124.808723449000013,10.210100173000114],[124.808242797000162,10.208100318999982],[124.808883667000032,10.20633983700003],[124.808532715000183,10.203599931000156],[124.810150146000183,10.20170021000007],[124.788681030000134,10.202230454000073]]]]}},
{"type":"Feature","properties":{"fid":194,"GID_3":"PHL.71.8.41_1","GID_0":"PHL","COUNTRY":"Philippines","GID_1":"PHL.71_1","NAME_1":"Southern Leyte","NL_NAME_1":"NA","GID_2":"PHL.71.8_1","NAME_2":"Maasin City","NL_NAME_2":"NA","NAME_3":"Malapoc Sur","VARNAME_3":"NA","NL_NAME_3":"NA","TYPE_3":"Barangay","ENGTYPE_3":"Village","CC_3":"NA","HASC_3":"NA"},"geometry":{"type":"MultiPolygon","coordinates":[[[[124.783836365000298,10.197739601000023],[124.788681030000134,10.202230454000073],[124.810150146000183,10.20170021000007],[124.810241698000254,10.193639755000106],[124.796783447000053,10.19297027600004],[124.783248901000206,10.192549706000023],[124.782661438000218,10.194140435000122],[124.783058167000036,10.196350098999972],[124.783836365000298,10.197739601000023]]]]}},
{"type":"Feature","properties":{"fid":195,"GID_3":"PHL.71.8.42_1","GID_0":"PHL","COUNTRY":"Philippines","GID_1":"PHL.71_1","NAME_1":"Southern Leyte","NL_NAME_1":"NA","GID_2":"PHL.71.8_1","NAME_2":"Maasin City","NL_NAME_2":"NA","NAME_3":"Mambajao","VARNAME_3":"Poblacion","NL_NAME_3":"NA","TYPE_3":"Barangay","ENGTYPE_3":"Village","CC_3":"NA","HASC_3":"NA"},"geometry":{"type":"MultiPolygon","coordinates":[[[[124.855377198000042,10.138449668000021],[124.853736878000177,10.137249947000157],[124.853683471000068,10.135919572000148],[124.855422973000145,10.134779931000082],[124.856750488000102,10.131569863000038],[124.856971740000176,10.130559921000156],[124.85722351000004,10.129409790000068],[124.856933593000122,10.129429818000176],[124.856376647000047,10.129469872000072],[124.854316711000138,10.130209922000063],[124.853202819000103,10.130339623],[124.852172851000205,10.13035964900007],[124.851600646000179,10.130570412],[124.851043700000105,10.130829811000069],[124.850440979000041,10.131039619000035],[124.850143433000085,10.131090164000057],[124.849983215000179,10.132519723000087],[124.849922180000021,10.133239747000175],[124.849906922000173,10.133890152000049],[124.849822998000036,10.134650230000091],[124.849769593000133,10.135049821],[124.849372864000088,10.139160157000106],[124.848022461000141,10.147540092000042],[124.852928161000136,10.147780418000082],[124.852951049000126,10.143520356000181],[124.8554382330002,10.140219689000048],[124.855377198000042,10.138449668000021]]]]}},
{"type":"Feature","properties":{"fid":196,"GID_3":"PHL.71.8.43_1","GID_0":"PHL","COUNTRY":"Philippines","GID_1":"PHL.71_1","NAME_1":"Southern Leyte","NL_NAME_1":"NA","GID_2":"PHL.71.8_1","NAME_2":"Maasin City","NL_NAME_2":"NA","NAME_3":"Manhilo","VARNAME_3":"NA","NL_NAME_3":"NA","TYPE_3":"Barangay","ENGTYPE_3":"Village","CC_3":"NA","HASC_3":"NA"},"geometry":{"type":"MultiPolygon","coordinates":[[[[124.789786999000057,10.131319999000141],[124.789932000000135,10.131319999000141],[124.790000999000199,10.131109999000159],[124.790192001000037,10.13023],[124.790833,10.130280000000141],[124.791655999000227,10.130280000000141],[124.79194600000028,10.130000001000155],[124.792221000000154,10.130000001000155],[124.792502999000135,10.129719999000088],[124.793610000000285,10.129719999000088],[124.793891999000266,10.130000001000155],[124.794724,10.130000001000155],[124.796112000000221,10.128609999000105],[124.794998,10.127500001000101],[124.794724,10.127500001000101],[124.794441001000223,10.12778],[124.794067000000268,10.128280001000121],[124.793663,10.128490001000102],[124.793243000000302,10.128490001000102],[124.79303,10.128350000000182],[124.792777999000123,10.128060000000119],[124.791107,10.128060000000119],[124.790833,10.128330000000119],[124.790389999000013,10.128639999000086],[124.790039001000196,10.12877],[124.789436001000013,10.128330000000119],[124.788611999000068,10.129170000000158],[124.788611999000068,10.129440000000102],[124.78833,10.129719999000088],[124.78833,10.13056],[124.788611999000068,10.130830000000174],[124.789169,10.131390001000057],[124.789436001000013,10.131390001000057],[124.789786999000057,10.131319999000141]]],[[[124.785667000000331,10.13112],[124.785141000000181,10.13129],[124.784622,10.131860000000131],[124.784653000000276,10.13244],[124.784897000000228,10.132950000000108],[124.785294,10.13341000000014],[124.785797000000116,10.13383],[124.786453,10.13404],[124.787003,10.133870000000172],[124.787437,10.13354],[124.787773,10.133150000000114],[124.787979000000178,10.132740000000126],[124.787811000000147,10.132270000000119],[124.787468000000104,10.131800000000169],[124.786949,10.131420000000162],[124.786324,10.13117],[124.786003,10.13111],[124.785667000000331,10.13112]]],[[[124.808113098000035,10.148969651000129],[124.807289124000022,10.147359848000065],[124.807121578000078,10.146639153000024],[124.806640800000082,10.144569793000073],[124.805013618000089,10.142887878000067],[124.803787231000115,10.141619682000112],[124.802236037000057,10.139935458000025],[124.801430000000209,10.13906],[124.79937,10.132650000000126],[124.799217000000226,10.13269],[124.798248000000171,10.133030000000133],[124.797058000000106,10.13314],[124.796623000000181,10.133350000000121],[124.796143000000257,10.133580000000165],[124.795624,10.133790000000147],[124.795036000000323,10.13398],[124.794922000000156,10.134030000000109],[124.794693,10.134120000000109],[124.794518000000153,10.134200000000135],[124.794037000000117,10.13445],[124.793617000000154,10.13471],[124.793213000000151,10.13499000000013],[124.792809000000148,10.13526],[124.7924730000002,10.13555],[124.792122,10.135800000000188],[124.791748,10.13597],[124.791634,10.136],[124.79136700000015,10.13608],[124.790962,10.136130000000151],[124.790527000000111,10.136130000000151],[124.790077000000224,10.136120000000176],[124.78961900000013,10.13611],[124.789162000000147,10.13614],[124.788742,10.13626],[124.788322000000107,10.13638],[124.787903,10.13643],[124.787727000000245,10.136510000000101],[124.787514000000215,10.13661],[124.787071000000196,10.13666000000012],[124.786591,10.13667],[124.786133000000177,10.136710000000164],[124.7855,10.13711],[124.784943000000112,10.137560000000121],[124.784630000000334,10.137470000000178],[124.784264000000121,10.137330000000134],[124.783859,10.1372],[124.783478,10.13699],[124.783073000000286,10.136800000000164],[124.782692000000225,10.136500000000183],[124.782463000000121,10.13595000000015],[124.782120000000305,10.13541],[124.781616000000213,10.13506],[124.780777,10.13498],[124.780273,10.134720000000186],[124.780159,10.13490000000013],[124.780190000000175,10.135110000000111],[124.780777,10.13784],[124.783057995000036,10.139940104000061],[124.78296815300007,10.141646179000077],[124.782959000000119,10.141819995000105],[124.783836000000179,10.14368],[124.784460279000086,10.143511699000101],[124.785430908000194,10.14325046600004],[124.787493733000019,10.144419662000189],[124.788429,10.144950000000165],[124.789993000000209,10.14786],[124.79158,10.15205],[124.809463498000014,10.150320051000108],[124.808716897000181,10.149573450000105],[124.808113098000035,10.148969651000129]]]]}},
{"type":"Feature","properties":{"fid":197,"GID_3":"PHL.71.8.44_1","GID_0":"PHL","COUNTRY":"Philippines","GID_1":"PHL.71_1","NAME_1":"Southern Leyte","NL_NAME_1":"NA","GID_2":"PHL.71.8_1","NAME_2":"Maasin City","NL_NAME_2":"NA","NAME_3":"Mantahan","VARNAME_3":"Poblacion","NL_NAME_3":"NA","TYPE_3":"Barangay","ENGTYPE_3":"Village","CC_3":"NA","HASC_3":"NA"},"geometry":{"type":"MultiPolygon","coordinates":[[[[124.84422302300004,10.132300377000092],[124.844192504000034,10.132789613000057],[124.844177246000072,10.133259773000077],[124.844169618000137,10.133879662000083],[124.84416198700012,10.134599685000069],[124.844146729000045,10.135330200000055],[124.844139099000017,10.136159896000095],[124.844093322000049,10.139160157000106],[124.844062805000249,10.141989709000086],[124.84382629400011,10.148269653000114],[124.848022461000141,10.147540092000042],[124.849372864000088,10.139160157000106],[124.849769593000133,10.135049821],[124.849822998000036,10.134650230000091],[124.849906922000173,10.133890152000049],[124.849922180000021,10.133239747000175],[124.849983215000179,10.132519723000087],[124.850143433000085,10.131090164000057],[124.849822998000036,10.131139756000039],[124.849243163000097,10.131310464000137],[124.848678589000087,10.131460191000031],[124.848159790000068,10.131669998000064],[124.847648621000076,10.131879808000178],[124.847076416000277,10.131959916000085],[124.846542359000068,10.13206958700016],[124.846023560000049,10.132140160000063],[124.845497132000219,10.132169724],[124.844993591000161,10.132209778000117],[124.844482422000056,10.132249833000174],[124.84422302300004,10.132300377000092]]]]}},
{"type":"Feature","properties":{"fid":198,"GID_3":"PHL.71.8.45_1","GID_0":"PHL","COUNTRY":"Philippines","GID_1":"PHL.71_1","NAME_1":"Southern Leyte","NL_NAME_1":"NA","GID_2":"PHL.71.8_1","NAME_2":"Maasin City","NL_NAME_2":"NA","NAME_3":"Maria Clara","VARNAME_3":"NA","NL_NAME_3":"NA","TYPE_3":"Barangay","ENGTYPE_3":"Village","CC_3":"NA","HASC_3":"NA"},"geometry":{"type":"MultiPolygon","coordinates":[[[[124.884872437000013,10.123110772000075],[124.885749816000043,10.123510361],[124.904800414000078,10.131059647000086],[124.918449401000089,10.134329795000099],[124.918891907000102,10.13442993200016],[124.915687561000027,10.131239891000064],[124.915206909000062,10.1307697310001],[124.908203126000103,10.123780251000142],[124.891906737000113,10.119239808000088],[124.891731262,10.11919021600005],[124.891441345000089,10.119520188000024],[124.891143799000019,10.119899749000069],[124.890823364000084,10.120269776000043],[124.890411377000191,10.120550157000082],[124.889976502000195,10.12090015400014],[124.889816284000062,10.120980262000046],[124.889472961000024,10.121159553000041],[124.88894653300008,10.121299744000169],[124.88852691600016,10.121439934000023],[124.888183593,10.12162971500004],[124.887802125000121,10.121789933000116],[124.887443543000131,10.121950149999975],[124.887123108000196,10.122110367000175],[124.886810303000289,10.122249604000046],[124.886520385000154,10.122400284000094],[124.886207580000246,10.122529985000085],[124.885879517000035,10.122670174000064],[124.88553619400011,10.12279033700014],[124.885223389000089,10.122949600000084],[124.884872437000013,10.123110772000075]]]]}},
{"type":"Feature","properties":{"fid":199,"GID_3":"PHL.71.8.46_1","GID_0":"PHL","COUNTRY":"Philippines","GID_1":"PHL.71_1","NAME_1":"Southern Leyte","NL_NAME_1":"NA","GID_2":"PHL.71.8_1","NAME_2":"Maasin City","NL_NAME_2":"NA","NAME_3":"Matin-ao","VARNAME_3":"NA","NL_NAME_3":"NA","TYPE_3":"Barangay","ENGTYPE_3":"Village","CC_3":"NA","HASC_3":"NA"},"geometry":{"type":"MultiPolygon","coordinates":[[[[124.810913087000131,10.221630096000069],[124.814773560000049,10.22420978700012],[124.820823669000333,10.227760316000172],[124.825447083000086,10.231710434000149],[124.827949523000029,10.2343397140001],[124.829803467000147,10.217949868000062],[124.819122314000197,10.216409684000155],[124.810150146000183,10.215459824000106],[124.810913087000131,10.221630096000069]]]]}},
{"type":"Feature","properties":{"fid":200,"GID_3":"PHL.71.8.47_1","GID_0":"PHL","COUNTRY":"Philippines","GID_1":"PHL.71_1","NAME_1":"Southern Leyte","NL_NAME_1":"NA","GID_2":"PHL.71.8_1","NAME_2":"Maasin City","NL_NAME_2":"NA","NAME_3":"Nasaug","VARNAME_3":"NA","NL_NAME_3":"NA","TYPE_3":"Barangay","ENGTYPE_3":"Village","CC_3":"NA","HASC_3":"NA"},"geometry":{"type":"MultiPolygon","coordinates":[[[[124.84382629400011,10.148269653000114],[124.842346192000036,10.148380279000037],[124.839401245000204,10.148610115000054],[124.841163635000044,10.149609566000038],[124.841888428000061,10.15139007700003],[124.839920044000223,10.153619767000123],[124.839431763000107,10.156149865000032],[124.839057923000041,10.164099693000026],[124.842422486000146,10.163499832000014],[124.843681335000156,10.162670136000145],[124.844558716000165,10.16059017300006],[124.844963073000145,10.158470154000099],[124.845611573000156,10.156490326000039],[124.847938537000118,10.155619621000028],[124.849472046000074,10.155200005000154],[124.852317810000045,10.1547002800001],[124.852096557000095,10.152159691000122],[124.853080750000231,10.151229859000068],[124.85365295500003,10.14966011100006],[124.852928161000136,10.147780418000082],[124.848022461000141,10.147540092000042],[124.84382629400011,10.148269653000114]]]]}},
{"type":"Feature","properties":{"fid":201,"GID_3":"PHL.71.8.48_1","GID_0":"PHL","COUNTRY":"Philippines","GID_1":"PHL.71_1","NAME_1":"Southern Leyte","NL_NAME_1":"NA","GID_2":"PHL.71.8_1","NAME_2":"Maasin City","NL_NAME_2":"NA","NAME_3":"Nati","VARNAME_3":"NA","NL_NAME_3":"NA","TYPE_3":"Barangay","ENGTYPE_3":"Village","CC_3":"NA","HASC_3":"NA"},"geometry":{"type":"MultiPolygon","coordinates":[[[[124.892921447000049,10.224630355999977],[124.895568849000028,10.223549843000058],[124.896812439000087,10.221759797000061],[124.898460389000206,10.220749855000179],[124.898643493000236,10.219169616000102],[124.901283264000085,10.218199730000151],[124.901702881000119,10.214340209999989],[124.903511048000041,10.212519645999976],[124.907341003000056,10.211529733000077],[124.908607482000207,10.210840225000027],[124.888229370000204,10.210189820000153],[124.888549805000025,10.212980271],[124.888992310000049,10.225110054000083],[124.890617372000065,10.225379944000053],[124.892921447000049,10.224630355999977]]]]}},
{"type":"Feature","properties":{"fid":202,"GID_3":"PHL.71.8.49_1","GID_0":"PHL","COUNTRY":"Philippines","GID_1":"PHL.71_1","NAME_1":"Southern Leyte","NL_NAME_1":"NA","GID_2":"PHL.71.8_1","NAME_2":"Maasin City","NL_NAME_2":"NA","NAME_3":"Nonok Norte","VARNAME_3":"NA","NL_NAME_3":"NA","TYPE_3":"Barangay","ENGTYPE_3":"Village","CC_3":"NA","HASC_3":"NA"},"geometry":{"type":"MultiPolygon","coordinates":[[[[124.885482789000093,10.245189667000147],[124.896606445000089,10.24306964800013],[124.893318176000093,10.239990234000061],[124.891273498000032,10.238829612000131],[124.889472961000024,10.237970352000104],[124.888511658000084,10.237330437000026],[124.886329651000096,10.237159729000098],[124.884162902000185,10.236550330000057],[124.88220977800006,10.234629630000086],[124.881561280000028,10.232930183000065],[124.876228333000086,10.23309993800018],[124.877777100000117,10.239789962000032],[124.87780761700003,10.245260238000014],[124.879592895000201,10.244799614000101],[124.883361817000036,10.245019912000032],[124.885482789000093,10.245189667000147]]]]}},
{"type":"Feature","properties":{"fid":203,"GID_3":"PHL.71.8.50_1","GID_0":"PHL","COUNTRY":"Philippines","GID_1":"PHL.71_1","NAME_1":"Southern Leyte","NL_NAME_1":"NA","GID_2":"PHL.71.8_1","NAME_2":"Maasin City","NL_NAME_2":"NA","NAME_3":"Nonok Sur","VARNAME_3":"NA","NL_NAME_3":"NA","TYPE_3":"Barangay","ENGTYPE_3":"Village","CC_3":"NA","HASC_3":"NA"},"geometry":{"type":"MultiPolygon","coordinates":[[[[124.876228333000086,10.23309993800018],[124.881561280000028,10.232930183000065],[124.881027222000057,10.230609894000054],[124.881317139000203,10.22867012100005],[124.881973267000149,10.224670411000034],[124.879798890000075,10.223589898000057],[124.877960206000012,10.222319603000017],[124.874031067000033,10.221480369000062],[124.872680664000086,10.225799561000031],[124.872612000000117,10.228469848999964],[124.871932984000068,10.233240128000034],[124.876228333000086,10.23309993800018]]]]}},
{"type":"Feature","properties":{"fid":204,"GID_3":"PHL.71.8.51_1","GID_0":"PHL","COUNTRY":"Philippines","GID_1":"PHL.71_1","NAME_1":"Southern Leyte","NL_NAME_1":"NA","GID_2":"PHL.71.8_1","NAME_2":"Maasin City","NL_NAME_2":"NA","NAME_3":"Panan-Awan","VARNAME_3":"NA","NL_NAME_3":"NA","TYPE_3":"Barangay","ENGTYPE_3":"Village","CC_3":"NA","HASC_3":"NA"},"geometry":{"type":"MultiPolygon","coordinates":[[[[124.764770507000208,10.184049607000077],[124.770317077000072,10.184940339000093],[124.771408081000118,10.185000420000165],[124.772758484000065,10.185070038000049],[124.775283813000215,10.185330390000104],[124.778640747000168,10.188679695000019],[124.78114318900009,10.193539620000081],[124.782356261000018,10.195899963000045],[124.783836365000298,10.197739601000023],[124.783058167000036,10.196350098999972],[124.782661438000218,10.194140435000122],[124.783248901000206,10.192549706000023],[124.783767700000226,10.186039926000035],[124.784057616000041,10.184280396000077],[124.784278869000104,10.182600022000145],[124.784187317000033,10.179519653000114],[124.78517150800019,10.177140236000128],[124.784523010000044,10.175459862000025],[124.7690429700001,10.17490005600007],[124.766563416000167,10.175180435000073],[124.766197204000036,10.175930024000024],[124.766166688000339,10.176010133000148],[124.765792847000057,10.176810266000189],[124.765159608000317,10.177909852000028],[124.765098572000056,10.17969989900007],[124.764999390000071,10.182869912000115],[124.764877320000096,10.183480263000035],[124.764770507000208,10.184049607000077]]]]}},
{"type":"Feature","properties":{"fid":205,"GID_3":"PHL.71.8.52_1","GID_0":"PHL","COUNTRY":"Philippines","GID_1":"PHL.71_1","NAME_1":"Southern Leyte","NL_NAME_1":"NA","GID_2":"PHL.71.8_1","NAME_2":"Maasin City","NL_NAME_2":"NA","NAME_3":"Pansaan","VARNAME_3":"NA","NL_NAME_3":"NA","TYPE_3":"Barangay","ENGTYPE_3":"Village","CC_3":"NA","HASC_3":"NA"},"geometry":{"type":"MultiPolygon","coordinates":[[[[124.868637084000056,10.242560387000026],[124.869232177000185,10.24794960000014],[124.870689393000134,10.247090339000181],[124.87296295200008,10.245100020999985],[124.876106262000235,10.244620323000106],[124.87780761700003,10.245260238000014],[124.877777100000117,10.239789962000032],[124.876228333000086,10.23309993800018],[124.871932984000068,10.233240128000034],[124.867401124000139,10.233449937000103],[124.868637084000056,10.242560387000026]]]]}},
{"type":"Feature","properties":{"fid":206,"GID_3":"PHL.71.8.53_1","GID_0":"PHL","COUNTRY":"Philippines","GID_1":"PHL.71_1","NAME_1":"Southern Leyte","NL_NAME_1":"NA","GID_2":"PHL.71.8_1","NAME_2":"Maasin City","NL_NAME_2":"NA","NAME_3":"Pasay","VARNAME_3":"NA","NL_NAME_3":"NA","TYPE_3":"Barangay","ENGTYPE_3":"Village","CC_3":"NA","HASC_3":"NA"},"geometry":{"type":"MultiPolygon","coordinates":[[[[124.891731262,10.11919021600005],[124.891906737000113,10.119239808000088],[124.908203126000103,10.123780251000142],[124.895339966000051,10.110939979000023],[124.894416810000052,10.111579894000101],[124.894340516000284,10.111639977000038],[124.894287109000061,10.111760140000115],[124.893989562000229,10.112400055000023],[124.893920899000136,10.113340379000022],[124.893882752000081,10.113960266000049],[124.893806458000199,10.114279748],[124.89366912800017,10.114529610000091],[124.89359283400006,10.114780427000142],[124.893463135000047,10.115010262000055],[124.893348695000213,10.115249634000179],[124.893272399000125,10.115539551999973],[124.893157959000064,10.11585044900005],[124.892997741000158,10.116189957000074],[124.892791749000139,10.116580009000188],[124.892608643000244,10.117030144000069],[124.892509460000156,10.117529870000169],[124.892433167000149,10.11802959400012],[124.892288208000082,10.118450166000116],[124.892013550000115,10.118789672000162],[124.891731262,10.11919021600005]]]]}},
{"type":"Feature","properties":{"fid":207,"GID_3":"PHL.71.8.54_1","GID_0":"PHL","COUNTRY":"Philippines","GID_1":"PHL.71_1","NAME_1":"Southern Leyte","NL_NAME_1":"NA","GID_2":"PHL.71.8_1","NAME_2":"Maasin City","NL_NAME_2":"NA","NAME_3":"Pinascohan","VARNAME_3":"NA","NL_NAME_3":"NA","TYPE_3":"Barangay","ENGTYPE_3":"Village","CC_3":"NA","HASC_3":"NA"},"geometry":{"type":"MultiPolygon","coordinates":[[[[124.901283264000085,10.218199730000151],[124.903038024000011,10.218770027000176],[124.905746461000149,10.220479965000038],[124.907203674000016,10.221859932000086],[124.910346984000057,10.223219871000083],[124.911361694000107,10.220040321999988],[124.913223266000159,10.21154975900015],[124.908607482000207,10.210840225000027],[124.907341003000056,10.211529733000077],[124.903511048000041,10.212519645999976],[124.901702881000119,10.214340209999989],[124.901283264000085,10.218199730000151]]]]}},
{"type":"Feature","properties":{"fid":208,"GID_3":"PHL.71.8.55_1","GID_0":"PHL","COUNTRY":"Philippines","GID_1":"PHL.71_1","NAME_1":"Southern Leyte","NL_NAME_1":"NA","GID_2":"PHL.71.8_1","NAME_2":"Maasin City","NL_NAME_2":"NA","NAME_3":"Rizal","VARNAME_3":"NA","NL_NAME_3":"NA","TYPE_3":"Barangay","ENGTYPE_3":"Village","CC_3":"NA","HASC_3":"NA"},"geometry":{"type":"MultiPolygon","coordinates":[[[[124.830886840000176,10.148170471000071],[124.832496643000013,10.153940201000182],[124.834007264000206,10.156889914999965],[124.832046510000168,10.160420418000172],[124.830673218000015,10.163129807000075],[124.830551147000165,10.165639877000103],[124.8303833020002,10.168180466000081],[124.838493347000053,10.168729782000071],[124.839057923000041,10.164099693000026],[124.839431763000107,10.156149865000032],[124.839920044000223,10.153619767000123],[124.841888428000061,10.15139007700003],[124.841163635000044,10.149609566000038],[124.839401245000204,10.148610115000054],[124.833023071000071,10.148079872000153],[124.83194732700008,10.148130417000175],[124.830886840000176,10.148170471000071]]]]}},
{"type":"Feature","properties":{"fid":209,"GID_3":"PHL.71.8.56_1","GID_0":"PHL","COUNTRY":"Philippines","GID_1":"PHL.71_1","NAME_1":"Southern Leyte","NL_NAME_1":"NA","GID_2":"PHL.71.8_1","NAME_2":"Maasin City","NL_NAME_2":"NA","NAME_3":"San Agustin","VARNAME_3":"NA","NL_NAME_3":"NA","TYPE_3":"Barangay","ENGTYPE_3":"Village","CC_3":"NA","HASC_3":"NA"},"geometry":{"type":"MultiPolygon","coordinates":[[[[124.907707215000073,10.241900444],[124.900779723000028,10.237790108000127],[124.898307800000111,10.234350205000169],[124.895538330000136,10.230979919],[124.894386291000046,10.228719711000053],[124.893417358000079,10.226510047000033],[124.892921447000049,10.224630355999977],[124.890617372000065,10.225379944000053],[124.888992310000049,10.225110054000083],[124.884483337,10.224769593000076],[124.881973267000149,10.224670411000034],[124.881317139000203,10.22867012100005],[124.881027222000057,10.230609894000054],[124.881561280000028,10.232930183000065],[124.88220977800006,10.234629630000086],[124.884162902000185,10.236550330000057],[124.886329651000096,10.237159729000098],[124.888511658000084,10.237330437000026],[124.889472961000024,10.237970352000104],[124.891273498000032,10.238829612000131],[124.893318176000093,10.239990234000061],[124.896606445000089,10.24306964800013],[124.898818969000217,10.24456024300008],[124.900009155000134,10.246780395000144],[124.902267455000242,10.247360229000151],[124.907180786000254,10.248419761000036],[124.907791137000231,10.243439675000104],[124.907707215000073,10.241900444]]]]}},
{"type":"Feature","properties":{"fid":210,"GID_3":"PHL.71.8.57_1","GID_0":"PHL","COUNTRY":"Philippines","GID_1":"PHL.71_1","NAME_1":"Southern Leyte","NL_NAME_1":"NA","GID_2":"PHL.71.8_1","NAME_2":"Maasin City","NL_NAME_2":"NA","NAME_3":"San Isidro","VARNAME_3":"NA","NL_NAME_3":"NA","TYPE_3":"Barangay","ENGTYPE_3":"Village","CC_3":"NA","HASC_3":"NA"},"geometry":{"type":"MultiPolygon","coordinates":[[[[124.852149964000319,10.156490326000039],[124.852317810000045,10.1547002800001],[124.849472046000074,10.155200005000154],[124.847938537000118,10.155619621000028],[124.845611573000156,10.156490326000039],[124.844963073000145,10.158470154000099],[124.844558716000165,10.16059017300006],[124.843681335000156,10.162670136000145],[124.842422486000146,10.163499832000014],[124.839057923000041,10.164099693000026],[124.838493347000053,10.168729782000071],[124.838401795000095,10.180219651000129],[124.84539795,10.180540085000132],[124.853393555000139,10.180859566000038],[124.85241699200003,10.179309845000148],[124.851013184000067,10.177969933000099],[124.850669860000039,10.176679612000044],[124.852951049000126,10.174759865000112],[124.85437011800002,10.173339843000178],[124.853919982000093,10.171979904000011],[124.85167694200004,10.171070099000133],[124.849876403000053,10.16989994000005],[124.850982667000153,10.167639732999987],[124.852149964000319,10.166080475000115],[124.850807189000193,10.164409637000063],[124.848022461000141,10.163000106000084],[124.848953247000054,10.161950112000056],[124.851623535000044,10.16075038800011],[124.852981568000018,10.158749580000119],[124.852226258000087,10.157970428000112],[124.852149964000319,10.156490326000039]]]]}},
{"type":"Feature","properties":{"fid":211,"GID_3":"PHL.71.8.58_1","GID_0":"PHL","COUNTRY":"Philippines","GID_1":"PHL.71_1","NAME_1":"Southern Leyte","NL_NAME_1":"NA","GID_2":"PHL.71.8_1","NAME_2":"Maasin City","NL_NAME_2":"NA","NAME_3":"San Jose","VARNAME_3":"NA","NL_NAME_3":"NA","TYPE_3":"Barangay","ENGTYPE_3":"Village","CC_3":"NA","HASC_3":"NA"},"geometry":{"type":"MultiPolygon","coordinates":[[[[124.887542725000117,10.207349777000104],[124.878181457000096,10.207889557000158],[124.878829957000107,10.215789795000148],[124.881240845000093,10.215669632000015],[124.884429932000103,10.213820458000157],[124.886329651000096,10.212809563000121],[124.888549805000025,10.212980271],[124.888229370000204,10.210189820000153],[124.887542725000117,10.207349777000104]]]]}},
{"type":"Feature","properties":{"fid":212,"GID_3":"PHL.71.8.59_1","GID_0":"PHL","COUNTRY":"Philippines","GID_1":"PHL.71_1","NAME_1":"Southern Leyte","NL_NAME_1":"NA","GID_2":"PHL.71.8_1","NAME_2":"Maasin City","NL_NAME_2":"NA","NAME_3":"San Rafael","VARNAME_3":"NA","NL_NAME_3":"NA","TYPE_3":"Barangay","ENGTYPE_3":"Village","CC_3":"NA","HASC_3":"NA"},"geometry":{"type":"MultiPolygon","coordinates":[[[[124.878829957000107,10.215789795000148],[124.876487732000214,10.21646976400018],[124.873847961000024,10.216629982000086],[124.873443604000045,10.219229698000106],[124.874031067000033,10.221480369000062],[124.877960206000012,10.222319603000017],[124.879798890000075,10.223589898000057],[124.881973267000149,10.224670411000034],[124.884483337,10.224769593000076],[124.888992310000049,10.225110054000083],[124.888549805000025,10.212980271],[124.886329651000096,10.212809563000121],[124.884429932000103,10.213820458000157],[124.881240845000093,10.215669632000015],[124.878829957000107,10.215789795000148]]]]}},
{"type":"Feature","properties":{"fid":213,"GID_3":"PHL.71.8.60_1","GID_0":"PHL","COUNTRY":"Philippines","GID_1":"PHL.71_1","NAME_1":"Southern Leyte","NL_NAME_1":"NA","GID_2":"PHL.71.8_1","NAME_2":"Maasin City","NL_NAME_2":"NA","NAME_3":"Santa Cruz","VARNAME_3":"NA","NL_NAME_3":"NA","TYPE_3":"Barangay","ENGTYPE_3":"Village","CC_3":"NA","HASC_3":"NA"},"geometry":{"type":"MultiPolygon","coordinates":[[[[124.862388611000029,10.233139993],[124.848823548000041,10.233220101000086],[124.849342345000082,10.242099763000112],[124.868637084000056,10.242560387000026],[124.867401124000139,10.233449937000103],[124.862388611000029,10.233139993]]]]}},
{"type":"Feature","properties":{"fid":214,"GID_3":"PHL.71.8.61_1","GID_0":"PHL","COUNTRY":"Philippines","GID_1":"PHL.71_1","NAME_1":"Southern Leyte","NL_NAME_1":"NA","GID_2":"PHL.71.8_1","NAME_2":"Maasin City","NL_NAME_2":"NA","NAME_3":"Santa Rosa","VARNAME_3":"NA","NL_NAME_3":"NA","TYPE_3":"Barangay","ENGTYPE_3":"Village","CC_3":"NA","HASC_3":"NA"},"geometry":{"type":"MultiPolygon","coordinates":[[[[124.907096864000096,10.146100044000093],[124.919410706,10.146590232000165],[124.930458069000224,10.146730424000054],[124.918891907000102,10.13442993200016],[124.918449401000089,10.134329795000099],[124.904800414000078,10.131059647000086],[124.878616332000092,10.132690431000185],[124.879920960000049,10.137049675000128],[124.881072997000047,10.14015960800009],[124.881210326000087,10.141630172000134],[124.88027954000006,10.1437702180001],[124.891036987000234,10.14461994200002],[124.907096864000096,10.146100044000093]]]]}},
{"type":"Feature","properties":{"fid":215,"GID_3":"PHL.71.8.62_1","GID_0":"PHL","COUNTRY":"Philippines","GID_1":"PHL.71_1","NAME_1":"Southern Leyte","NL_NAME_1":"NA","GID_2":"PHL.71.8_1","NAME_2":"Maasin City","NL_NAME_2":"NA","NAME_3":"Santo Niño","VARNAME_3":"NA","NL_NAME_3":"NA","TYPE_3":"Barangay","ENGTYPE_3":"Village","CC_3":"NA","HASC_3":"NA"},"geometry":{"type":"MultiPolygon","coordinates":[[[[124.86454010000034,10.215250015000038],[124.86377716100003,10.218509675000121],[124.862777710000046,10.221480369000062],[124.862823487000014,10.22449016500002],[124.861137390000181,10.227959633000069],[124.862388611000029,10.233139993],[124.867401124000139,10.233449937000103],[124.871932984000068,10.233240128000034],[124.872612000000117,10.228469848999964],[124.872680664000086,10.225799561000031],[124.874031067000033,10.221480369000062],[124.873443604000045,10.219229698000106],[124.873847961000024,10.216629982000086],[124.87259674000029,10.215700150000089],[124.871726989000194,10.216389656000104],[124.869667053000057,10.215009691000034],[124.866279602000077,10.21317958800006],[124.86454010000034,10.215250015000038]]]]}},
{"type":"Feature","properties":{"fid":216,"GID_3":"PHL.71.8.63_1","GID_0":"PHL","COUNTRY":"Philippines","GID_1":"PHL.71_1","NAME_1":"Southern Leyte","NL_NAME_1":"NA","GID_2":"PHL.71.8_1","NAME_2":"Maasin City","NL_NAME_2":"NA","NAME_3":"Santo Rosario","VARNAME_3":"NA","NL_NAME_3":"NA","TYPE_3":"Barangay","ENGTYPE_3":"Village","CC_3":"NA","HASC_3":"NA"},"geometry":{"type":"MultiPolygon","coordinates":[[[[124.764717102000304,10.150509834000104],[124.765663147000168,10.150469779000105],[124.766838074000134,10.150420189000045],[124.778503418000014,10.151020050000056],[124.783836000000179,10.14368],[124.782959000000119,10.141819995000105],[124.78296815300007,10.141646179000077],[124.783057995000036,10.139940104000061],[124.780777,10.13784],[124.780190000000175,10.135110000000111],[124.780159,10.13490000000013],[124.780273,10.134720000000186],[124.780220031000226,10.134249687000079],[124.780097961000251,10.134070396000084],[124.779899596000064,10.133859635000135],[124.77970886200012,10.13360977200017],[124.779472351000209,10.133399964000034],[124.779113769000219,10.133339881000097],[124.778686524000136,10.133279801000128],[124.778266907000102,10.133099555000115],[124.777801513000099,10.133110046000184],[124.777359009000293,10.133370400000047],[124.7769775390002,10.133790017000024],[124.776657104000037,10.134289741000032],[124.776367188000222,10.134790422000151],[124.77604675300006,10.135219574000132],[124.775749207000104,10.13558959900007],[124.775321961000145,10.136210441000117],[124.775123597000061,10.137040139000021],[124.774757385000157,10.137450219000016],[124.774276733000193,10.137519837000127],[124.77365112300015,10.137660026000049],[124.773086547000275,10.137929916000189],[124.772758484000065,10.138369560000172],[124.772583008000083,10.138549805000082],[124.772438049000129,10.138970375000042],[124.77223205700011,10.139410018000092],[124.772018432000095,10.139989853000031],[124.771987915000182,10.140290260000086],[124.771583557000099,10.141739845000018],[124.771583557000099,10.142919540000037],[124.771781921000184,10.143400193000105],[124.771850586000028,10.143750191000095],[124.771499633000076,10.144300460000068],[124.771293640000181,10.144579888000123],[124.770736694000107,10.144920349000131],[124.77052307200006,10.14519977700013],[124.770248414000207,10.145680427000116],[124.769973756000013,10.146030426000038],[124.769546509000293,10.146069528000055],[124.769287109000174,10.146389961000011],[124.769020081000122,10.146679879000033],[124.768791198000031,10.146940231000087],[124.768592834000174,10.147130013000151],[124.76837158100011,10.147239685000159],[124.768157959000177,10.147390365000035],[124.767868042000032,10.147549630000128],[124.767578124000238,10.147809982000183],[124.767402648000143,10.148070336000046],[124.767341613000099,10.148170471000071],[124.767181397000058,10.148599624000155],[124.766876221000189,10.148859978000019],[124.765808106,10.149040222],[124.764968872000168,10.149869919000025],[124.764717102000304,10.150509834000104]]]]}},
{"type":"Feature","properties":{"fid":217,"GID_3":"PHL.71.8.64_1","GID_0":"PHL","COUNTRY":"Philippines","GID_1":"PHL.71_1","NAME_1":"Southern Leyte","NL_NAME_1":"NA","GID_2":"PHL.71.8_1","NAME_2":"Maasin City","NL_NAME_2":"NA","NAME_3":"Soro-Soro","VARNAME_3":"NA","NL_NAME_3":"NA","TYPE_3":"Barangay","ENGTYPE_3":"Village","CC_3":"NA","HASC_3":"NA"},"geometry":{"type":"MultiPolygon","coordinates":[[[[124.852096557000095,10.152159691000122],[124.870956421000187,10.151789666000127],[124.870590211000263,10.150469779000105],[124.86961364800004,10.147600174000047],[124.868461609000178,10.146010399999966],[124.865432739000084,10.144470215000183],[124.863418580000143,10.143309593000083],[124.859939574,10.141570092000109],[124.8554382330002,10.140219689000048],[124.852951049000126,10.143520356000181],[124.852928161000136,10.147780418000082],[124.85365295500003,10.14966011100006],[124.853080750000231,10.151229859000068],[124.852096557000095,10.152159691000122]]]]}},
{"type":"Feature","properties":{"fid":218,"GID_3":"PHL.71.8.65_1","GID_0":"PHL","COUNTRY":"Philippines","GID_1":"PHL.71_1","NAME_1":"Southern Leyte","NL_NAME_1":"NA","GID_2":"PHL.71.8_1","NAME_2":"Maasin City","NL_NAME_2":"NA","NAME_3":"Tagnipa","VARNAME_3":"Poblacion","NL_NAME_3":"NA","TYPE_3":"Barangay","ENGTYPE_3":"Village","CC_3":"NA","HASC_3":"NA"},"geometry":{"type":"MultiPolygon","coordinates":[[[[124.827087402000188,10.148429871000076],[124.82875824000007,10.148320198000135],[124.830886840000176,10.148170471000071],[124.83194732700008,10.148130417000175],[124.833023071000071,10.148079872000153],[124.833602905000021,10.141070366000179],[124.834533691000161,10.131429672000081],[124.834541321000074,10.131150246000061],[124.834419251000099,10.131170272000077],[124.834007264000206,10.131429672000081],[124.833633424000027,10.131830215999969],[124.833267212000123,10.132269859000019],[124.832839967000041,10.132610322000062],[124.832588195000085,10.132820129000095],[124.831466675000229,10.132749558],[124.830841064000083,10.132459640000036],[124.830772400000114,10.132659912000065],[124.827087402000188,10.148429871000076]]]]}},
{"type":"Feature","properties":{"fid":219,"GID_3":"PHL.71.8.66_1","GID_0":"PHL","COUNTRY":"Philippines","GID_1":"PHL.71_1","NAME_1":"Southern Leyte","NL_NAME_1":"NA","GID_2":"PHL.71.8_1","NAME_2":"Maasin City","NL_NAME_2":"NA","NAME_3":"Tam-Is","VARNAME_3":"NA","NL_NAME_3":"NA","TYPE_3":"Barangay","ENGTYPE_3":"Village","CC_3":"NA","HASC_3":"NA"},"geometry":{"type":"MultiPolygon","coordinates":[[[[124.778503418000014,10.151020050000056],[124.778968810000038,10.153940201000182],[124.778778076000208,10.156880379000086],[124.778053284000066,10.159770011999967],[124.776161194000224,10.161120415000084],[124.774581909000062,10.161760331000096],[124.774551391000159,10.162249566000128],[124.774513244000104,10.162879943000178],[124.774726869000119,10.163849831000107],[124.774787902000071,10.164059637999969],[124.77503204300001,10.165120125000101],[124.774261474000241,10.166040421],[124.783447265000063,10.166609765000032],[124.783790588000329,10.164759635999985],[124.784477233000075,10.163539885999967],[124.784973144000105,10.161660196000071],[124.785766601000319,10.160619737000047],[124.785957337000127,10.158459663000031],[124.783889771000077,10.155130387000042],[124.783439637000015,10.152190209000139],[124.784309388000111,10.150770187999967],[124.785766601000319,10.149069786000155],[124.785896302000083,10.146860122000135],[124.783836000000179,10.14368],[124.778503418000014,10.151020050000056]]]]}},
{"type":"Feature","properties":{"fid":220,"GID_3":"PHL.71.8.67_1","GID_0":"PHL","COUNTRY":"Philippines","GID_1":"PHL.71_1","NAME_1":"Southern Leyte","NL_NAME_1":"NA","GID_2":"PHL.71.8_1","NAME_2":"Maasin City","NL_NAME_2":"NA","NAME_3":"Tawid","VARNAME_3":"NA","NL_NAME_3":"NA","TYPE_3":"Barangay","ENGTYPE_3":"Village","CC_3":"NA","HASC_3":"NA"},"geometry":{"type":"MultiPolygon","coordinates":[[[[124.784523010000044,10.175459862000025],[124.785560609000186,10.173339843000178],[124.783309936000023,10.170209884000144],[124.782218933000081,10.169400216000099],[124.782798767000031,10.167639732999987],[124.783836365000298,10.167340279000086],[124.783447265000063,10.166609765000032],[124.774261474000241,10.166040421],[124.7690429700001,10.17490005600007],[124.784523010000044,10.175459862000025]]]]}},
{"type":"Feature","properties":{"fid":221,"GID_3":"PHL.71.8.68_1","GID_0":"PHL","COUNTRY":"Philippines","GID_1":"PHL.71_1","NAME_1":"Southern Leyte","NL_NAME_1":"NA","GID_2":"PHL.71.8_1","NAME_2":"Maasin City","NL_NAME_2":"NA","NAME_3":"Tigbawan","VARNAME_3":"NA","NL_NAME_3":"NA","TYPE_3":"Barangay","ENGTYPE_3":"Village","CC_3":"NA","HASC_3":"NA"},"geometry":{"type":"MultiPolygon","coordinates":[[[[124.914413452000076,10.206629753000186],[124.887542725000117,10.207349777000104],[124.888229370000204,10.210189820000153],[124.908607482000207,10.210840225000027],[124.913223266000159,10.21154975900015],[124.914413452000076,10.206629753000186]]]]}},
{"type":"Feature","properties":{"fid":222,"GID_3":"PHL.71.8.69_1","GID_0":"PHL","COUNTRY":"Philippines","GID_1":"PHL.71_1","NAME_1":"Southern Leyte","NL_NAME_1":"NA","GID_2":"PHL.71.8_1","NAME_2":"Maasin City","NL_NAME_2":"NA","NAME_3":"Tomoy-Tomoy","VARNAME_3":"NA","NL_NAME_3":"NA","TYPE_3":"Barangay","ENGTYPE_3":"Village","CC_3":"NA","HASC_3":"NA"},"geometry":{"type":"MultiPolygon","coordinates":[[[[124.801368712000112,10.170359611000151],[124.81018829300001,10.169770241000094],[124.82286071700014,10.167739868000012],[124.823486329000048,10.149250032000168],[124.819671630000016,10.149479865000046],[124.815742493000016,10.149720192000132],[124.809463498000014,10.150320051000108],[124.79158,10.15205],[124.792472840000187,10.153800010000054],[124.793090820000316,10.156229973999984],[124.795631408000077,10.157649993000177],[124.79788970900006,10.158699990000116],[124.799636841000051,10.16125011400004],[124.80094146700003,10.164150238000047],[124.800857543,10.165490150000039],[124.799423218000243,10.166460038000025],[124.801368712000112,10.170359611000151]]]]}},
{"type":"Feature","properties":{"fid":223,"GID_3":"PHL.71.8.70_1","GID_0":"PHL","COUNTRY":"Philippines","GID_1":"PHL.71_1","NAME_1":"Southern Leyte","NL_NAME_1":"NA","GID_2":"PHL.71.8_1","NAME_2":"Maasin City","NL_NAME_2":"NA","NAME_3":"Tunga-Tunga","VARNAME_3":"Poblacion","NL_NAME_3":"NA","TYPE_3":"Barangay","ENGTYPE_3":"Village","CC_3":"NA","HASC_3":"NA"},"geometry":{"type":"MultiPolygon","coordinates":[[[[124.839401245000204,10.148610115000054],[124.83854675200007,10.147120477000101],[124.838279724000017,10.144940377000182],[124.839118958000199,10.141510009],[124.839202880000016,10.133649826000067],[124.838676453000062,10.131110192000108],[124.838012695000089,10.131110192000108],[124.837356568000018,10.131110192000108],[124.836990356000115,10.131110192000108],[124.836708068,10.131110192000108],[124.836067200000116,10.131110192000108],[124.83547210800009,10.131099701000039],[124.834922790000064,10.131110192000108],[124.834541321000074,10.131150246000061],[124.834533691000161,10.131429672000081],[124.833602905000021,10.141070366000179],[124.833023071000071,10.148079872000153],[124.839401245000204,10.148610115000054]]]]}},
{"type":"Feature","properties":{"fid":224,"GID_3":"PHL.71.9.1_1","GID_0":"PHL","COUNTRY":"Philippines","GID_1":"PHL.71_1","NAME_1":"Southern Leyte","NL_NAME_1":"NA","GID_2":"PHL.71.9_1","NAME_2":"Macrohon","NL_NAME_2":"NA","NAME_3":"Aguinaldo","VARNAME_3":"NA","NL_NAME_3":"NA","TYPE_3":"Barangay","ENGTYPE_3":"Village","CC_3":"NA","HASC_3":"NA"},"geometry":{"type":"MultiPolygon","coordinates":[[[[124.959266663000108,10.054459572000098],[124.959152221000068,10.054650307000031],[124.958732606000126,10.054929734000098],[124.958168030000138,10.055179596000187],[124.957473755000137,10.055740357000161],[124.956626892000145,10.056079866000061],[124.956558227000073,10.056980133000025],[124.956443786000136,10.057669639999972],[124.956352234000178,10.058159828000043],[124.956420898000147,10.058919907000131],[124.956039430000033,10.059309960000178],[124.955902099000127,10.059450149000156],[124.955688476000091,10.059709549000104],[124.955421448000038,10.059929849000014],[124.955116272000055,10.060110092000116],[124.954872130000126,10.060339928000133],[124.954620361000138,10.06058979],[124.954307556000117,10.060859680000135],[124.954200744000104,10.060979843000041],[124.956161498000029,10.06408977600006],[124.959960938000108,10.067740440000136],[124.96089172500001,10.067239761],[124.961143494000112,10.067099572000018],[124.963249208000093,10.065910339000141],[124.963813782000102,10.065369606000104],[124.963867187000119,10.065320014000065],[124.964302062000115,10.064909935000173],[124.965171813000097,10.063369750000163],[124.965019226000322,10.060400009000034],[124.959518433000198,10.054710388999979],[124.959266663000108,10.054459572000098]]]]}},
{"type":"Feature","properties":{"fid":225,"GID_3":"PHL.71.9.2_1","GID_0":"PHL","COUNTRY":"Philippines","GID_1":"PHL.71_1","NAME_1":"Southern Leyte","NL_NAME_1":"NA","GID_2":"PHL.71.9_1","NAME_2":"Macrohon","NL_NAME_2":"NA","NAME_3":"Amparo","VARNAME_3":"NA","NL_NAME_3":"NA","TYPE_3":"Barangay","ENGTYPE_3":"Village","CC_3":"NA","HASC_3":"NA"},"geometry":{"type":"MultiPolygon","coordinates":[[[[124.911399841000048,10.088029861000166],[124.910537720000207,10.088159562000101],[124.910171508000076,10.088299751000079],[124.90973663300008,10.088339805000032],[124.909286499000132,10.088299751000079],[124.908920287000228,10.088350296000101],[124.908157349000135,10.088450433000105],[124.907707215000073,10.088500023000165],[124.906753540000068,10.088609695000173],[124.906173706000232,10.088890075999984],[124.90553283600002,10.089220047000026],[124.905036927000083,10.089550019000171],[124.90457153300008,10.090009689000169],[124.904113769000105,10.090470315000118],[124.903648377000081,10.090920449],[124.903213502000085,10.091389656000047],[124.902770996000072,10.091859818000046],[124.902351379000038,10.092300416000057],[124.90196228100001,10.092720033000091],[124.901618957000096,10.093159676000141],[124.901397705000022,10.093400002000124],[124.901252747000171,10.093620300000055],[124.901191712000013,10.094050408000101],[124.900886536000144,10.09422016100001],[124.900703430000021,10.094329834000121],[124.900291443000015,10.094809533000102],[124.900009155000134,10.095499993000033],[124.89945220900006,10.095780374000071],[124.898902893000013,10.096819878000076],[124.898750305000021,10.097709657000109],[124.898406982000097,10.098130225999967],[124.898399354000048,10.098710061000077],[124.898620605000133,10.099300384000173],[124.898872376000099,10.099820137999984],[124.899017333000074,10.100270272000103],[124.899192811000034,10.100660325000149],[124.899307251000096,10.100910187000068],[124.902732849000017,10.101670265000052],[124.905960083000082,10.102319718000047],[124.907577514000081,10.099869728000044],[124.910049438000101,10.097510337000131],[124.912101746000076,10.09685039600015],[124.914413452000076,10.095669746000169],[124.914176941000164,10.094849587000056],[124.913490296000077,10.092069625000079],[124.911521911000023,10.088299751000079],[124.911399841000048,10.088029861000166]]]]}},
{"type":"Feature","properties":{"fid":226,"GID_3":"PHL.71.9.3_1","GID_0":"PHL","COUNTRY":"Philippines","GID_1":"PHL.71_1","NAME_1":"Southern Leyte","NL_NAME_1":"NA","GID_2":"PHL.71.9_1","NAME_2":"Macrohon","NL_NAME_2":"NA","NAME_3":"Asuncion","VARNAME_3":"NA","NL_NAME_3":"NA","TYPE_3":"Barangay","ENGTYPE_3":"Village","CC_3":"NA","HASC_3":"NA"},"geometry":{"type":"MultiPolygon","coordinates":[[[[124.989166260000047,10.034779548000188],[124.988731384000289,10.034939766000093],[124.988227843000118,10.034990310000012],[124.98657989600008,10.035059929],[124.986167907000208,10.03485012100009],[124.984977721000178,10.034709930000076],[124.983726502000081,10.034709930000076],[124.98362732000021,10.03474044800015],[124.98332977400014,10.034819602000141],[124.982948303000057,10.035030365000068],[124.982597352000084,10.035300254999981],[124.982276917000149,10.035590171000024],[124.982002259000183,10.035889625000095],[124.981773376000092,10.036199569000189],[124.981529237000132,10.036470414000121],[124.98132324200003,10.036689758000136],[124.980659484000171,10.037010193000071],[124.97998809700016,10.03722953800002],[124.981353759000172,10.040840149000076],[124.980827332000217,10.042710304000025],[124.981483460000163,10.044260025000085],[124.981788634000168,10.045769693000125],[124.983917236000025,10.046850204000066],[124.985237121000068,10.045330047000164],[124.986648559000173,10.042770385000097],[124.988037109000174,10.040260315000069],[124.988967895000087,10.035860061000164],[124.989166260000047,10.034779548000188]]]]}},
{"type":"Feature","properties":{"fid":227,"GID_3":"PHL.71.9.4_1","GID_0":"PHL","COUNTRY":"Philippines","GID_1":"PHL.71_1","NAME_1":"Southern Leyte","NL_NAME_1":"NA","GID_2":"PHL.71.9_1","NAME_2":"Macrohon","NL_NAME_2":"NA","NAME_3":"Bagong Silang","VARNAME_3":"NA","NL_NAME_3":"NA","TYPE_3":"Barangay","ENGTYPE_3":"Village","CC_3":"NA","HASC_3":"NA"},"geometry":{"type":"MultiPolygon","coordinates":[[[[124.96922302300004,10.101420403000191],[124.961647033000077,10.102049828000133],[124.958839416000046,10.103349686],[124.955169677000072,10.105489731000091],[124.95485687200005,10.109700203000102],[124.954010010000161,10.111559868000029],[124.951896668000131,10.113200188000064],[124.950157165000178,10.114399911000135],[124.952926636000029,10.116379739000138],[124.955543519000116,10.117879867000113],[124.958282470000199,10.120220184],[124.96922302300004,10.101420403000191]]]]}},
{"type":"Feature","properties":{"fid":228,"GID_3":"PHL.71.9.5_1","GID_0":"PHL","COUNTRY":"Philippines","GID_1":"PHL.71_1","NAME_1":"Southern Leyte","NL_NAME_1":"NA","GID_2":"PHL.71.9_1","NAME_2":"Macrohon","NL_NAME_2":"NA","NAME_3":"Buscayan","VARNAME_3":"NA","NL_NAME_3":"NA","TYPE_3":"Barangay","ENGTYPE_3":"Village","CC_3":"NA","HASC_3":"NA"},"geometry":{"type":"MultiPolygon","coordinates":[[[[124.967948913000214,10.045069695000109],[124.967567443,10.045379639000146],[124.967163086000028,10.045590402000073],[124.966781616000162,10.045749664000141],[124.966430664000086,10.045809747000021],[124.965316772000051,10.046039581000059],[124.964889527000196,10.046130179999977],[124.964759826000204,10.046159744000136],[124.964729310000166,10.046290397],[124.964683533000198,10.046500207000122],[124.964897155000131,10.046990395000023],[124.965278625000224,10.04784965500005],[124.965248109000186,10.048239708000096],[124.965087891000053,10.048560143000032],[124.964942932000099,10.048939706000112],[124.964607239000088,10.049300193000022],[124.964256287000012,10.049690247000115],[124.963882447000174,10.050029755000139],[124.963546752000184,10.050470353000037],[124.969467164000093,10.057740211000066],[124.971153258000186,10.060090066000043],[124.973220825000112,10.060270310000021],[124.974456788000111,10.059379578000062],[124.974716187000013,10.05897045100005],[124.975891113000102,10.057109834000016],[124.974777221000068,10.055029869000123],[124.973243714000091,10.052969933000043],[124.968132019000222,10.045330047000164],[124.967948913000214,10.045069695000109]]]]}},
{"type":"Feature","properties":{"fid":229,"GID_3":"PHL.71.9.6_1","GID_0":"PHL","COUNTRY":"Philippines","GID_1":"PHL.71_1","NAME_1":"Southern Leyte","NL_NAME_1":"NA","GID_2":"PHL.71.9_1","NAME_2":"Macrohon","NL_NAME_2":"NA","NAME_3":"Cambaro","VARNAME_3":"NA","NL_NAME_3":"NA","TYPE_3":"Barangay","ENGTYPE_3":"Village","CC_3":"NA","HASC_3":"NA"},"geometry":{"type":"MultiPolygon","coordinates":[[[[124.955169677000072,10.105489731000091],[124.958839416000046,10.103349686],[124.961647033000077,10.102049828000133],[124.96922302300004,10.101420403000191],[124.971153258000186,10.09825992500015],[124.978172302000075,10.085330009000018],[124.974372864000088,10.080519676000051],[124.971183777000078,10.078069687000095],[124.96555328300019,10.07824039400009],[124.963691711000024,10.076539994000086],[124.962333680000029,10.074669837000158],[124.959510803000057,10.07606983300019],[124.956733703000054,10.078430176000154],[124.955589294000106,10.080820083000106],[124.955757142000152,10.082570077000128],[124.955390930000021,10.08378028900006],[124.9550476080002,10.084890365999968],[124.952796936000141,10.087929726000141],[124.950202942000146,10.090640068000027],[124.948593139000081,10.092060089000029],[124.946792602000187,10.095129966000059],[124.943847656000116,10.095749855000122],[124.940460205000022,10.095290184000021],[124.937683105000133,10.096759797],[124.936309815000186,10.098640443000022],[124.935913087000017,10.101880074000121],[124.935226440000179,10.103469849000078],[124.93463134700005,10.105489731000091],[124.933181764000096,10.108289720000187],[124.933486938000101,10.11019039200005],[124.941261292000149,10.111100197000098],[124.946121215000176,10.109939575],[124.951751709000064,10.106690407000087],[124.955169677000072,10.105489731000091]]]]}},
{"type":"Feature","properties":{"fid":230,"GID_3":"PHL.71.9.7_1","GID_0":"PHL","COUNTRY":"Philippines","GID_1":"PHL.71_1","NAME_1":"Southern Leyte","NL_NAME_1":"NA","GID_2":"PHL.71.9_1","NAME_2":"Macrohon","NL_NAME_2":"NA","NAME_3":"Canlusay","VARNAME_3":"NA","NL_NAME_3":"NA","TYPE_3":"Barangay","ENGTYPE_3":"Village","CC_3":"NA","HASC_3":"NA"},"geometry":{"type":"MultiPolygon","coordinates":[[[[124.959266663000108,10.054459572000098],[124.959518433000198,10.054710388999979],[124.965019226000322,10.060400009000034],[124.965171813000097,10.063369750000163],[124.964302062000115,10.064909935000173],[124.966239930000029,10.065520286000094],[124.967056274000129,10.0665702820001],[124.967720032000102,10.06742954300006],[124.970336915000075,10.068960190000155],[124.970870972000057,10.068619729000147],[124.972267150000107,10.067720414000064],[124.972679137000227,10.066309930000102],[124.972999572000163,10.06552982400018],[124.973297119000222,10.064769746000024],[124.973297119000222,10.063099862000058],[124.971153258000186,10.060090066000043],[124.969467164000093,10.057740211000066],[124.963546752000184,10.050470353000037],[124.96330261300011,10.050789833000181],[124.962936401000206,10.051130294000188],[124.962593079000044,10.051429748000089],[124.96222686700014,10.051799775000063],[124.961883544000216,10.05218029100007],[124.961486815000171,10.052510261000066],[124.961112975000106,10.052829743000189],[124.960731507000219,10.053150176000145],[124.960319518000119,10.053460121000114],[124.959930420000092,10.053810120000037],[124.959487914000078,10.054109574000108],[124.959266663000108,10.054459572000098]]]]}},
{"type":"Feature","properties":{"fid":231,"GID_3":"PHL.71.9.8_1","GID_0":"PHL","COUNTRY":"Philippines","GID_1":"PHL.71_1","NAME_1":"Southern Leyte","NL_NAME_1":"NA","GID_2":"PHL.71.9_1","NAME_2":"Macrohon","NL_NAME_2":"NA","NAME_3":"Danao","VARNAME_3":"NA","NL_NAME_3":"NA","TYPE_3":"Barangay","ENGTYPE_3":"Village","CC_3":"NA","HASC_3":"NA"},"geometry":{"type":"MultiPolygon","coordinates":[[[[124.950157165000178,10.114399911000135],[124.951896668000131,10.113200188000064],[124.954010010000161,10.111559868000029],[124.95485687200005,10.109700203000102],[124.955169677000072,10.105489731000091],[124.951751709000064,10.106690407000087],[124.946121215000176,10.109939575],[124.941261292000149,10.111100197000098],[124.933486938000101,10.11019039200005],[124.934936524000136,10.116359711000086],[124.937049865000063,10.122200012000064],[124.939147949000017,10.120779990000131],[124.941879272000051,10.120280267000112],[124.94580841100003,10.118900300000064],[124.947967529000152,10.116620063000141],[124.950157165000178,10.114399911000135]]]]}},
{"type":"Feature","properties":{"fid":232,"GID_3":"PHL.71.9.9_1","GID_0":"PHL","COUNTRY":"Philippines","GID_1":"PHL.71_1","NAME_1":"Southern Leyte","NL_NAME_1":"NA","GID_2":"PHL.71.9_1","NAME_2":"Macrohon","NL_NAME_2":"NA","NAME_3":"Flordeliz","VARNAME_3":"NA","NL_NAME_3":"NA","TYPE_3":"Barangay","ENGTYPE_3":"Village","CC_3":"NA","HASC_3":"NA"},"geometry":{"type":"MultiPolygon","coordinates":[[[[124.967948913000214,10.045069695000109],[124.968132019000222,10.045330047000164],[124.973243714000091,10.052969933000043],[124.974777221000068,10.055029869000123],[124.975891113000102,10.057109834000016],[124.9769516,10.056509971000025],[124.979171754000163,10.055859566000152],[124.979377746000182,10.053720474999977],[124.978523254000152,10.051989557000127],[124.976051330000246,10.04911995000009],[124.974136353000176,10.045559883000124],[124.972442626000088,10.042300225000076],[124.972221375000345,10.042469978000042],[124.971717835000049,10.042819977000136],[124.971221924000019,10.043180466000024],[124.970771790000072,10.043519975000095],[124.970252991000052,10.043740273000026],[124.970176697000284,10.043769837000184],[124.969703675000233,10.043930054000043],[124.96922302300004,10.044179916000076],[124.968772889000093,10.044449806000046],[124.968353272000172,10.044759751000015],[124.967948913000214,10.045069695000109]]]]}},
{"type":"Feature","properties":{"fid":233,"GID_3":"PHL.71.9.10_1","GID_0":"PHL","COUNTRY":"Philippines","GID_1":"PHL.71_1","NAME_1":"Southern Leyte","NL_NAME_1":"NA","GID_2":"PHL.71.9_1","NAME_2":"Macrohon","NL_NAME_2":"NA","NAME_3":"Guadalupe","VARNAME_3":"NA","NL_NAME_3":"NA","TYPE_3":"Barangay","ENGTYPE_3":"Village","CC_3":"NA","HASC_3":"NA"},"geometry":{"type":"MultiPolygon","coordinates":[[[[124.986648559000173,10.042770385000097],[124.985237121000068,10.045330047000164],[124.983917236000025,10.046850204000066],[124.985847474000025,10.049320222000176],[124.987426758000197,10.049819947],[124.989242553000054,10.048230171000114],[124.991493226000216,10.050160408000011],[124.991706849000025,10.052140236000071],[124.99237823500016,10.054059982000126],[124.993339538000214,10.05315971400006],[124.996856690000072,10.053099632000055],[124.998786926000093,10.049460411000098],[125.000709533000077,10.046429634000106],[124.995338439000079,10.045729638000068],[124.99320220900006,10.043820381000103],[124.990783691000047,10.043359757000189],[124.988372803000061,10.043259620000185],[124.986648559000173,10.042770385000097]]]]}},
{"type":"Feature","properties":{"fid":234,"GID_3":"PHL.71.9.11_1","GID_0":"PHL","COUNTRY":"Philippines","GID_1":"PHL.71_1","NAME_1":"Southern Leyte","NL_NAME_1":"NA","GID_2":"PHL.71.9_1","NAME_2":"Macrohon","NL_NAME_2":"NA","NAME_3":"Ichon","VARNAME_3":"NA","NL_NAME_3":"NA","TYPE_3":"Barangay","ENGTYPE_3":"Village","CC_3":"NA","HASC_3":"NA"},"geometry":{"type":"MultiPolygon","coordinates":[[[[124.895339966000051,10.110939979000023],[124.908203126000103,10.123780251000142],[124.908729553000057,10.1234502800001],[124.909767151000096,10.122799873000019],[124.912170409000055,10.122159958000111],[124.913391114000206,10.120470048000072],[124.912399292000032,10.11859989300018],[124.910278321000305,10.114359857000181],[124.91007232600009,10.113710404000187],[124.909927369000229,10.113269806000119],[124.909286499000132,10.111189843000091],[124.909622192000143,10.109499932000119],[124.909637451000208,10.109410285000081],[124.909797668000238,10.108599662000074],[124.911071778000178,10.10739994100004],[124.91040039100028,10.105259895000074],[124.909072876000096,10.10398006500003],[124.905960083000082,10.102319718000047],[124.902732849000017,10.101670265000052],[124.899307251000096,10.100910187000068],[124.899299621000182,10.101819992000117],[124.899368287000016,10.102450371000145],[124.899436950000108,10.10375976500012],[124.899436950000108,10.103839874000073],[124.899513244000218,10.104729653000049],[124.899589539000203,10.106100082000012],[124.89945220900006,10.106499671000165],[124.899330140000302,10.106989861000045],[124.899139404000152,10.107489585000167],[124.898918151000089,10.107930183],[124.89871215900007,10.108300209999982],[124.898551941000164,10.108670235000147],[124.898216248000153,10.108960151000133],[124.897888183000077,10.109259605000034],[124.8976364130001,10.109620095000025],[124.897346497000058,10.109889985000166],[124.896972657000219,10.110090257000024],[124.896583557000326,10.110280038000042],[124.896156311000027,10.110449791000121],[124.895736694000334,10.110610009000084],[124.895439148000037,10.110870361000082],[124.895339966000051,10.110939979000023]]]]}},
{"type":"Feature","properties":{"fid":235,"GID_3":"PHL.71.9.12_1","GID_0":"PHL","COUNTRY":"Philippines","GID_1":"PHL.71_1","NAME_1":"Southern Leyte","NL_NAME_1":"NA","GID_2":"PHL.71.9_1","NAME_2":"Macrohon","NL_NAME_2":"NA","NAME_3":"Ilihan","VARNAME_3":"NA","NL_NAME_3":"NA","TYPE_3":"Barangay","ENGTYPE_3":"Village","CC_3":"NA","HASC_3":"NA"},"geometry":{"type":"MultiPolygon","coordinates":[[[[124.930458069000224,10.146730424000054],[124.938926696000067,10.154339790000108],[124.938423157000216,10.149310112000137],[124.939056397000058,10.146849632000112],[124.937637330000143,10.14078998500014],[124.936866759000054,10.133199692000119],[124.937072754000155,10.126640320000092],[124.937049865000063,10.122200012000064],[124.934936524000136,10.116359711000086],[124.933486938000101,10.11019039200005],[124.929786682000213,10.10972023000005],[124.924491882000098,10.111169815000039],[124.924583436000034,10.114130021000165],[124.922866821000071,10.115010262000055],[124.925193787000012,10.117079734000072],[124.926437378000173,10.119250298000054],[124.927146911000023,10.121459962000131],[124.927062987000113,10.123809815000129],[124.925323486000025,10.125949860000162],[124.923568726000099,10.127229690000036],[124.92192840600012,10.128660202000049],[124.921798706000232,10.129929544000106],[124.919708252000078,10.132410049999976],[124.918891907000102,10.13442993200016],[124.930458069000224,10.146730424000054]]]]}},
{"type":"Feature","properties":{"fid":236,"GID_3":"PHL.71.9.13_1","GID_0":"PHL","COUNTRY":"Philippines","GID_1":"PHL.71_1","NAME_1":"Southern Leyte","NL_NAME_1":"NA","GID_2":"PHL.71.9_1","NAME_2":"Macrohon","NL_NAME_2":"NA","NAME_3":"Laray","VARNAME_3":"NA","NL_NAME_3":"NA","TYPE_3":"Barangay","ENGTYPE_3":"Village","CC_3":"NA","HASC_3":"NA"},"geometry":{"type":"MultiPolygon","coordinates":[[[[124.92192840600012,10.128660202000049],[124.923568726000099,10.127229690000036],[124.925323486000025,10.125949860000162],[124.927062987000113,10.123809815000129],[124.927146911000023,10.121459962000131],[124.926437378000173,10.119250298000054],[124.925193787000012,10.117079734000072],[124.922866821000071,10.115010262000055],[124.920936585000049,10.115280152000025],[124.919471741000166,10.115870475000122],[124.91845703100023,10.117369652999969],[124.917762756000116,10.121919631000026],[124.919212342000151,10.123350143000096],[124.920013427000072,10.125479698000163],[124.92192840600012,10.128660202000049]]]]}},
{"type":"Feature","properties":{"fid":237,"GID_3":"PHL.71.9.14_1","GID_0":"PHL","COUNTRY":"Philippines","GID_1":"PHL.71_1","NAME_1":"Southern Leyte","NL_NAME_1":"NA","GID_2":"PHL.71.9_1","NAME_2":"Macrohon","NL_NAME_2":"NA","NAME_3":"Lower Villa Jacinta","VARNAME_3":"NA","NL_NAME_3":"NA","TYPE_3":"Barangay","ENGTYPE_3":"Village","CC_3":"NA","HASC_3":"NA"},"geometry":{"type":"MultiPolygon","coordinates":[[[[124.981788634000168,10.045769693000125],[124.981483460000163,10.044260025000085],[124.980827332000217,10.042710304000025],[124.981353759000172,10.040840149000076],[124.97998809700016,10.03722953800002],[124.979606629000159,10.037320137000165],[124.979331971000192,10.037389755000049],[124.978988648000154,10.037520409000024],[124.978637696000192,10.037719726000091],[124.978248596000185,10.037969590000159],[124.977821351000102,10.038220406000107],[124.977478027000075,10.038550377000149],[124.977142334000064,10.03884983100005],[124.976783752000074,10.039099693000139],[124.976417542000036,10.039310455000191],[124.976066589000197,10.039560319000032],[124.975708007000208,10.039790153000069],[124.975288392000039,10.040010452999979],[124.974853516000053,10.04028034300012],[124.974388122000164,10.04055976900014],[124.973907470000199,10.040860175000148],[124.97350311300022,10.041270257000122],[124.973083496000186,10.041689874000156],[124.972976684000059,10.04179954500006],[124.972686768000017,10.042110444000116],[124.972442626000088,10.042300225000076],[124.974136353000176,10.045559883000124],[124.976051330000246,10.04911995000009],[124.978736878000063,10.045980453000141],[124.980133056000113,10.045880318000115],[124.980262757000105,10.04586982800015],[124.981788634000168,10.045769693000125]]]]}},
{"type":"Feature","properties":{"fid":238,"GID_3":"PHL.71.9.15_1","GID_0":"PHL","COUNTRY":"Philippines","GID_1":"PHL.71_1","NAME_1":"Southern Leyte","NL_NAME_1":"NA","GID_2":"PHL.71.9_1","NAME_2":"Macrohon","NL_NAME_2":"NA","NAME_3":"Mabini","VARNAME_3":"NA","NL_NAME_3":"NA","TYPE_3":"Barangay","ENGTYPE_3":"Village","CC_3":"NA","HASC_3":"NA"},"geometry":{"type":"MultiPolygon","coordinates":[[[[124.914413452000076,10.095669746000169],[124.912101746000076,10.09685039600015],[124.910049438000101,10.097510337000131],[124.907577514000081,10.099869728000044],[124.905960083000082,10.102319718000047],[124.909072876000096,10.10398006500003],[124.91040039100028,10.105259895000074],[124.911071778000178,10.10739994100004],[124.914436340000179,10.109869957000114],[124.916183472000171,10.111579894000101],[124.917411805000029,10.113699913000119],[124.919471741000166,10.115870475000122],[124.920936585000049,10.115280152000025],[124.922866821000071,10.115010262000055],[124.924583436000034,10.114130021000165],[124.924491882000098,10.111169815000039],[124.922958375,10.108929635000095],[124.922683717000041,10.108599662000074],[124.922607421000066,10.10853004400019],[124.92038726900023,10.105890274999979],[124.919151306000231,10.103739739000048],[124.918533325000112,10.10266971700014],[124.9163665760002,10.097610474000135],[124.914413452000076,10.095669746000169]]]]}},
{"type":"Feature","properties":{"fid":239,"GID_3":"PHL.71.9.16_1","GID_0":"PHL","COUNTRY":"Philippines","GID_1":"PHL.71_1","NAME_1":"Southern Leyte","NL_NAME_1":"NA","GID_2":"PHL.71.9_1","NAME_2":"Macrohon","NL_NAME_2":"NA","NAME_3":"Mohon","VARNAME_3":"NA","NL_NAME_3":"NA","TYPE_3":"Barangay","ENGTYPE_3":"Village","CC_3":"NA","HASC_3":"NA"},"geometry":{"type":"MultiPolygon","coordinates":[[[[124.935226440000179,10.103469849000078],[124.935913087000017,10.101880074000121],[124.936309815000186,10.098640443000022],[124.935226440000179,10.097419737999985],[124.932266236000032,10.096190453000133],[124.932083130000137,10.093489647000183],[124.931068420000202,10.092439652000053],[124.928337097000053,10.090499879000049],[124.92617035000012,10.086520195000105],[124.925697326000204,10.086790085000075],[124.925216675000115,10.086999892999984],[124.924758912000016,10.087209702000052],[124.924278259000175,10.087380410000151],[124.923812867000038,10.087519647000022],[124.923347473000035,10.087659836000171],[124.921958923000034,10.088580131000185],[124.921180724000124,10.088769913000078],[124.922836304000271,10.094380378000039],[124.922691345000089,10.097240447000161],[124.92324066100025,10.099550248000071],[124.926841737000132,10.101249695000092],[124.926773071000184,10.102109910000081],[124.926696777000075,10.10309982400014],[124.925453187000016,10.105210305000014],[124.927070618000016,10.106240274000072],[124.928100586000141,10.106019974000162],[124.929687500000114,10.105680465000034],[124.931190491000052,10.104570388000127],[124.931343078000168,10.104499817000033],[124.933937072000049,10.103280068000117],[124.935226440000179,10.103469849000078]]]]}},
{"type":"Feature","properties":{"fid":240,"GID_3":"PHL.71.9.17_1","GID_0":"PHL","COUNTRY":"Philippines","GID_1":"PHL.71_1","NAME_1":"Southern Leyte","NL_NAME_1":"NA","GID_2":"PHL.71.9_1","NAME_2":"Macrohon","NL_NAME_2":"NA","NAME_3":"Molopolo","VARNAME_3":"NA","NL_NAME_3":"NA","TYPE_3":"Barangay","ENGTYPE_3":"Village","CC_3":"NA","HASC_3":"NA"},"geometry":{"type":"MultiPolygon","coordinates":[[[[124.959960938000108,10.067740440000136],[124.956161498000029,10.06408977600006],[124.954200744000104,10.060979843000041],[124.953987121000296,10.061209679000058],[124.95364379800003,10.061559678000151],[124.953308105000247,10.061980247000065],[124.952903748000153,10.062370301000158],[124.952430726000216,10.062740326000153],[124.951881408000077,10.06305027000019],[124.951278687000013,10.063289644000122],[124.950653075000105,10.063389778000044],[124.950202942000146,10.063650131000031],[124.949867248000032,10.063940049],[124.949577332000217,10.064129830000184],[124.949256897000055,10.06429004600011],[124.949012756000229,10.064499855000122],[124.948722840000073,10.064740182000037],[124.948333741000056,10.065019607000181],[124.947853089000091,10.065349580000031],[124.947349548000261,10.065759659000094],[124.947036743000012,10.065970422000078],[124.949768066000047,10.06781005800002],[124.951156616000162,10.070509910000112],[124.951896668000131,10.072090149000076],[124.953689575000226,10.075039864000132],[124.952583313000105,10.077090263000059],[124.951492309000287,10.07831955000006],[124.953369140000063,10.079549790000044],[124.955589294000106,10.080820083000106],[124.956733703000054,10.078430176000154],[124.959510803000057,10.07606983300019],[124.962333680000029,10.074669837000158],[124.96264648500005,10.07351017000002],[124.963073730000133,10.070940017000112],[124.959960938000108,10.067740440000136]]]]}},
{"type":"Feature","properties":{"fid":241,"GID_3":"PHL.71.9.18_1","GID_0":"PHL","COUNTRY":"Philippines","GID_1":"PHL.71_1","NAME_1":"Southern Leyte","NL_NAME_1":"NA","GID_2":"PHL.71.9_1","NAME_2":"Macrohon","NL_NAME_2":"NA","NAME_3":"Rizal","VARNAME_3":"NA","NL_NAME_3":"NA","TYPE_3":"Barangay","ENGTYPE_3":"Village","CC_3":"NA","HASC_3":"NA"},"geometry":{"type":"MultiPolygon","coordinates":[[[[124.936309815000186,10.098640443000022],[124.937683105000133,10.096759797],[124.940460205000022,10.095290184000021],[124.940406800000119,10.092929840000124],[124.937332153000057,10.089810372000102],[124.930847167000252,10.084139823000157],[124.930358887000011,10.084360123000067],[124.929893495000215,10.084569931000033],[124.929481506000116,10.084850312000071],[124.929122924000012,10.085180282000181],[124.928710937000119,10.085430146000078],[124.92820739800004,10.085599899000158],[124.927696227000183,10.085829735000175],[124.927192688000105,10.086079597000094],[124.926666259000172,10.086310386999969],[124.92617035000012,10.086520195000105],[124.928337097000053,10.090499879000049],[124.931068420000202,10.092439652000053],[124.932083130000137,10.093489647000183],[124.932266236000032,10.096190453000133],[124.935226440000179,10.097419737999985],[124.936309815000186,10.098640443000022]]]]}},
{"type":"Feature","properties":{"fid":242,"GID_3":"PHL.71.9.19_1","GID_0":"PHL","COUNTRY":"Philippines","GID_1":"PHL.71_1","NAME_1":"Southern Leyte","NL_NAME_1":"NA","GID_2":"PHL.71.9_1","NAME_2":"Macrohon","NL_NAME_2":"NA","NAME_3":"Salvador","VARNAME_3":"Mangyang","NL_NAME_3":"NA","TYPE_3":"Barangay","ENGTYPE_3":"Village","CC_3":"NA","HASC_3":"NA"},"geometry":{"type":"MultiPolygon","coordinates":[[[[124.964302062000115,10.064909935000173],[124.963867187000119,10.065320014000065],[124.963813782000102,10.065369606000104],[124.963249208000093,10.065910339000141],[124.961143494000112,10.067099572000018],[124.96089172500001,10.067239761],[124.959960938000108,10.067740440000136],[124.963073730000133,10.070940017000112],[124.96264648500005,10.07351017000002],[124.962333680000029,10.074669837000158],[124.963691711000024,10.076539994000086],[124.96555328300019,10.07824039400009],[124.971183777000078,10.078069687000095],[124.974372864000088,10.080519676000051],[124.978172302000075,10.085330009000018],[124.982009887000231,10.079620362000071],[124.984092712,10.075360299000067],[124.980690003000063,10.071599961000175],[124.979919434000067,10.069450378000056],[124.981498718000125,10.065050126000131],[124.983032227000081,10.063039780000054],[124.982658387000242,10.060390473000155],[124.982246398000029,10.058050156000036],[124.980537415000072,10.056099892000134],[124.979171754000163,10.055859566000152],[124.9769516,10.056509971000025],[124.975891113000102,10.057109834000016],[124.974716187000013,10.05897045100005],[124.974456788000111,10.059379578000062],[124.973220825000112,10.060270310000021],[124.971153258000186,10.060090066000043],[124.973297119000222,10.063099862000058],[124.973297119000222,10.064769746000024],[124.972999572000163,10.06552982400018],[124.972679137000227,10.066309930000102],[124.972267150000107,10.067720414000064],[124.970870972000057,10.068619729000147],[124.970336915000075,10.068960190000155],[124.967720032000102,10.06742954300006],[124.967056274000129,10.0665702820001],[124.966239930000029,10.065520286000094],[124.964302062000115,10.064909935000173]]]]}},
{"type":"Feature","properties":{"fid":243,"GID_3":"PHL.71.9.20_1","GID_0":"PHL","COUNTRY":"Philippines","GID_1":"PHL.71_1","NAME_1":"Southern Leyte","NL_NAME_1":"NA","GID_2":"PHL.71.9_1","NAME_2":"Macrohon","NL_NAME_2":"NA","NAME_3":"San Isidro","VARNAME_3":"NA","NL_NAME_3":"NA","TYPE_3":"Barangay","ENGTYPE_3":"Village","CC_3":"NA","HASC_3":"NA"},"geometry":{"type":"MultiPolygon","coordinates":[[[[124.99237823500016,10.054059982000126],[124.991706849000025,10.052140236000071],[124.991493226000216,10.050160408000011],[124.989242553000054,10.048230171000114],[124.987426758000197,10.049819947],[124.986068725000337,10.052280426000095],[124.985061645000314,10.056570054000133],[124.984100342000147,10.06058979],[124.983032227000081,10.063039780000054],[124.981498718000125,10.065050126000131],[124.979919434000067,10.069450378000056],[124.980690003000063,10.071599961000175],[124.984092712,10.075360299000067],[124.983322143000123,10.073390007000114],[124.98326873800022,10.071290016000034],[124.983238220000203,10.070199967000178],[124.985679626000206,10.06711959800009],[124.987327576000098,10.064060212000072],[124.988677979000045,10.061100006000117],[124.990417481000122,10.057970047000083],[124.99237823500016,10.054059982000126]]]]}},
{"type":"Feature","properties":{"fid":244,"GID_3":"PHL.71.9.21_1","GID_0":"PHL","COUNTRY":"Philippines","GID_1":"PHL.71_1","NAME_1":"Southern Leyte","NL_NAME_1":"NA","GID_2":"PHL.71.9_1","NAME_2":"Macrohon","NL_NAME_2":"NA","NAME_3":"San Joaquin","VARNAME_3":"NA","NL_NAME_3":"NA","TYPE_3":"Barangay","ENGTYPE_3":"Village","CC_3":"NA","HASC_3":"NA"},"geometry":{"type":"MultiPolygon","coordinates":[[[[124.911399841000048,10.088029861000166],[124.911521911000023,10.088299751000079],[124.913490296000077,10.092069625000079],[124.914176941000164,10.094849587000056],[124.914413452000076,10.095669746000169],[124.9163665760002,10.097610474000135],[124.918533325000112,10.10266971700014],[124.919151306000231,10.103739739000048],[124.92038726900023,10.105890274999979],[124.922607421000066,10.10853004400019],[124.922683717000041,10.108599662000074],[124.922958375,10.108929635000095],[124.924491882000098,10.111169815000039],[124.929786682000213,10.10972023000005],[124.933486938000101,10.11019039200005],[124.933181764000096,10.108289720000187],[124.93463134700005,10.105489731000091],[124.935226440000179,10.103469849000078],[124.933937072000049,10.103280068000117],[124.931343078000168,10.104499817000033],[124.931190491000052,10.104570388000127],[124.929687500000114,10.105680465000034],[124.928100586000141,10.106019974000162],[124.927070618000016,10.106240274000072],[124.925453187000016,10.105210305000014],[124.926696777000075,10.10309982400014],[124.926773071000184,10.102109910000081],[124.926841737000132,10.101249695000092],[124.92324066100025,10.099550248000071],[124.922691345000089,10.097240447000161],[124.922836304000271,10.094380378000039],[124.921180724000124,10.088769913000078],[124.919792176000101,10.089130401999967],[124.918472290000182,10.089269639000065],[124.917419433000191,10.089269639000065],[124.916656494000222,10.088970185000164],[124.916030883000076,10.088709832000177],[124.914840699000138,10.088089943000114],[124.913597106000225,10.088049889000047],[124.913360595000086,10.088020325000059],[124.912200928000175,10.088029861000166],[124.911399841000048,10.088029861000166]]]]}},
{"type":"Feature","properties":{"fid":245,"GID_3":"PHL.71.9.22_1","GID_0":"PHL","COUNTRY":"Philippines","GID_1":"PHL.71_1","NAME_1":"Southern Leyte","NL_NAME_1":"NA","GID_2":"PHL.71.9_1","NAME_2":"Macrohon","NL_NAME_2":"NA","NAME_3":"San Roque","VARNAME_3":"NA","NL_NAME_3":"NA","TYPE_3":"Barangay","ENGTYPE_3":"Village","CC_3":"NA","HASC_3":"NA"},"geometry":{"type":"MultiPolygon","coordinates":[[[[124.989166260000047,10.034779548000188],[124.988967895000087,10.035860061000164],[124.988037109000174,10.040260315000069],[124.986648559000173,10.042770385000097],[124.988372803000061,10.043259620000185],[124.990783691000047,10.043359757000189],[124.99320220900006,10.043820381000103],[124.995338439000079,10.045729638000068],[125.000709533000077,10.046429634000106],[125.009178162000126,10.029450416000145],[125.008613586000138,10.029439927000055],[125.00833129800003,10.029720306000058],[125.007217408000201,10.029720306000058],[125.006668090000062,10.03028011400005],[125.006393432000095,10.03028011400005],[125.006111144000329,10.03055954000007],[125.005836486000021,10.03055954000007],[125.005546570000206,10.030830383000023],[125.00527954000006,10.030830383000023],[125.004997254000045,10.031109811000022],[125.00444793600002,10.031109811000022],[125.003608704000044,10.031940460000101],[125.003326416000164,10.031940460000101],[125.003051758000197,10.032219888000157],[125.002777100000344,10.032219888000157],[125.00222015400027,10.032779694000112],[125.001953124000011,10.032779694000112],[125.001663208000195,10.033060075000094],[125.001106262000121,10.033060075000094],[125.000000000000114,10.034170152],[124.999336244000233,10.033969880000143],[124.998443604000045,10.034170152],[124.998107911000147,10.03415966100016],[124.997428894000109,10.034119607000036],[124.996940612000117,10.034190178000074],[124.996437073000038,10.034290315000135],[124.995910644000105,10.034339905000138],[124.995323181000117,10.03431034099998],[124.994659424000019,10.034319879000066],[124.993980408000084,10.034290315000135],[124.993370057000106,10.034410478000041],[124.99284362700007,10.03458023100012],[124.992362977000084,10.034689904000061],[124.991897583000195,10.034720420000099],[124.99144744900002,10.034760475000098],[124.991043090000062,10.034899711000094],[124.990623473000255,10.034770012000081],[124.990188598000032,10.034729958000185],[124.989723206000122,10.034720420000099],[124.989166260000047,10.034779548000188]]]]}},
{"type":"Feature","properties":{"fid":246,"GID_3":"PHL.71.9.23_1","GID_0":"PHL","COUNTRY":"Philippines","GID_1":"PHL.71_1","NAME_1":"Southern Leyte","NL_NAME_1":"NA","GID_2":"PHL.71.9_1","NAME_2":"Macrohon","NL_NAME_2":"NA","NAME_3":"San Vicente","VARNAME_3":"Upper San Roque","NL_NAME_3":"NA","TYPE_3":"Barangay","ENGTYPE_3":"Village","CC_3":"NA","HASC_3":"NA"},"geometry":{"type":"MultiPolygon","coordinates":[[[[124.996856690000072,10.053099632000055],[124.993339538000214,10.05315971400006],[124.99237823500016,10.054059982000126],[124.990417481000122,10.057970047000083],[124.988677979000045,10.061100006000117],[124.987327576000098,10.064060212000072],[124.985679626000206,10.06711959800009],[124.983238220000203,10.070199967000178],[124.98326873800022,10.071290016000034],[124.983322143000123,10.073390007000114],[124.984092712,10.075360299000067],[124.987213136000037,10.071180344000027],[124.989059447000159,10.067749978000052],[124.989433290000079,10.067070008000087],[124.991409302000193,10.063420295000185],[124.996856690000072,10.053099632000055]]]]}},
{"type":"Feature","properties":{"fid":247,"GID_3":"PHL.71.9.24_1","GID_0":"PHL","COUNTRY":"Philippines","GID_1":"PHL.71_1","NAME_1":"Southern Leyte","NL_NAME_1":"NA","GID_2":"PHL.71.9_1","NAME_2":"Macrohon","NL_NAME_2":"NA","NAME_3":"San Vicente Poblacion","VARNAME_3":"NA","NL_NAME_3":"NA","TYPE_3":"Barangay","ENGTYPE_3":"Village","CC_3":"NA","HASC_3":"NA"},"geometry":{"type":"MultiPolygon","coordinates":[[[[124.948593139000081,10.092060089000029],[124.950202942000146,10.090640068000027],[124.952796936000141,10.087929726000141],[124.9550476080002,10.084890365999968],[124.955390930000021,10.08378028900006],[124.955757142000152,10.082570077000128],[124.955589294000106,10.080820083000106],[124.953369140000063,10.079549790000044],[124.951492309000287,10.07831955000006],[124.948722840000073,10.078969956000037],[124.946670533000088,10.077119827],[124.946113587000013,10.074839592000103],[124.943420411000147,10.071260452000047],[124.943222047000063,10.071330071000034],[124.943046569000103,10.071399689000145],[124.942733764000081,10.071800232000157],[124.942672729000151,10.07188034100011],[124.942253114000096,10.072090149000076],[124.942123413000104,10.07215976700013],[124.941459657000109,10.072549820000177],[124.940818787000012,10.073479653999982],[124.940406800000119,10.073940278000123],[124.94022369400011,10.074509622000107],[124.940017699,10.075019836000081],[124.939872742000034,10.075510026000131],[124.939727783000194,10.075960160000079],[124.939613343000133,10.076410294000027],[124.939521789000196,10.076600075000158],[124.943382264000093,10.082710266000106],[124.946090699000138,10.087309837000078],[124.947486877000188,10.089220047000026],[124.948143005000134,10.090900422000061],[124.948593139000081,10.092060089000029]]]]}},
{"type":"Feature","properties":{"fid":248,"GID_3":"PHL.71.9.25_1","GID_0":"PHL","COUNTRY":"Philippines","GID_1":"PHL.71_1","NAME_1":"Southern Leyte","NL_NAME_1":"NA","GID_2":"PHL.71.9_1","NAME_2":"Macrohon","NL_NAME_2":"NA","NAME_3":"Santa Cruz","VARNAME_3":"Poblacion","NL_NAME_3":"NA","TYPE_3":"Barangay","ENGTYPE_3":"Village","CC_3":"NA","HASC_3":"NA"},"geometry":{"type":"MultiPolygon","coordinates":[[[[124.951492309000287,10.07831955000006],[124.952583313000105,10.077090263000059],[124.953689575000226,10.075039864000132],[124.951896668000131,10.072090149000076],[124.951156616000162,10.070509910000112],[124.949768066000047,10.06781005800002],[124.947036743000012,10.065970422000078],[124.94682312000009,10.066120149000085],[124.946418762,10.066639901000087],[124.945877076000102,10.067729950000171],[124.945106505000012,10.068120003],[124.944831847000046,10.068590164999989],[124.944480896000073,10.069089890000043],[124.944206238000106,10.069660187000068],[124.944122314000083,10.07017993900007],[124.943946838000102,10.070529938],[124.943870545000095,10.070810319000032],[124.943740844000104,10.071049690000052],[124.943420411000147,10.071260452000047],[124.946113587000013,10.074839592000103],[124.946670533000088,10.077119827],[124.948722840000073,10.078969956000037],[124.951492309000287,10.07831955000006]]]]}},
{"type":"Feature","properties":{"fid":249,"GID_3":"PHL.71.9.26_1","GID_0":"PHL","COUNTRY":"Philippines","GID_1":"PHL.71_1","NAME_1":"Southern Leyte","NL_NAME_1":"NA","GID_2":"PHL.71.9_1","NAME_2":"Macrohon","NL_NAME_2":"NA","NAME_3":"Santo Niño","VARNAME_3":"NA","NL_NAME_3":"NA","TYPE_3":"Barangay","ENGTYPE_3":"Village","CC_3":"NA","HASC_3":"NA"},"geometry":{"type":"MultiPolygon","coordinates":[[[[124.908203126000103,10.123780251000142],[124.915206909000062,10.1307697310001],[124.915687561000027,10.131239891000064],[124.918891907000102,10.13442993200016],[124.919708252000078,10.132410049999976],[124.921798706000232,10.129929544000106],[124.92192840600012,10.128660202000049],[124.920013427000072,10.125479698000163],[124.919212342000151,10.123350143000096],[124.917762756000116,10.121919631000026],[124.915451050000115,10.120849609000118],[124.913391114000206,10.120470048000072],[124.912170409000055,10.122159958000111],[124.909767151000096,10.122799873000019],[124.908729553000057,10.1234502800001],[124.908203126000103,10.123780251000142]]]]}},
{"type":"Feature","properties":{"fid":250,"GID_3":"PHL.71.9.27_1","GID_0":"PHL","COUNTRY":"Philippines","GID_1":"PHL.71_1","NAME_1":"Southern Leyte","NL_NAME_1":"NA","GID_2":"PHL.71.9_1","NAME_2":"Macrohon","NL_NAME_2":"NA","NAME_3":"Santo Rosario","VARNAME_3":"Poblacion","NL_NAME_3":"NA","TYPE_3":"Barangay","ENGTYPE_3":"Village","CC_3":"NA","HASC_3":"NA"},"geometry":{"type":"MultiPolygon","coordinates":[[[[124.940460205000022,10.095290184000021],[124.943847656000116,10.095749855000122],[124.946792602000187,10.095129966000059],[124.948593139000081,10.092060089000029],[124.948143005000134,10.090900422000061],[124.947486877000188,10.089220047000026],[124.946090699000138,10.087309837000078],[124.943382264000093,10.082710266000106],[124.939521789000196,10.076600075000158],[124.939437867000152,10.076809883000124],[124.939247131000229,10.077179910000098],[124.939132690000065,10.077599527000075],[124.938941956000235,10.077939988000082],[124.93868255700022,10.078249932000176],[124.938499451000098,10.078680038000073],[124.938247681000121,10.079130173000067],[124.937957763000099,10.079560281000113],[124.937728882000101,10.080030441000133],[124.937423705000128,10.080470086],[124.936943055000143,10.080840111000157],[124.936393737000344,10.081210136000152],[124.935806274000015,10.081589699000176],[124.935211181000227,10.081939698000099],[124.934638977000077,10.082220078000034],[124.934143066000047,10.082489968000175],[124.933692933000202,10.082739830000037],[124.933273316000168,10.082940102000123],[124.932838440000069,10.083120346000101],[124.932441712000127,10.083339691000049],[124.932067872000061,10.083580017000031],[124.931663513000103,10.083769798],[124.931228637000231,10.083930016000124],[124.930847167000252,10.084139823000157],[124.937332153000057,10.089810372000102],[124.940406800000119,10.092929840000124],[124.940460205000022,10.095290184000021]]]]}},
{"type":"Feature","properties":{"fid":251,"GID_3":"PHL.71.9.28_1","GID_0":"PHL","COUNTRY":"Philippines","GID_1":"PHL.71_1","NAME_1":"Southern Leyte","NL_NAME_1":"NA","GID_2":"PHL.71.9_1","NAME_2":"Macrohon","NL_NAME_2":"NA","NAME_3":"Sindangan","VARNAME_3":"NA","NL_NAME_3":"NA","TYPE_3":"Barangay","ENGTYPE_3":"Village","CC_3":"NA","HASC_3":"NA"},"geometry":{"type":"MultiPolygon","coordinates":[[[[124.958282470000199,10.120220184],[124.955543519000116,10.117879867000113],[124.952926636000029,10.116379739000138],[124.950157165000178,10.114399911000135],[124.947967529000152,10.116620063000141],[124.94580841100003,10.118900300000064],[124.941879272000051,10.120280267000112],[124.939147949000017,10.120779990000131],[124.937049865000063,10.122200012000064],[124.937072754000155,10.126640320000092],[124.936866759000054,10.133199692000119],[124.937637330000143,10.14078998500014],[124.939056397000058,10.146849632000112],[124.938423157000216,10.149310112000137],[124.938926696000067,10.154339790000108],[124.947631836000028,10.137630462000118],[124.953376770000204,10.128060341000094],[124.958282470000199,10.120220184]]]]}},
{"type":"Feature","properties":{"fid":252,"GID_3":"PHL.71.9.29_1","GID_0":"PHL","COUNTRY":"Philippines","GID_1":"PHL.71_1","NAME_1":"Southern Leyte","NL_NAME_1":"NA","GID_2":"PHL.71.9_1","NAME_2":"Macrohon","NL_NAME_2":"NA","NAME_3":"Upper Ichon","VARNAME_3":"NA","NL_NAME_3":"NA","TYPE_3":"Barangay","ENGTYPE_3":"Village","CC_3":"NA","HASC_3":"NA"},"geometry":{"type":"MultiPolygon","coordinates":[[[[124.911071778000178,10.10739994100004],[124.909797668000238,10.108599662000074],[124.909637451000208,10.109410285000081],[124.909622192000143,10.109499932000119],[124.909286499000132,10.111189843000091],[124.909927369000229,10.113269806000119],[124.91007232600009,10.113710404000187],[124.910278321000305,10.114359857000181],[124.912399292000032,10.11859989300018],[124.913391114000206,10.120470048000072],[124.915451050000115,10.120849609000118],[124.917762756000116,10.121919631000026],[124.91845703100023,10.117369652999969],[124.919471741000166,10.115870475000122],[124.917411805000029,10.113699913000119],[124.916183472000171,10.111579894000101],[124.914436340000179,10.109869957000114],[124.911071778000178,10.10739994100004]]]]}},
{"type":"Feature","properties":{"fid":253,"GID_3":"PHL.71.9.30_1","GID_0":"PHL","COUNTRY":"Philippines","GID_1":"PHL.71_1","NAME_1":"Southern Leyte","NL_NAME_1":"NA","GID_2":"PHL.71.9_1","NAME_2":"Macrohon","NL_NAME_2":"NA","NAME_3":"Upper Villa Jacinta","VARNAME_3":"NA","NL_NAME_3":"NA","TYPE_3":"Barangay","ENGTYPE_3":"Village","CC_3":"NA","HASC_3":"NA"},"geometry":{"type":"MultiPolygon","coordinates":[[[[124.983917236000025,10.046850204000066],[124.981788634000168,10.045769693000125],[124.980262757000105,10.04586982800015],[124.980133056000113,10.045880318000115],[124.978736878000063,10.045980453000141],[124.976051330000246,10.04911995000009],[124.978523254000152,10.051989557000127],[124.979377746000182,10.053720474999977],[124.979171754000163,10.055859566000152],[124.980537415000072,10.056099892000134],[124.982246398000029,10.058050156000036],[124.982658387000242,10.060390473000155],[124.983032227000081,10.063039780000054],[124.984100342000147,10.06058979],[124.985061645000314,10.056570054000133],[124.986068725000337,10.052280426000095],[124.987426758000197,10.049819947],[124.985847474000025,10.049320222000176],[124.983917236000025,10.046850204000066]]]]}},
{"type":"Feature","properties":{"fid":254,"GID_3":"PHL.71.10.1_1","GID_0":"PHL","COUNTRY":"Philippines","GID_1":"PHL.71_1","NAME_1":"Southern Leyte","NL_NAME_1":"NA","GID_2":"PHL.71.10_1","NAME_2":"Malitbog","NL_NAME_2":"NA","NAME_3":"Abgao","VARNAME_3":"NA","NL_NAME_3":"NA","TYPE_3":"Barangay","ENGTYPE_3":"Village","CC_3":"NA","HASC_3":"NA"},"geometry":{"type":"MultiPolygon","coordinates":[[[[124.984611511000026,10.184849740000118],[124.984802245000196,10.184550286000047],[124.98536682200006,10.183870316000082],[124.985427857000104,10.183790208000062],[124.985847474000025,10.18303013000002],[124.986656189000087,10.181389808],[124.987503052000079,10.180560112000137],[124.987777710000046,10.180560112000137],[124.98805236800024,10.180279731000098],[124.988327026000093,10.180279731000098],[124.988891602000081,10.179719925000143],[124.989166260000047,10.179719925000143],[124.989440918000014,10.179439544000104],[124.989723206000122,10.179439544000104],[124.989997864000088,10.179169654000191],[124.990280152000196,10.179169654000191],[124.990554810000162,10.178845406000164],[124.972526550000111,10.175990105000096],[124.9609069830002,10.174119949999977],[124.960426331,10.175769807000165],[124.960166931000231,10.17669010200018],[124.975387574000024,10.182579994000093],[124.984138489000316,10.184700013000111],[124.984268188000101,10.184740067],[124.984611511000026,10.184849740000118]]]]}},
{"type":"Feature","properties":{"fid":255,"GID_3":"PHL.71.10.2_1","GID_0":"PHL","COUNTRY":"Philippines","GID_1":"PHL.71_1","NAME_1":"Southern Leyte","NL_NAME_1":"NA","GID_2":"PHL.71.10_1","NAME_2":"Malitbog","NL_NAME_2":"NA","NAME_3":"Asuncion","VARNAME_3":"NA","NL_NAME_3":"NA","TYPE_3":"Barangay","ENGTYPE_3":"Village","CC_3":"NA","HASC_3":"NA"},"geometry":{"type":"MultiPolygon","coordinates":[[[[125.000717163000218,10.144269943000097],[125.000831604000155,10.144169809000175],[125.000831604000155,10.143890381000176],[125.001106262000121,10.143610000000137],[125.001106262000121,10.143059732000097],[125.001953124000011,10.142219545000103],[125.001953124000011,10.14194965500019],[125.002502442000036,10.141389846000095],[125.002502442000036,10.141110420000075],[125.003326416000164,10.140279769000188],[125.003326416000164,10.140000343000168],[125.003608704000044,10.139719963000061],[125.003608704000044,10.139439582000023],[125.003890992000152,10.13916969200011],[125.003890992000152,10.138890266000089],[125.004722596000192,10.138059617000181],[124.977989196000181,10.138199807000035],[124.978302003000067,10.14350032800013],[125.000717163000218,10.144269943000097]]]]}},
{"type":"Feature","properties":{"fid":256,"GID_3":"PHL.71.10.3_1","GID_0":"PHL","COUNTRY":"Philippines","GID_1":"PHL.71_1","NAME_1":"Southern Leyte","NL_NAME_1":"NA","GID_2":"PHL.71.10_1","NAME_2":"Malitbog","NL_NAME_2":"NA","NAME_3":"Aurora","VARNAME_3":"NA","NL_NAME_3":"NA","TYPE_3":"Barangay","ENGTYPE_3":"Village","CC_3":"NA","HASC_3":"NA"},"geometry":{"type":"MultiPolygon","coordinates":[[[[124.945503234000057,10.20403003600012],[124.959083557000099,10.20386028300004],[124.959846496000068,10.199199677000024],[124.960037232000218,10.196709633000069],[124.946426392000262,10.190730095000049],[124.942146301000093,10.189120293000087],[124.945503234000057,10.20403003600012]]]]}},
{"type":"Feature","properties":{"fid":257,"GID_3":"PHL.71.10.4_1","GID_0":"PHL","COUNTRY":"Philippines","GID_1":"PHL.71_1","NAME_1":"Southern Leyte","NL_NAME_1":"NA","GID_2":"PHL.71.10_1","NAME_2":"Malitbog","NL_NAME_2":"NA","NAME_3":"Benit","VARNAME_3":"NA","NL_NAME_3":"NA","TYPE_3":"Barangay","ENGTYPE_3":"Village","CC_3":"NA","HASC_3":"NA"},"geometry":{"type":"MultiPolygon","coordinates":[[[[125.000717163000218,10.144269943000097],[124.978302003000067,10.14350032800013],[124.97843170200008,10.145689965000031],[124.978553772000055,10.147509575000129],[125.000267030000145,10.147979737000128],[125.000267030000145,10.146940231000087],[125.000556946000188,10.146670341000117],[125.000556946000188,10.145350457000177],[125.000556946000188,10.144439697000109],[125.000717163000218,10.144269943000097]]]]}},
{"type":"Feature","properties":{"fid":258,"GID_3":"PHL.71.10.5_1","GID_0":"PHL","COUNTRY":"Philippines","GID_1":"PHL.71_1","NAME_1":"Southern Leyte","NL_NAME_1":"NA","GID_2":"PHL.71.10_1","NAME_2":"Malitbog","NL_NAME_2":"NA","NAME_3":"Caaga","VARNAME_3":"NA","NL_NAME_3":"NA","TYPE_3":"Barangay","ENGTYPE_3":"Village","CC_3":"NA","HASC_3":"NA"},"geometry":{"type":"MultiPolygon","coordinates":[[[[125.000267030000145,10.147979737000128],[124.978553772000055,10.147509575000129],[124.979103088000329,10.150010110000153],[124.986808777000078,10.152509690000045],[124.993133545000092,10.153329850000034],[125.002952576000098,10.153849602000037],[125.003112793000014,10.153869628000109],[125.00335693400018,10.153920173000131],[125.003326416000164,10.153610229000037],[125.001106262000121,10.15139007700003],[125.001106262000121,10.151109696],[125.000892639000085,10.150890351000044],[125.000831604000155,10.150830269000096],[125.000831604000155,10.150560378000023],[125.000679017000039,10.150409699000079],[125.000556946000188,10.150280000000123],[125.000556946000188,10.149720192000132],[125.000267030000145,10.149720192000132],[125.000267030000145,10.14943981100015],[125.000267030000145,10.147979737000128]]]]}},
{"type":"Feature","properties":{"fid":259,"GID_3":"PHL.71.10.6_1","GID_0":"PHL","COUNTRY":"Philippines","GID_1":"PHL.71_1","NAME_1":"Southern Leyte","NL_NAME_1":"NA","GID_2":"PHL.71.10_1","NAME_2":"Malitbog","NL_NAME_2":"NA","NAME_3":"Cabul-Anonan","VARNAME_3":"Poblacion","NL_NAME_3":"NA","TYPE_3":"Barangay","ENGTYPE_3":"Village","CC_3":"NA","HASC_3":"NA"},"geometry":{"type":"MultiPolygon","coordinates":[[[[124.993721008000307,10.174059867000096],[124.993888856000012,10.17389011400013],[124.993888856000012,10.173609733000148],[124.99416351400032,10.173330308],[124.99416351400032,10.173060418000091],[124.994453430000021,10.172780037000052],[124.994453430000021,10.172499656000014],[124.995002746000182,10.171939850000058],[124.995002746000182,10.171389579000106],[124.995277404000149,10.171110154000189],[124.995277404000149,10.170680046000143],[124.994583131000013,10.170619966000118],[124.993072510000161,10.170310021000148],[124.991218566000043,10.169870376000119],[124.989166260000047,10.169480325000052],[124.977462769000113,10.166299821000166],[124.976013183000077,10.169679642000119],[124.993721008000307,10.174059867000096]]]]}},
{"type":"Feature","properties":{"fid":260,"GID_3":"PHL.71.10.7_1","GID_0":"PHL","COUNTRY":"Philippines","GID_1":"PHL.71_1","NAME_1":"Southern Leyte","NL_NAME_1":"NA","GID_2":"PHL.71.10_1","NAME_2":"Malitbog","NL_NAME_2":"NA","NAME_3":"Cadaruhan","VARNAME_3":"NA","NL_NAME_3":"NA","TYPE_3":"Barangay","ENGTYPE_3":"Village","CC_3":"NA","HASC_3":"NA"},"geometry":{"type":"MultiPolygon","coordinates":[[[[124.958068848000039,10.214280129000088],[124.932876587000123,10.214630128000181],[124.933006286000136,10.218310356000018],[124.941688538000108,10.22550964300018],[124.941398621000076,10.231599808000055],[124.953407287000118,10.232049942000174],[124.953933716000051,10.223609924000129],[124.954406738000102,10.217940331000079],[124.958679199000017,10.217860222000127],[124.95876312300004,10.217860222000127],[124.958068848000039,10.214280129000088]]]]}},
{"type":"Feature","properties":{"fid":261,"GID_3":"PHL.71.10.8_1","GID_0":"PHL","COUNTRY":"Philippines","GID_1":"PHL.71_1","NAME_1":"Southern Leyte","NL_NAME_1":"NA","GID_2":"PHL.71.10_1","NAME_2":"Malitbog","NL_NAME_2":"NA","NAME_3":"Cadaruhan Sur","VARNAME_3":"NA","NL_NAME_3":"NA","TYPE_3":"Barangay","ENGTYPE_3":"Village","CC_3":"NA","HASC_3":"NA"},"geometry":{"type":"MultiPolygon","coordinates":[[[[124.932876587000123,10.214630128000181],[124.958068848000039,10.214280129000088],[124.959182740000074,10.210820199000182],[124.945632935000049,10.210550309000041],[124.933097840000073,10.209690094],[124.932876587000123,10.214630128000181]]]]}},
{"type":"Feature","properties":{"fid":262,"GID_3":"PHL.71.10.9_1","GID_0":"PHL","COUNTRY":"Philippines","GID_1":"PHL.71_1","NAME_1":"Southern Leyte","NL_NAME_1":"NA","GID_2":"PHL.71.10_1","NAME_2":"Malitbog","NL_NAME_2":"NA","NAME_3":"Candatag","VARNAME_3":"NA","NL_NAME_3":"NA","TYPE_3":"Barangay","ENGTYPE_3":"Village","CC_3":"NA","HASC_3":"NA"},"geometry":{"type":"MultiPolygon","coordinates":[[[[125.008232116000158,10.131469725999978],[125.008262635000051,10.131199836000064],[125.008270263000213,10.131099701000039],[125.008293151000089,10.130439758000023],[125.008270263000213,10.129790307000064],[125.008277893000127,10.129179954000108],[125.008323670000095,10.128600121000147],[125.00833129800003,10.12802028700014],[125.00833129800003,10.127449990000116],[125.00833129800003,10.126890182000182],[125.00833129800003,10.126319885000157],[125.00833129800003,10.125749588000133],[125.00833129800003,10.12516021800019],[125.008308412000019,10.12458038300008],[125.00833129800003,10.124170304000188],[125.008216858000083,10.124059677],[125.008216858000083,10.124179840000068],[124.977767943000117,10.127920150000136],[124.977966308000077,10.132980347],[125.008232116000158,10.131469725999978]]]]}},
{"type":"Feature","properties":{"fid":263,"GID_3":"PHL.71.10.10_1","GID_0":"PHL","COUNTRY":"Philippines","GID_1":"PHL.71_1","NAME_1":"Southern Leyte","NL_NAME_1":"NA","GID_2":"PHL.71.10_1","NAME_2":"Malitbog","NL_NAME_2":"NA","NAME_3":"Cantamuac","VARNAME_3":"NA","NL_NAME_3":"NA","TYPE_3":"Barangay","ENGTYPE_3":"Village","CC_3":"NA","HASC_3":"NA"},"geometry":{"type":"MultiPolygon","coordinates":[[[[124.977767943000117,10.127920150000136],[125.008216858000083,10.124179840000068],[125.008216858000083,10.124059677],[125.008056640000063,10.123889922999979],[125.008056640000063,10.121669769000164],[125.00833129800003,10.121390344000019],[125.00833129800003,10.120559692000029],[125.008613586000138,10.120280267000112],[125.008613586000138,10.119999886000073],[125.008888244000104,10.119720458000074],[125.008888244000104,10.119170190000034],[125.009147644000222,10.118900300000064],[125.009162902000071,10.118729592000136],[125.009162902000071,10.117580412999985],[125.009162902000071,10.116669655000123],[125.009078980000027,10.116580009000188],[125.008888244000104,10.116390229000103],[125.008888244000104,10.115559578000045],[125.00898742600009,10.115460396],[125.008972168000128,10.115349771000183],[125.000732422000056,10.117280006000101],[124.992149352000297,10.119170190000034],[124.977836609000065,10.122329713000056],[124.977767943000117,10.127920150000136]]]]}},
{"type":"Feature","properties":{"fid":264,"GID_3":"PHL.71.10.11_1","GID_0":"PHL","COUNTRY":"Philippines","GID_1":"PHL.71_1","NAME_1":"Southern Leyte","NL_NAME_1":"NA","GID_2":"PHL.71.10_1","NAME_2":"Malitbog","NL_NAME_2":"NA","NAME_3":"Caraatan","VARNAME_3":"NA","NL_NAME_3":"NA","TYPE_3":"Barangay","ENGTYPE_3":"Village","CC_3":"NA","HASC_3":"NA"},"geometry":{"type":"MultiPolygon","coordinates":[[[[124.978302003000067,10.14350032800013],[124.977989196000181,10.138199807000035],[124.977966308000077,10.132980347],[124.977767943000117,10.127920150000136],[124.977836609000065,10.122329713000056],[124.953376770000204,10.128060341000094],[124.962608338000109,10.147330284000134],[124.971130372000061,10.148480416000041],[124.974136353000176,10.148079872000153],[124.978553772000055,10.147509575000129],[124.97843170200008,10.145689965000031],[124.978302003000067,10.14350032800013]]]]}},
{"type":"Feature","properties":{"fid":265,"GID_3":"PHL.71.10.12_1","GID_0":"PHL","COUNTRY":"Philippines","GID_1":"PHL.71_1","NAME_1":"Southern Leyte","NL_NAME_1":"NA","GID_2":"PHL.71.10_1","NAME_2":"Malitbog","NL_NAME_2":"NA","NAME_3":"Concepcion","VARNAME_3":"NA","NL_NAME_3":"NA","TYPE_3":"Barangay","ENGTYPE_3":"Village","CC_3":"NA","HASC_3":"NA"},"geometry":{"type":"MultiPolygon","coordinates":[[[[124.977989196000181,10.138199807000035],[125.004722596000192,10.138059617000181],[125.004722596000192,10.137780189000125],[125.00527954000006,10.137220383],[125.00527954000006,10.136940003000063],[125.005546570000206,10.136670112000047],[125.005546570000206,10.136110306000091],[125.005836486000021,10.135829926000156],[125.005836486000021,10.13556003500014],[125.006668090000062,10.134719849000078],[125.006668090000062,10.134169578000126],[125.00694275,10.133890152000049],[125.007339477000073,10.133489608000161],[125.007720947000053,10.133009911000158],[125.007972718000019,10.132410049999976],[125.008186341000169,10.131779671000174],[125.008232116000158,10.131469725999978],[124.977966308000077,10.132980347],[124.977989196000181,10.138199807000035]]]]}},
{"type":"Feature","properties":{"fid":266,"GID_3":"PHL.71.10.13_1","GID_0":"PHL","COUNTRY":"Philippines","GID_1":"PHL.71_1","NAME_1":"Southern Leyte","NL_NAME_1":"NA","GID_2":"PHL.71.10_1","NAME_2":"Malitbog","NL_NAME_2":"NA","NAME_3":"Fatima","VARNAME_3":"NA","NL_NAME_3":"NA","TYPE_3":"Barangay","ENGTYPE_3":"Village","CC_3":"NA","HASC_3":"NA"},"geometry":{"type":"MultiPolygon","coordinates":[[[[124.959083557000099,10.20386028300004],[124.945503234000057,10.20403003600012],[124.945632935000049,10.210550309000041],[124.959182740000074,10.210820199000182],[124.959083557000099,10.20386028300004]]]]}},
{"type":"Feature","properties":{"fid":267,"GID_3":"PHL.71.10.14_1","GID_0":"PHL","COUNTRY":"Philippines","GID_1":"PHL.71_1","NAME_1":"Southern Leyte","NL_NAME_1":"NA","GID_2":"PHL.71.10_1","NAME_2":"Malitbog","NL_NAME_2":"NA","NAME_3":"Guinabonan","VARNAME_3":"NA","NL_NAME_3":"NA","TYPE_3":"Barangay","ENGTYPE_3":"Village","CC_3":"NA","HASC_3":"NA"},"geometry":{"type":"MultiPolygon","coordinates":[[[[124.938926696000067,10.154339790000108],[124.93755340600012,10.156990052000026],[124.928657532000216,10.172280311000122],[124.941902160000041,10.172089577000122],[124.946426392000262,10.171070099000133],[124.962608338000109,10.147330284000134],[124.953376770000204,10.128060341000094],[124.947631836000028,10.137630462000118],[124.938926696000067,10.154339790000108]]]]}},
{"type":"Feature","properties":{"fid":268,"GID_3":"PHL.71.10.15_1","GID_0":"PHL","COUNTRY":"Philippines","GID_1":"PHL.71_1","NAME_1":"Southern Leyte","NL_NAME_1":"NA","GID_2":"PHL.71.10_1","NAME_2":"Malitbog","NL_NAME_2":"NA","NAME_3":"Iba","VARNAME_3":"NA","NL_NAME_3":"NA","TYPE_3":"Barangay","ENGTYPE_3":"Village","CC_3":"NA","HASC_3":"NA"},"geometry":{"type":"MultiPolygon","coordinates":[[[[124.959083557000099,10.20386028300004],[124.959182740000074,10.210820199000182],[124.978813172000173,10.21146964999997],[124.979156493000232,10.211110115000167],[124.979156493000232,10.210829735000061],[124.979446412000016,10.210559845000091],[124.979446412000016,10.210280419000071],[124.979721070000096,10.210000038000089],[124.979721070000096,10.209440232000134],[124.98000335800009,10.209170342000164],[124.98000335800009,10.208880423999972],[124.97978210500014,10.208470344000148],[124.979583741000056,10.207639695000069],[124.97937011800002,10.206740381000088],[124.979232789000321,10.20479965200019],[124.979232789000321,10.204660416000024],[124.979438781000113,10.204319955000017],[124.97937011800002,10.203140259000122],[124.979393005000247,10.20300960600008],[124.959083557000099,10.20386028300004]]]]}},
{"type":"Feature","properties":{"fid":269,"GID_3":"PHL.71.10.16_1","GID_0":"PHL","COUNTRY":"Philippines","GID_1":"PHL.71_1","NAME_1":"Southern Leyte","NL_NAME_1":"NA","GID_2":"PHL.71.10_1","NAME_2":"Malitbog","NL_NAME_2":"NA","NAME_3":"Juangon","VARNAME_3":"NA","NL_NAME_3":"NA","TYPE_3":"Barangay","ENGTYPE_3":"Village","CC_3":"NA","HASC_3":"NA"},"geometry":{"type":"MultiPolygon","coordinates":[[[[124.953933716000051,10.223609924000129],[124.953407287000118,10.232049942000174],[124.967987060000041,10.233759880000093],[124.970626831000232,10.234589576000133],[124.97279358000003,10.235070228000154],[124.974319459000071,10.235400201000175],[124.976409912000122,10.236450195000032],[124.978439332000107,10.235520362000102],[124.979187012000011,10.235179901000038],[124.979156493000232,10.234780312000112],[124.978668213000105,10.234219551000024],[124.978393555000025,10.233389855000098],[124.978111267000031,10.232150079],[124.978248596000185,10.231180191000078],[124.97817993200033,10.230420113000037],[124.978027343000235,10.22980022400003],[124.97817993200033,10.228899957000067],[124.978446960000042,10.227860451000026],[124.97901153600003,10.226690293],[124.979713439000079,10.226340294000067],[124.980163575000233,10.225589752000133],[124.953933716000051,10.223609924000129]]]]}},
{"type":"Feature","properties":{"fid":270,"GID_3":"PHL.71.10.17_1","GID_0":"PHL","COUNTRY":"Philippines","GID_1":"PHL.71_1","NAME_1":"Southern Leyte","NL_NAME_1":"NA","GID_2":"PHL.71.10_1","NAME_2":"Malitbog","NL_NAME_2":"NA","NAME_3":"Kauswagan","VARNAME_3":"NA","NL_NAME_3":"NA","TYPE_3":"Barangay","ENGTYPE_3":"Village","CC_3":"NA","HASC_3":"NA"},"geometry":{"type":"MultiPolygon","coordinates":[[[[124.945503234000057,10.20403003600012],[124.942146301000093,10.189120293000087],[124.930076599000131,10.200019836000138],[124.933097840000073,10.209690094],[124.945632935000049,10.210550309000041],[124.945503234000057,10.20403003600012]]]]}},
{"type":"Feature","properties":{"fid":271,"GID_3":"PHL.71.10.18_1","GID_0":"PHL","COUNTRY":"Philippines","GID_1":"PHL.71_1","NAME_1":"Southern Leyte","NL_NAME_1":"NA","GID_2":"PHL.71.10_1","NAME_2":"Malitbog","NL_NAME_2":"NA","NAME_3":"Lambonao","VARNAME_3":"NA","NL_NAME_3":"NA","TYPE_3":"Barangay","ENGTYPE_3":"Village","CC_3":"NA","HASC_3":"NA"},"geometry":{"type":"MultiPolygon","coordinates":[[[[124.971130372000061,10.148480416000041],[124.962608338000109,10.147330284000134],[124.946426392000262,10.171070099000133],[124.960098267000035,10.170570373000032],[124.973937989000092,10.153710366000098],[124.972450256000229,10.152039528000046],[124.971893310000155,10.15112018700006],[124.971420288000104,10.150369644000079],[124.971267701000102,10.14939022100009],[124.971237182000209,10.149209977000112],[124.971130372000061,10.148480416000041]]]]}},
{"type":"Feature","properties":{"fid":272,"GID_3":"PHL.71.10.19_1","GID_0":"PHL","COUNTRY":"Philippines","GID_1":"PHL.71_1","NAME_1":"Southern Leyte","NL_NAME_1":"NA","GID_2":"PHL.71.10_1","NAME_2":"Malitbog","NL_NAME_2":"NA","NAME_3":"Mahayahay","VARNAME_3":"NA","NL_NAME_3":"NA","TYPE_3":"Barangay","ENGTYPE_3":"Village","CC_3":"NA","HASC_3":"NA"},"geometry":{"type":"MultiPolygon","coordinates":[[[[124.976013183000077,10.169679642000119],[124.977462769000113,10.166299821000166],[124.97872924800015,10.163940430000082],[124.979598999000245,10.162139893000074],[124.981491090000077,10.159270286000037],[124.982772828000066,10.156820297000081],[124.979469300000119,10.156100273],[124.973937989000092,10.153710366000098],[124.960098267000035,10.170570373000032],[124.976013183000077,10.169679642000119]]]]}},
{"type":"Feature","properties":{"fid":273,"GID_3":"PHL.71.10.20_1","GID_0":"PHL","COUNTRY":"Philippines","GID_1":"PHL.71_1","NAME_1":"Southern Leyte","NL_NAME_1":"NA","GID_2":"PHL.71.10_1","NAME_2":"Malitbog","NL_NAME_2":"NA","NAME_3":"Maningning","VARNAME_3":"NA","NL_NAME_3":"NA","TYPE_3":"Barangay","ENGTYPE_3":"Village","CC_3":"NA","HASC_3":"NA"},"geometry":{"type":"MultiPolygon","coordinates":[[[[124.925132752000081,10.178739549000056],[124.922851562000119,10.18432045000003],[124.942146301000093,10.189120293000087],[124.948883057000103,10.180950165000127],[124.941902160000041,10.172089577000122],[124.928657532000216,10.172280311000122],[124.925132752000081,10.178739549000056]]]]}},
{"type":"Feature","properties":{"fid":274,"GID_3":"PHL.71.10.21_1","GID_0":"PHL","COUNTRY":"Philippines","GID_1":"PHL.71_1","NAME_1":"Southern Leyte","NL_NAME_1":"NA","GID_2":"PHL.71.10_1","NAME_2":"Malitbog","NL_NAME_2":"NA","NAME_3":"Maujo","VARNAME_3":"NA","NL_NAME_3":"NA","TYPE_3":"Barangay","ENGTYPE_3":"Village","CC_3":"NA","HASC_3":"NA"},"geometry":{"type":"MultiPolygon","coordinates":[[[[124.95876312300004,10.217860222000127],[124.958679199000017,10.217860222000127],[124.954406738000102,10.217940331000079],[124.953933716000051,10.223609924000129],[124.980163575000233,10.225589752000133],[124.980201722000288,10.22550964300018],[124.980621337000116,10.224060060000056],[124.980827332000217,10.222889900000041],[124.981109620000097,10.221989633000078],[124.980957030000127,10.22115993400007],[124.980476380000141,10.220540047000043],[124.97998809700016,10.219849587000112],[124.979431153000064,10.219019891000016],[124.979301453000176,10.218549729000017],[124.979156493000232,10.218059541000173],[124.978591919000223,10.217049599000063],[124.95876312300004,10.217860222000127]]]]}},
{"type":"Feature","properties":{"fid":275,"GID_3":"PHL.71.10.22_1","GID_0":"PHL","COUNTRY":"Philippines","GID_1":"PHL.71_1","NAME_1":"Southern Leyte","NL_NAME_1":"NA","GID_2":"PHL.71.10_1","NAME_2":"Malitbog","NL_NAME_2":"NA","NAME_3":"New Katipunan","VARNAME_3":"NA","NL_NAME_3":"NA","TYPE_3":"Barangay","ENGTYPE_3":"Village","CC_3":"NA","HASC_3":"NA"},"geometry":{"type":"MultiPolygon","coordinates":[[[[124.910346984000057,10.223219871000083],[124.909431458000313,10.229689598999983],[124.937339783000084,10.231869698000025],[124.941398621000076,10.231599808000055],[124.941688538000108,10.22550964300018],[124.933006286000136,10.218310356000018],[124.911361694000107,10.220040321999988],[124.910346984000057,10.223219871000083]]]]}},
{"type":"Feature","properties":{"fid":276,"GID_3":"PHL.71.10.23_1","GID_0":"PHL","COUNTRY":"Philippines","GID_1":"PHL.71_1","NAME_1":"Southern Leyte","NL_NAME_1":"NA","GID_2":"PHL.71.10_1","NAME_2":"Malitbog","NL_NAME_2":"NA","NAME_3":"Pancil","VARNAME_3":"NA","NL_NAME_3":"NA","TYPE_3":"Barangay","ENGTYPE_3":"Village","CC_3":"NA","HASC_3":"NA"},"geometry":{"type":"MultiPolygon","coordinates":[[[[124.946426392000262,10.190730095000049],[124.960037232000218,10.196709633000069],[124.961929321000184,10.196599961000061],[124.962432862000014,10.187210083000139],[124.946426392000262,10.190730095000049]]]]}},
{"type":"Feature","properties":{"fid":277,"GID_3":"PHL.71.10.24_1","GID_0":"PHL","COUNTRY":"Philippines","GID_1":"PHL.71_1","NAME_1":"Southern Leyte","NL_NAME_1":"NA","GID_2":"PHL.71.10_1","NAME_2":"Malitbog","NL_NAME_2":"NA","NAME_3":"Pasil","VARNAME_3":"Poblacion","NL_NAME_3":"NA","TYPE_3":"Barangay","ENGTYPE_3":"Village","CC_3":"NA","HASC_3":"NA"},"geometry":{"type":"MultiPolygon","coordinates":[[[[124.981491090000077,10.159270286000037],[124.979598999000245,10.162139893000074],[124.98951721100002,10.163749696000082],[124.992416382000215,10.164150238000047],[124.994728088000102,10.164329529000042],[124.99680328300019,10.164549829000123],[124.998832703000062,10.164170266000099],[125.000106812000013,10.163909912000065],[125.000831604000155,10.16388988500006],[125.001388550000229,10.163330079000104],[125.001388550000229,10.162779808000153],[125.00222015400027,10.161939620999988],[125.00222015400027,10.161669731000075],[125.002349853000055,10.161540032000062],[125.002433777000078,10.161457061000021],[125.001953124000011,10.161170006000191],[125.000701905000142,10.161120415000084],[124.998596192000264,10.161569596000049],[124.996383668000021,10.161709786000074],[124.994239807000326,10.161669731000075],[124.991943360000164,10.161350251000101],[124.981491090000077,10.159270286000037]]]]}},
{"type":"Feature","properties":{"fid":278,"GID_3":"PHL.71.10.25_1","GID_0":"PHL","COUNTRY":"Philippines","GID_1":"PHL.71_1","NAME_1":"Southern Leyte","NL_NAME_1":"NA","GID_2":"PHL.71.10_1","NAME_2":"Malitbog","NL_NAME_2":"NA","NAME_3":"Sabang","VARNAME_3":"NA","NL_NAME_3":"NA","TYPE_3":"Barangay","ENGTYPE_3":"Village","CC_3":"NA","HASC_3":"NA"},"geometry":{"type":"MultiPolygon","coordinates":[[[[124.9609069830002,10.174119949999977],[124.972526550000111,10.175990105000096],[124.990554810000162,10.178845406000164],[124.990837098000043,10.178890228000171],[124.991943360000164,10.177780151000036],[124.991943360000164,10.1774997710001],[124.992233276000093,10.17722034500008],[124.992233276000093,10.176939964000098],[124.992500306000011,10.176670074000128],[124.992500306000011,10.176389694000022],[124.992767334000064,10.176110268000173],[124.992767334000064,10.175829887000134],[124.993057252000085,10.17555999700005],[124.993057252000085,10.175279617000115],[124.993331910000052,10.175000191000095],[124.993331910000052,10.174719810000056],[124.993606568000246,10.174440385000139],[124.993606568000246,10.17416953999998],[124.993721008000307,10.174059867000096],[124.976013183000077,10.169679642000119],[124.960098267000035,10.170570373000032],[124.9609069830002,10.174119949999977]]]]}},
{"type":"Feature","properties":{"fid":279,"GID_3":"PHL.71.10.26_1","GID_0":"PHL","COUNTRY":"Philippines","GID_1":"PHL.71_1","NAME_1":"Southern Leyte","NL_NAME_1":"NA","GID_2":"PHL.71.10_1","NAME_2":"Malitbog","NL_NAME_2":"NA","NAME_3":"San Antonio","VARNAME_3":"Poblacion","NL_NAME_3":"NA","TYPE_3":"Barangay","ENGTYPE_3":"Village","CC_3":"NA","HASC_3":"NA"},"geometry":{"type":"MultiPolygon","coordinates":[[[[124.977462769000113,10.166299821000166],[124.989166260000047,10.169480325000052],[124.991218566000043,10.169870376000119],[124.993072510000161,10.170310021000148],[124.994583131000013,10.170619966000118],[124.995277404000149,10.170680046000143],[124.995277404000149,10.17055988300001],[124.995552064000094,10.170280457],[124.995552064000094,10.170000077000054],[124.995826722000061,10.169719696000072],[124.995826722000061,10.169440270000052],[124.99610900800019,10.169170380000082],[124.99610900800019,10.168890000000147],[124.997772218000136,10.167229652000117],[124.989730836000035,10.167079925000053],[124.97872924800015,10.163940430000082],[124.977462769000113,10.166299821000166]]]]}},
{"type":"Feature","properties":{"fid":280,"GID_3":"PHL.71.10.27_1","GID_0":"PHL","COUNTRY":"Philippines","GID_1":"PHL.71_1","NAME_1":"Southern Leyte","NL_NAME_1":"NA","GID_2":"PHL.71.10_1","NAME_2":"Malitbog","NL_NAME_2":"NA","NAME_3":"San Isidro","VARNAME_3":"NA","NL_NAME_3":"NA","TYPE_3":"Barangay","ENGTYPE_3":"Village","CC_3":"NA","HASC_3":"NA"},"geometry":{"type":"MultiPolygon","coordinates":[[[[124.960166931000231,10.17669010200018],[124.960426331,10.175769807000165],[124.9609069830002,10.174119949999977],[124.960098267000035,10.170570373000032],[124.946426392000262,10.171070099000133],[124.941902160000041,10.172089577000122],[124.948883057000103,10.180950165000127],[124.955268859000171,10.175789833000067],[124.960166931000231,10.17669010200018]]]]}},
{"type":"Feature","properties":{"fid":281,"GID_3":"PHL.71.10.28_1","GID_0":"PHL","COUNTRY":"Philippines","GID_1":"PHL.71_1","NAME_1":"Southern Leyte","NL_NAME_1":"NA","GID_2":"PHL.71.10_1","NAME_2":"Malitbog","NL_NAME_2":"NA","NAME_3":"San Jose","VARNAME_3":"NA","NL_NAME_3":"NA","TYPE_3":"Barangay","ENGTYPE_3":"Village","CC_3":"NA","HASC_3":"NA"},"geometry":{"type":"MultiPolygon","coordinates":[[[[125.00335693400018,10.153920173000131],[125.003112793000014,10.153869628000109],[125.002952576000098,10.153849602000037],[124.993133545000092,10.153329850000034],[124.986808777000078,10.152509690000045],[124.979103088000329,10.150010110000153],[124.978553772000055,10.147509575000129],[124.974136353000176,10.148079872000153],[124.971130372000061,10.148480416000041],[124.971237182000209,10.149209977000112],[124.971267701000102,10.14939022100009],[124.971420288000104,10.150369644000079],[124.971893310000155,10.15112018700006],[124.972450256000229,10.152039528000046],[124.973937989000092,10.153710366000098],[124.979469300000119,10.156100273],[124.982772828000066,10.156820297000081],[124.991752624000014,10.158069610000155],[125.003112793000014,10.158049584000082],[125.003608704000044,10.15806007499998],[125.003890992000152,10.157779694000169],[125.003890992000152,10.157219888000043],[125.004173278000053,10.156940460000158],[125.003936767000141,10.156709671000158],[125.003936767000141,10.156229973999984],[125.00404357900004,10.156069756000079],[125.004173278000053,10.15583038300008],[125.004173278000053,10.155559540000127],[125.003890992000152,10.155280114000107],[125.003890992000152,10.154720306000172],[125.003608704000044,10.154439927000112],[125.003608704000044,10.154170037000029],[125.00335693400018,10.153920173000131]]]]}},
{"type":"Feature","properties":{"fid":282,"GID_3":"PHL.71.10.29_1","GID_0":"PHL","COUNTRY":"Philippines","GID_1":"PHL.71_1","NAME_1":"Southern Leyte","NL_NAME_1":"NA","GID_2":"PHL.71.10_1","NAME_2":"Malitbog","NL_NAME_2":"NA","NAME_3":"San Roque","VARNAME_3":"NA","NL_NAME_3":"NA","TYPE_3":"Barangay","ENGTYPE_3":"Village","CC_3":"NA","HASC_3":"NA"},"geometry":{"type":"MultiPolygon","coordinates":[[[[124.982772828000066,10.156820297000081],[124.981491090000077,10.159270286000037],[124.991943360000164,10.161350251000101],[124.994239807000326,10.161669731000075],[124.996383668000021,10.161709786000074],[124.998596192000264,10.161569596000049],[125.000701905000142,10.161120415000084],[125.001953124000011,10.161170006000191],[125.002433777000078,10.161457061000021],[125.002502442000036,10.161390306000101],[125.002502442000036,10.16082954400008],[125.003051758000197,10.160280229000023],[125.003051758000197,10.159440042000028],[125.003326416000164,10.159170152000115],[125.003326416000164,10.158610343000021],[125.003608704000044,10.158329965000121],[125.003608704000044,10.15806007499998],[125.003112793000014,10.158049584000082],[124.991752624000014,10.158069610000155],[124.982772828000066,10.156820297000081]]]]}},
{"type":"Feature","properties":{"fid":283,"GID_3":"PHL.71.10.30_1","GID_0":"PHL","COUNTRY":"Philippines","GID_1":"PHL.71_1","NAME_1":"Southern Leyte","NL_NAME_1":"NA","GID_2":"PHL.71.10_1","NAME_2":"Malitbog","NL_NAME_2":"NA","NAME_3":"San Vicente","VARNAME_3":"NA","NL_NAME_3":"NA","TYPE_3":"Barangay","ENGTYPE_3":"Village","CC_3":"NA","HASC_3":"NA"},"geometry":{"type":"MultiPolygon","coordinates":[[[[124.962432862000014,10.187210083000139],[124.961929321000184,10.196599961000061],[124.98332977400014,10.195549964000122],[124.98332977400014,10.19250011400004],[124.983413695000081,10.191880227000183],[124.983688355000027,10.191390039000112],[124.983543396000073,10.190699576999975],[124.983757019000222,10.189869880000174],[124.983802796000191,10.189259529000026],[124.974288940000065,10.188750268000092],[124.962432862000014,10.187210083000139]]]]}},
{"type":"Feature","properties":{"fid":284,"GID_3":"PHL.71.10.31_1","GID_0":"PHL","COUNTRY":"Philippines","GID_1":"PHL.71_1","NAME_1":"Southern Leyte","NL_NAME_1":"NA","GID_2":"PHL.71.10_1","NAME_2":"Malitbog","NL_NAME_2":"NA","NAME_3":"Sangahon","VARNAME_3":"NA","NL_NAME_3":"NA","TYPE_3":"Barangay","ENGTYPE_3":"Village","CC_3":"NA","HASC_3":"NA"},"geometry":{"type":"MultiPolygon","coordinates":[[[[124.984611511000026,10.184849740000118],[124.984268188000101,10.184740067],[124.984138489000316,10.184700013000111],[124.975387574000024,10.182579994000093],[124.960166931000231,10.17669010200018],[124.955268859000171,10.175789833000067],[124.948883057000103,10.180950165000127],[124.942146301000093,10.189120293000087],[124.946426392000262,10.190730095000049],[124.962432862000014,10.187210083000139],[124.974288940000065,10.188750268000092],[124.983802796000191,10.189259529000026],[124.983833312000229,10.188770294000165],[124.983833312000229,10.187870026000098],[124.983772277000071,10.187140465000027],[124.983757019000222,10.186900139000045],[124.983909606000111,10.186479569000085],[124.984031677000189,10.18614006100006],[124.984176636000029,10.185520172000167],[124.984611511000026,10.184849740000118]]]]}},
{"type":"Feature","properties":{"fid":285,"GID_3":"PHL.71.10.32_1","GID_0":"PHL","COUNTRY":"Philippines","GID_1":"PHL.71_1","NAME_1":"Southern Leyte","NL_NAME_1":"NA","GID_2":"PHL.71.10_1","NAME_2":"Malitbog","NL_NAME_2":"NA","NAME_3":"Santa Cruz","VARNAME_3":"NA","NL_NAME_3":"NA","TYPE_3":"Barangay","ENGTYPE_3":"Village","CC_3":"NA","HASC_3":"NA"},"geometry":{"type":"MultiPolygon","coordinates":[[[[124.959182740000074,10.210820199000182],[124.958068848000039,10.214280129000088],[124.95876312300004,10.217860222000127],[124.978591919000223,10.217049599000063],[124.978416443000128,10.216730119000147],[124.978027343000235,10.216010095000058],[124.977500916000281,10.214440346000117],[124.977500916000281,10.213060379000069],[124.978607178000175,10.211939811999969],[124.978607178000175,10.211669922000056],[124.978813172000173,10.21146964999997],[124.959182740000074,10.210820199000182]]]]}},
{"type":"Feature","properties":{"fid":286,"GID_3":"PHL.71.10.33_1","GID_0":"PHL","COUNTRY":"Philippines","GID_1":"PHL.71_1","NAME_1":"Southern Leyte","NL_NAME_1":"NA","GID_2":"PHL.71.10_1","NAME_2":"Malitbog","NL_NAME_2":"NA","NAME_3":"Santo Niño","VARNAME_3":"NA","NL_NAME_3":"NA","TYPE_3":"Barangay","ENGTYPE_3":"Village","CC_3":"NA","HASC_3":"NA"},"geometry":{"type":"MultiPolygon","coordinates":[[[[124.960037232000218,10.196709633000069],[124.959846496000068,10.199199677000024],[124.98168182400002,10.19999027199998],[124.981941224000025,10.199720382000066],[124.981941224000025,10.199440003],[124.982368469000107,10.199020386000029],[124.982498170000099,10.198889733000158],[124.982482909000169,10.198610305000102],[124.982780456000114,10.198329926000099],[124.982780456000114,10.198060036000186],[124.983139037000228,10.19769954700007],[124.983261108000079,10.196990014000107],[124.983123779000039,10.19666004100003],[124.983047485000156,10.196510316],[124.983047485000156,10.196089744],[124.98332977400014,10.195819854000092],[124.98332977400014,10.195549964000122],[124.961929321000184,10.196599961000061],[124.960037232000218,10.196709633000069]]]]}},
{"type":"Feature","properties":{"fid":287,"GID_3":"PHL.71.10.34_1","GID_0":"PHL","COUNTRY":"Philippines","GID_1":"PHL.71_1","NAME_1":"Southern Leyte","NL_NAME_1":"NA","GID_2":"PHL.71.10_1","NAME_2":"Malitbog","NL_NAME_2":"NA","NAME_3":"Taliwa","VARNAME_3":"Poblacion","NL_NAME_3":"NA","TYPE_3":"Barangay","ENGTYPE_3":"Village","CC_3":"NA","HASC_3":"NA"},"geometry":{"type":"MultiPolygon","coordinates":[[[[124.979598999000245,10.162139893000074],[124.97872924800015,10.163940430000082],[124.989730836000035,10.167079925000053],[124.997772218000136,10.167229652000117],[124.998611450000112,10.166390420000084],[124.999732972000174,10.165829659000167],[125.000000000000114,10.165559769000026],[125.000831604000155,10.164999961999968],[125.000831604000155,10.16388988500006],[125.000106812000013,10.163909912000065],[124.998832703000062,10.164170266000099],[124.99680328300019,10.164549829000123],[124.994728088000102,10.164329529000042],[124.992416382000215,10.164150238000047],[124.98951721100002,10.163749696000082],[124.979598999000245,10.162139893000074]]]]}},
{"type":"Feature","properties":{"fid":288,"GID_3":"PHL.71.10.35_1","GID_0":"PHL","COUNTRY":"Philippines","GID_1":"PHL.71_1","NAME_1":"Southern Leyte","NL_NAME_1":"NA","GID_2":"PHL.71.10_1","NAME_2":"Malitbog","NL_NAME_2":"NA","NAME_3":"Tigbawan I","VARNAME_3":"NA","NL_NAME_3":"NA","TYPE_3":"Barangay","ENGTYPE_3":"Village","CC_3":"NA","HASC_3":"NA"},"geometry":{"type":"MultiPolygon","coordinates":[[[[124.917297364000092,10.199660301000165],[124.915977478000173,10.202630043],[124.914413452000076,10.206629753000186],[124.913223266000159,10.21154975900015],[124.911361694000107,10.220040321999988],[124.933006286000136,10.218310356000018],[124.932876587000123,10.214630128000181],[124.933097840000073,10.209690094],[124.930076599000131,10.200019836000138],[124.917297364000092,10.199660301000165]]]]}},
{"type":"Feature","properties":{"fid":289,"GID_3":"PHL.71.10.36_1","GID_0":"PHL","COUNTRY":"Philippines","GID_1":"PHL.71_1","NAME_1":"Southern Leyte","NL_NAME_1":"NA","GID_2":"PHL.71.10_1","NAME_2":"Malitbog","NL_NAME_2":"NA","NAME_3":"Tigbawan II","VARNAME_3":"NA","NL_NAME_3":"NA","TYPE_3":"Barangay","ENGTYPE_3":"Village","CC_3":"NA","HASC_3":"NA"},"geometry":{"type":"MultiPolygon","coordinates":[[[[124.920883178000167,10.190219879000097],[124.917297364000092,10.199660301000165],[124.930076599000131,10.200019836000138],[124.942146301000093,10.189120293000087],[124.922851562000119,10.18432045000003],[124.920883178000167,10.190219879000097]]]]}},
{"type":"Feature","properties":{"fid":290,"GID_3":"PHL.71.10.37_1","GID_0":"PHL","COUNTRY":"Philippines","GID_1":"PHL.71_1","NAME_1":"Southern Leyte","NL_NAME_1":"NA","GID_2":"PHL.71.10_1","NAME_2":"Malitbog","NL_NAME_2":"NA","NAME_3":"Timba","VARNAME_3":"NA","NL_NAME_3":"NA","TYPE_3":"Barangay","ENGTYPE_3":"Village","CC_3":"NA","HASC_3":"NA"},"geometry":{"type":"MultiPolygon","coordinates":[[[[124.959846496000068,10.199199677000024],[124.959083557000099,10.20386028300004],[124.979393005000247,10.20300960600008],[124.979507447000174,10.202449800000124],[124.979637146000073,10.201760292000074],[124.980476380000141,10.200860023000132],[124.981391908000205,10.200280190000171],[124.98168182400002,10.19999027199998],[124.959846496000068,10.199199677000024]]]]}},
{"type":"Feature","properties":{"fid":291,"GID_3":"PHL.71.11.1_1","GID_0":"PHL","COUNTRY":"Philippines","GID_1":"PHL.71_1","NAME_1":"Southern Leyte","NL_NAME_1":"NA","GID_2":"PHL.71.11_1","NAME_2":"Padre Burgos","NL_NAME_2":"NA","NAME_3":"Buenavista","VARNAME_3":"NA","NL_NAME_3":"NA","TYPE_3":"Barangay","ENGTYPE_3":"Village","CC_3":"NA","HASC_3":"NA"},"geometry":{"type":"MultiPolygon","coordinates":[[[[125.000709533000077,10.046429634000106],[124.998786926000093,10.049460411000098],[125.012367249000249,10.048789979000048],[125.012168885000051,10.044199944000184],[125.013183593000122,10.038979530000063],[125.014183044000106,10.026740074000031],[125.011901855000133,10.026430129000062],[125.011672974000135,10.026670456000147],[125.011672974000135,10.026940346000117],[125.010246277000078,10.028349877000096],[125.009178162000126,10.029450416000145],[125.000709533000077,10.046429634000106]]]]}},
{"type":"Feature","properties":{"fid":292,"GID_3":"PHL.71.11.2_1","GID_0":"PHL","COUNTRY":"Philippines","GID_1":"PHL.71_1","NAME_1":"Southern Leyte","NL_NAME_1":"NA","GID_2":"PHL.71.11_1","NAME_2":"Padre Burgos","NL_NAME_2":"NA","NAME_3":"Bunga","VARNAME_3":"NA","NL_NAME_3":"NA","TYPE_3":"Barangay","ENGTYPE_3":"Village","CC_3":"NA","HASC_3":"NA"},"geometry":{"type":"MultiPolygon","coordinates":[[[[124.978172302000075,10.085330009000018],[124.971153258000186,10.09825992500015],[124.994728088000102,10.101149560000067],[125.003097535000165,10.105110169000113],[125.008087159000183,10.106650353000191],[125.011108398000147,10.107580184000085],[125.011108398000147,10.107500076000065],[125.011390686000027,10.107219697],[125.011390686000027,10.106670379000036],[125.011947632000101,10.106109620000097],[125.011672974000135,10.105830192000099],[125.011741638000103,10.10523033200019],[125.011932374000025,10.104680061000067],[125.012100219000217,10.104149819000042],[125.012252807000209,10.103639602000044],[125.012466431000121,10.103179933000092],[125.012817383000197,10.102760316000115],[125.013206481000225,10.102379798000072],[125.013610840000069,10.101940155000023],[125.013893128000291,10.101940155000023],[125.014167786000144,10.101670265000052],[125.015830994000225,10.101670265000052],[125.016113282000106,10.101940155000023],[125.016670226000201,10.101389884000014],[125.017219544000227,10.101389884000014],[125.017501830000128,10.101110459000097],[125.017501830000128,10.100830078000058],[125.019157410000162,10.099169732],[125.01944732600009,10.099169732],[125.019950867000148,10.098660469000095],[125.011756896000065,10.092800141000112],[124.998161316000164,10.087080001000061],[124.982009887000231,10.079620362000071],[124.978172302000075,10.085330009000018]]]]}},
{"type":"Feature","properties":{"fid":293,"GID_3":"PHL.71.11.3_1","GID_0":"PHL","COUNTRY":"Philippines","GID_1":"PHL.71_1","NAME_1":"Southern Leyte","NL_NAME_1":"NA","GID_2":"PHL.71.11_1","NAME_2":"Padre Burgos","NL_NAME_2":"NA","NAME_3":"Cantutang","VARNAME_3":"NA","NL_NAME_3":"NA","TYPE_3":"Barangay","ENGTYPE_3":"Village","CC_3":"NA","HASC_3":"NA"},"geometry":{"type":"MultiPolygon","coordinates":[[[[125.013183593000122,10.038979530000063],[125.012168885000051,10.044199944000184],[125.012367249000249,10.048789979000048],[125.014976502000081,10.049099922000039],[125.024246216000165,10.052650453000069],[125.024520874000018,10.05218029100007],[125.024833679000039,10.051699638],[125.025146483000185,10.051219941000056],[125.025352478000059,10.05068016000007],[125.025581359000057,10.050169944000118],[125.025833130000024,10.049699784000097],[125.026077270000201,10.049249649000103],[125.026268006000123,10.048769951],[125.026443482000104,10.048270225000067],[125.02662658700001,10.047789575000081],[125.02673339800026,10.047240257000112],[125.026947022000172,10.046669960000088],[125.026657104000037,10.046389579000049],[125.026947022000172,10.046110154000132],[125.026947022000172,10.045559883000124],[125.026657104000037,10.045280457000104],[125.026657104000037,10.044719696000186],[125.026390076000098,10.044440270000166],[125.026390076000098,10.043330193000031],[125.026107788000218,10.043060303000118],[125.026107788000218,10.042659760000106],[125.026107788000218,10.042499542000144],[125.025833130000024,10.042220116000124],[125.025833130000024,10.041939736000188],[125.025558472000057,10.041669846000048],[125.025558472000057,10.041110039000046],[125.025001526000096,10.04055976900014],[125.025001526000096,10.04028034300012],[125.023612976000209,10.038889885000174],[125.023612976000209,10.038610460000086],[125.022781372000168,10.037779808000096],[125.022781372000168,10.037500383000122],[125.021942138000099,10.036669731000188],[125.021942138000099,10.036390306000044],[125.021667480000019,10.036109925],[125.021667480000019,10.035829544000023],[125.020843506000233,10.034999848000098],[125.020843506000233,10.034720420000099],[125.020553588000212,10.034440042000142],[125.020553588000212,10.034199715000057],[125.019958495000083,10.034569740000052],[125.013183593000122,10.038979530000063]]]]}},
{"type":"Feature","properties":{"fid":294,"GID_3":"PHL.71.11.4_1","GID_0":"PHL","COUNTRY":"Philippines","GID_1":"PHL.71_1","NAME_1":"Southern Leyte","NL_NAME_1":"NA","GID_2":"PHL.71.11_1","NAME_2":"Padre Burgos","NL_NAME_2":"NA","NAME_3":"Dinahugan","VARNAME_3":"NA","NL_NAME_3":"NA","TYPE_3":"Barangay","ENGTYPE_3":"Village","CC_3":"NA","HASC_3":"NA"},"geometry":{"type":"MultiPolygon","coordinates":[[[[124.991409302000193,10.063420295000185],[124.989433290000079,10.067070008000087],[124.989059447000159,10.067749978000052],[124.987213136000037,10.071180344000027],[124.99648285,10.074709891999987],[125.009376527000086,10.080069542000103],[125.023330688000101,10.083889962000171],[125.023612976000209,10.083609581000132],[125.023750305000135,10.083129883000083],[125.023788452000304,10.08259010300003],[125.023666381000112,10.08211994100003],[125.023620605000019,10.081640244000027],[125.023612976000209,10.081139565000058],[125.023612976000209,10.080619813000055],[125.023612976000209,10.080060005000121],[125.023612976000209,10.07948017200016],[125.023612976000209,10.078869819000033],[125.023612976000209,10.078269958000021],[125.023582458000192,10.077659607000101],[125.023567199000013,10.077079773000094],[125.02362823500016,10.076539994000086],[125.023689270000091,10.076029778000134],[125.023612976000209,10.075559616000135],[125.023330688000101,10.075280190000115],[125.023338318000015,10.074310303000061],[125.010597229000041,10.07192039600011],[125.001388550000229,10.067970276000153],[124.991409302000193,10.063420295000185]]]]}},
{"type":"Feature","properties":{"fid":295,"GID_3":"PHL.71.11.5_1","GID_0":"PHL","COUNTRY":"Philippines","GID_1":"PHL.71_1","NAME_1":"Southern Leyte","NL_NAME_1":"NA","GID_2":"PHL.71.11_1","NAME_2":"Padre Burgos","NL_NAME_2":"NA","NAME_3":"Laca","VARNAME_3":"NA","NL_NAME_3":"NA","TYPE_3":"Barangay","ENGTYPE_3":"Village","CC_3":"NA","HASC_3":"NA"},"geometry":{"type":"MultiPolygon","coordinates":[[[[124.96922302300004,10.101420403000191],[124.958282470000199,10.120220184],[124.953376770000204,10.128060341000094],[124.977836609000065,10.122329713000056],[124.992149352000297,10.119170190000034],[125.000732422000056,10.117280006000101],[124.991218566000043,10.107190133000074],[124.994728088000102,10.101149560000067],[124.971153258000186,10.09825992500015],[124.96922302300004,10.101420403000191]]]]}},
{"type":"Feature","properties":{"fid":296,"GID_3":"PHL.71.11.6_1","GID_0":"PHL","COUNTRY":"Philippines","GID_1":"PHL.71_1","NAME_1":"Southern Leyte","NL_NAME_1":"NA","GID_2":"PHL.71.11_1","NAME_2":"Padre Burgos","NL_NAME_2":"NA","NAME_3":"Lungsodaan","VARNAME_3":"NA","NL_NAME_3":"NA","TYPE_3":"Barangay","ENGTYPE_3":"Village","CC_3":"NA","HASC_3":"NA"},"geometry":{"type":"MultiPolygon","coordinates":[[[[124.998786926000093,10.049460411000098],[124.996856690000072,10.053099632000055],[124.991409302000193,10.063420295000185],[125.001388550000229,10.067970276000153],[125.010597229000041,10.07192039600011],[125.023338318000015,10.074310303000061],[125.023361207000221,10.072340013000144],[125.023498536000147,10.070819854000035],[125.023498536000147,10.069860459000154],[125.023361207000221,10.069439887000158],[125.023269653000284,10.068340303000127],[125.023277283000198,10.067740440000136],[125.023300172000063,10.067079543999967],[125.023323060000166,10.066439629000058],[125.023307800000111,10.065830230000188],[125.023323060000166,10.06521987900004],[125.023330688000101,10.064609528000062],[125.023330688000101,10.063890457000184],[125.023063660000048,10.063610076000145],[125.023063660000048,10.063329696000039],[125.023330688000101,10.063059808000105],[125.023330688000101,10.062499999000067],[125.023612976000209,10.062219621000111],[125.023460389000093,10.061599732000104],[125.023612976000209,10.060359953999978],[125.023612976000209,10.059670449000066],[125.023880004000034,10.05869960900003],[125.023880004000034,10.057180405000111],[125.023689270000091,10.054349900000091],[125.023841857000207,10.053730011000084],[125.024063110000156,10.05315971400006],[125.024246216000165,10.052650453000069],[125.014976502000081,10.049099922000039],[125.012367249000249,10.048789979000048],[124.998786926000093,10.049460411000098]]]]}},
{"type":"Feature","properties":{"fid":297,"GID_3":"PHL.71.11.7_1","GID_0":"PHL","COUNTRY":"Philippines","GID_1":"PHL.71_1","NAME_1":"Southern Leyte","NL_NAME_1":"NA","GID_2":"PHL.71.11_1","NAME_2":"Padre Burgos","NL_NAME_2":"NA","NAME_3":"Poblacion","VARNAME_3":"NA","NL_NAME_3":"NA","TYPE_3":"Barangay","ENGTYPE_3":"Village","CC_3":"NA","HASC_3":"NA"},"geometry":{"type":"MultiPolygon","coordinates":[[[[125.014183044000106,10.026740074000031],[125.013183593000122,10.038979530000063],[125.019958495000083,10.034569740000052],[125.020553588000212,10.034199715000057],[125.019996642000137,10.033610342999964],[125.019996642000137,10.033329965000064],[125.01944732600009,10.032779694000112],[125.019241334000185,10.032520294000108],[125.018890380000016,10.032079696000096],[125.01866912700018,10.031660079000062],[125.018753051000317,10.031049728000141],[125.018821717000151,10.030329704000053],[125.018730163000214,10.029840468999964],[125.019180299000141,10.029290200000048],[125.019248962000233,10.028650283000104],[125.019470215000183,10.028050423000025],[125.019752503000063,10.027449607000051],[125.019241334000185,10.027350425],[125.014183044000106,10.026740074000031]]]]}},
{"type":"Feature","properties":{"fid":298,"GID_3":"PHL.71.11.8_1","GID_0":"PHL","COUNTRY":"Philippines","GID_1":"PHL.71_1","NAME_1":"Southern Leyte","NL_NAME_1":"NA","GID_2":"PHL.71.11_1","NAME_2":"Padre Burgos","NL_NAME_2":"NA","NAME_3":"San Juan","VARNAME_3":"NA","NL_NAME_3":"NA","TYPE_3":"Barangay","ENGTYPE_3":"Village","CC_3":"NA","HASC_3":"NA"},"geometry":{"type":"MultiPolygon","coordinates":[[[[125.000732422000056,10.117280006000101],[125.008972168000128,10.115349771000183],[125.00898742600009,10.115460396],[125.009162902000071,10.115280152000025],[125.009162902000071,10.114029884000161],[125.009162902000071,10.113889695000182],[125.009452820000092,10.113610267000126],[125.009452820000092,10.113340379000022],[125.009719848000145,10.113059997999983],[125.009719848000145,10.112910271000146],[125.009719848000145,10.112500190000048],[125.01027679400022,10.111940384000093],[125.01027679400022,10.11139011500012],[125.0105590820001,10.111109734000081],[125.0105590820001,10.10972023000005],[125.01027679400022,10.10972023000005],[125.01027679400022,10.109169961000077],[125.0105590820001,10.108889580000096],[125.0105590820001,10.108610153000143],[125.010833740000066,10.10832977400014],[125.010833740000066,10.10805988400017],[125.011108398000147,10.107780456000171],[125.011108398000147,10.107580184000085],[125.008087159000183,10.106650353000191],[125.003097535000165,10.105110169000113],[124.994728088000102,10.101149560000067],[124.991218566000043,10.107190133000074],[125.000732422000056,10.117280006000101]]]]}},
{"type":"Feature","properties":{"fid":299,"GID_3":"PHL.71.11.9_1","GID_0":"PHL","COUNTRY":"Philippines","GID_1":"PHL.71_1","NAME_1":"Southern Leyte","NL_NAME_1":"NA","GID_2":"PHL.71.11_1","NAME_2":"Padre Burgos","NL_NAME_2":"NA","NAME_3":"Santa Sofia","VARNAME_3":"NA","NL_NAME_3":"NA","TYPE_3":"Barangay","ENGTYPE_3":"Village","CC_3":"NA","HASC_3":"NA"},"geometry":{"type":"MultiPolygon","coordinates":[[[[125.011901855000133,10.026430129000062],[125.014183044000106,10.026740074000031],[125.019241334000185,10.027350425],[125.019752503000063,10.027449607000051],[125.020011902000078,10.026820182000108],[125.020278930000018,10.026180267000029],[125.020561218000125,10.025560379000069],[125.020866395000212,10.024979591000147],[125.021202088000223,10.024419785000021],[125.02159881700004,10.023940087000085],[125.021911622000061,10.023429871000189],[125.022262573000262,10.022999763000087],[125.022521973000039,10.022609710000097],[125.022560120000094,10.022390365000149],[125.021827698000038,10.022270202000072],[125.012222290000068,10.020680427000059],[125.012222290000068,10.021389961000125],[125.011947632000101,10.02167034100006],[125.011947632000101,10.021940231000031],[125.011672974000135,10.022219659000029],[125.011947632000101,10.022500038000089],[125.011947632000101,10.022780417999968],[125.012496948000035,10.023329734000129],[125.012496948000035,10.023610115000167],[125.012779236000142,10.02388954200012],[125.013267517000145,10.024379729999964],[125.013267517000145,10.024930001000143],[125.013130188000218,10.025349618000121],[125.012847900000111,10.025629997000124],[125.012222290000068,10.025830268999982],[125.012222290000068,10.026109696000105],[125.011901855000133,10.026430129000062]]]]}},
{"type":"Feature","properties":{"fid":300,"GID_3":"PHL.71.11.10_1","GID_0":"PHL","COUNTRY":"Philippines","GID_1":"PHL.71_1","NAME_1":"Southern Leyte","NL_NAME_1":"NA","GID_2":"PHL.71.11_1","NAME_2":"Padre Burgos","NL_NAME_2":"NA","NAME_3":"Santo Rosario","VARNAME_3":"NA","NL_NAME_3":"NA","TYPE_3":"Barangay","ENGTYPE_3":"Village","CC_3":"NA","HASC_3":"NA"},"geometry":{"type":"MultiPolygon","coordinates":[[[[124.984092712,10.075360299000067],[124.982009887000231,10.079620362000071],[124.998161316000164,10.087080001000061],[125.011756896000065,10.092800141000112],[125.019950867000148,10.098660469000095],[125.020278930000018,10.098329543000034],[125.020278930000018,10.0980596550001],[125.020843506000233,10.097499847000165],[125.020278930000018,10.096940040999982],[125.020553588000212,10.096670151000069],[125.020553588000212,10.096110344000181],[125.020843506000233,10.095829964000075],[125.020843506000233,10.094440461000147],[125.021110534000059,10.094169616000045],[125.021110534000059,10.093330384000012],[125.021667480000019,10.09278011300006],[125.021667480000019,10.092499733000125],[125.021942138000099,10.092220307000105],[125.021667480000019,10.091939926000123],[125.02249908400006,10.091110230000027],[125.02249908400006,10.090829848999988],[125.022781372000168,10.090559959000075],[125.022781372000168,10.090279579000139],[125.023330688000101,10.08971977200008],[125.023330688000101,10.088609695000173],[125.023612976000209,10.088330270000029],[125.023612976000209,10.088060379000183],[125.023887634000175,10.087779999000077],[125.023612976000209,10.087499618000038],[125.023887634000175,10.087220193000121],[125.023887634000175,10.086110116000043],[125.023612976000209,10.085829735000175],[125.023887634000175,10.085559845000034],[125.023612976000209,10.085280419000014],[125.023612976000209,10.084170342000107],[125.023330688000101,10.083889962000171],[125.009376527000086,10.080069542000103],[124.99648285,10.074709891999987],[124.987213136000037,10.071180344000027],[124.984092712,10.075360299000067]]]]}},
{"type":"Feature","properties":{"fid":301,"GID_3":"PHL.71.11.11_1","GID_0":"PHL","COUNTRY":"Philippines","GID_1":"PHL.71_1","NAME_1":"Southern Leyte","NL_NAME_1":"NA","GID_2":"PHL.71.11_1","NAME_2":"Padre Burgos","NL_NAME_2":"NA","NAME_3":"Tangkaan","VARNAME_3":"NA","NL_NAME_3":"NA","TYPE_3":"Barangay","ENGTYPE_3":"Village","CC_3":"NA","HASC_3":"NA"},"geometry":{"type":"MultiPolygon","coordinates":[[[[125.012222290000068,10.020680427000059],[125.021827698000038,10.022270202000072],[125.022560120000094,10.022390365000149],[125.022583008000083,10.022279740000158],[125.022758484000178,10.021900177000077],[125.022949218,10.021470069000031],[125.023101807000103,10.020990372000028],[125.023277283000198,10.020509719000131],[125.023376465000069,10.020009996000113],[125.02351379400011,10.01951980500013],[125.023612976000209,10.019000053000127],[125.02371215800008,10.018469811000102],[125.023902893000127,10.017979623000031],[125.02414703400018,10.017519951000054],[125.024406433000195,10.017060280000123],[125.024620056000231,10.016559601000154],[125.024780274000136,10.016039849000151],[125.025016785000048,10.015560150000169],[125.02530670100009,10.015139579999982],[125.025627136000026,10.014769555000044],[125.025993348000156,10.014430047000189],[125.026329041000281,10.014089586000182],[125.026641846000189,10.013699532000032],[125.026908874000014,10.013250351000067],[125.027107238000099,10.012729644999979],[125.027267455000128,10.012209893000147],[125.027496338000105,10.011710167],[125.027770996000186,10.01121044100006],[125.028030396000077,10.010680199000035],[125.028228760000047,10.010169982000036],[125.028259277000302,10.010100364000152],[125.028518676000203,10.00949955100009],[125.028671264000195,10.008799553000074],[125.028892516000042,10.008110046000127],[125.029113769000105,10.007390022000038],[125.029136658000198,10.006600380000066],[125.029029845000082,10.005840302000081],[125.02857208200021,10.005240441000126],[125.02797699100006,10.004770279000127],[125.027511597000057,10.004549980999968],[125.027313232000097,10.004449844000135],[125.026657104000037,10.004170418000115],[125.025833130000024,10.004170418000115],[125.025573731,10.004440308000085],[125.02528381400009,10.004440308000085],[125.025001526000096,10.004719734000105],[125.024719238000102,10.004719734000105],[125.024169922000056,10.005279541000164],[125.023887634000175,10.005279541000164],[125.023330688000101,10.005829811000183],[125.023063660000048,10.005829811000183],[125.022781372000168,10.006110192000051],[125.022216796000293,10.006110192000051],[125.021942138000099,10.006389618000071],[125.021667480000019,10.006389618000071],[125.021110534000059,10.00693988800009],[125.020843506000233,10.00693988800009],[125.018783570000096,10.008999825000103],[125.018333434000169,10.009440423000171],[125.018333434000169,10.009719849000021],[125.018058776000203,10.010000229000127],[125.018058776000203,10.010299683000028],[125.018058776000203,10.010800362000168],[125.017868042000032,10.011349678000101],[125.017799377000074,10.011770249],[125.017662048000034,10.012180328999989],[125.017242433000206,10.012740135000172],[125.017173767000031,10.013079642999969],[125.017173767000031,10.013500213000157],[125.016891479000151,10.01391029500013],[125.016693115000066,10.014329910000129],[125.016471862000117,10.014739991000056],[125.016052247000175,10.01508998800017],[125.015846252000074,10.015640259000122],[125.015640258000076,10.015990257000112],[125.015502929000036,10.01618957400018],[125.015151977000073,10.016260147000082],[125.015083314000208,10.016539573000102],[125.014732360000266,10.016819954000141],[125.014381409000066,10.017089844000054],[125.013816833000078,10.017510414000071],[125.013542175000111,10.01861],[125.012779236000142,10.018890381000119],[125.012496948000035,10.019169809000118],[125.012496948000035,10.020000458000027],[125.012222290000068,10.020279884000047],[125.012222290000068,10.020680427000059]]]]}},
{"type":"Feature","properties":{"fid":302,"GID_3":"PHL.71.12.1_1","GID_0":"PHL","COUNTRY":"Philippines","GID_1":"PHL.71_1","NAME_1":"Southern Leyte","NL_NAME_1":"NA","GID_2":"PHL.71.12_1","NAME_2":"Pintuyan","NL_NAME_2":"NA","NAME_3":"Badiang","VARNAME_3":"NA","NL_NAME_3":"NA","TYPE_3":"Barangay","ENGTYPE_3":"Village","CC_3":"NA","HASC_3":"NA"},"geometry":{"type":"MultiPolygon","coordinates":[[[[125.249633790000075,9.931260109000107],[125.249618530000248,9.931460381000136],[125.249168396000186,9.932220459000121],[125.248916626000096,9.93377018000001],[125.248802186000034,9.934379578000176],[125.248756409000066,9.934519767000154],[125.248733520000087,9.93463993000006],[125.249961853000173,9.935029983999982],[125.250587462000112,9.93521976500017],[125.254676819000224,9.934989929000153],[125.259819030000131,9.933179855000105],[125.261039734000065,9.933279992000166],[125.263298035000162,9.933460235000041],[125.273536683000088,9.933259963000182],[125.269081116000166,9.927490235000107],[125.25901794500021,9.930250167],[125.25505828900009,9.931229591000033],[125.250839234000182,9.931409836000114],[125.249633790000075,9.931260109000107]]]]}},
{"type":"Feature","properties":{"fid":303,"GID_3":"PHL.71.12.2_1","GID_0":"PHL","COUNTRY":"Philippines","GID_1":"PHL.71_1","NAME_1":"Southern Leyte","NL_NAME_1":"NA","GID_2":"PHL.71.12_1","NAME_2":"Pintuyan","NL_NAME_2":"NA","NAME_3":"Balongbalong","VARNAME_3":"NA","NL_NAME_3":"NA","TYPE_3":"Barangay","ENGTYPE_3":"Village","CC_3":"NA","HASC_3":"NA"},"geometry":{"type":"MultiPolygon","coordinates":[[[[125.253936767000027,9.917590141000062],[125.253890992000265,9.917779923000126],[125.253753663000225,9.919810295000048],[125.253608704000044,9.920280457000047],[125.253608704000044,9.920559883000067],[125.25332641600005,9.920829773000037],[125.25332641600005,9.921110154000075],[125.253051758000083,9.921389580000096],[125.253051758000083,9.921669960000031],[125.252777100000117,9.921939850000115],[125.252777100000117,9.922220231000153],[125.252220154000042,9.922780037000109],[125.252204895000091,9.923390388000087],[125.257843017000141,9.925069809000036],[125.261436463000109,9.925689698000042],[125.258819580000022,9.922360420000132],[125.256782532000102,9.919349671000134],[125.253936767000027,9.917590141000062]]]]}},
{"type":"Feature","properties":{"fid":304,"GID_3":"PHL.71.12.3_1","GID_0":"PHL","COUNTRY":"Philippines","GID_1":"PHL.71_1","NAME_1":"Southern Leyte","NL_NAME_1":"NA","GID_2":"PHL.71.12_1","NAME_2":"Pintuyan","NL_NAME_2":"NA","NAME_3":"Buenavista","VARNAME_3":"NA","NL_NAME_3":"NA","TYPE_3":"Barangay","ENGTYPE_3":"Village","CC_3":"NA","HASC_3":"NA"},"geometry":{"type":"MultiPolygon","coordinates":[[[[125.277717591000055,9.941240310000126],[125.278121948000035,9.953550339000174],[125.287322999000025,9.942790032000062],[125.28814697200005,9.942049980000149],[125.289619446000074,9.940979958000071],[125.28903961200001,9.93900966700005],[125.288612366000052,9.938879967000105],[125.2882614130001,9.938770294000051],[125.286109924000129,9.939129831],[125.285301209000068,9.939259529000083],[125.284599304000039,9.939370155000177],[125.282669068000018,9.940819740000109],[125.279296875000114,9.941060066000148],[125.277717591000055,9.941240310000126]]]]}},
{"type":"Feature","properties":{"fid":305,"GID_3":"PHL.71.12.4_1","GID_0":"PHL","COUNTRY":"Philippines","GID_1":"PHL.71_1","NAME_1":"Southern Leyte","NL_NAME_1":"NA","GID_2":"PHL.71.12_1","NAME_2":"Pintuyan","NL_NAME_2":"NA","NAME_3":"Bulawan","VARNAME_3":"NA","NL_NAME_3":"NA","TYPE_3":"Barangay","ENGTYPE_3":"Village","CC_3":"NA","HASC_3":"NA"},"geometry":{"type":"MultiPolygon","coordinates":[[[[125.278121948000035,9.953550339000174],[125.277717591000055,9.941240310000126],[125.268516540000178,9.941710472000125],[125.265960693000011,9.941360473000032],[125.264358520000201,9.949950218000083],[125.261886597000057,9.961899758000072],[125.263046264000195,9.9644098280001],[125.266548157000102,9.959520341000143],[125.268951415000174,9.959790229000077],[125.269126891000155,9.959810257000129],[125.271797181000125,9.96010971100003],[125.278121948000035,9.953550339000174]]]]}},
{"type":"Feature","properties":{"fid":306,"GID_3":"PHL.71.12.5_1","GID_0":"PHL","COUNTRY":"Philippines","GID_1":"PHL.71_1","NAME_1":"Southern Leyte","NL_NAME_1":"NA","GID_2":"PHL.71.12_1","NAME_2":"Pintuyan","NL_NAME_2":"NA","NAME_3":"Canlawis","VARNAME_3":"NA","NL_NAME_3":"NA","TYPE_3":"Barangay","ENGTYPE_3":"Village","CC_3":"NA","HASC_3":"NA"},"geometry":{"type":"MultiPolygon","coordinates":[[[[125.273536683000088,9.933259963000182],[125.263298035000162,9.933460235000041],[125.261039734000065,9.933279992000166],[125.259819030000131,9.933179855000105],[125.254676819000224,9.934989929000153],[125.250587462000112,9.93521976500017],[125.249961853000173,9.935029983999982],[125.248733520000087,9.93463993000006],[125.248611450000112,9.935000420000051],[125.248611450000112,9.935279846000071],[125.248443604000045,9.935449601000187],[125.248336792000032,9.935560226000177],[125.248336792000032,9.935830116000091],[125.247779846000185,9.936389923000149],[125.24775695700032,9.937930107000057],[125.24775695700032,9.938710213000093],[125.247650147000058,9.93900966700005],[125.248497009000062,9.939040183999964],[125.250473022000051,9.939109802000075],[125.253776549000122,9.93854999600012],[125.254096984000057,9.938500404000081],[125.256103516000053,9.938159943000073],[125.263946533000308,9.935390473000041],[125.267921447000049,9.935310364000088],[125.277030944000103,9.937509537000096],[125.273536683000088,9.933259963000182]]]]}},
{"type":"Feature","properties":{"fid":307,"GID_3":"PHL.71.12.6_1","GID_0":"PHL","COUNTRY":"Philippines","GID_1":"PHL.71_1","NAME_1":"Southern Leyte","NL_NAME_1":"NA","GID_2":"PHL.71.12_1","NAME_2":"Pintuyan","NL_NAME_2":"NA","NAME_3":"Catbawan","VARNAME_3":"NA","NL_NAME_3":"NA","TYPE_3":"Barangay","ENGTYPE_3":"Village","CC_3":"NA","HASC_3":"NA"},"geometry":{"type":"MultiPolygon","coordinates":[[[[125.221366883000087,9.97111988],[125.22135925300006,9.971289635000119],[125.221267701000102,9.972160339000027],[125.221260071000188,9.972590446000027],[125.221130372000175,9.972979546999966],[125.220916747000047,9.973420143],[125.220588684000177,9.97397995100016],[125.220298768000134,9.974269867000146],[125.220153809000294,9.974379540000086],[125.247810364000088,9.993499756000062],[125.250991821000071,9.989020348000167],[125.251296998000043,9.986559867999972],[125.236091613000099,9.978199959000108],[125.233047485000043,9.976260186000104],[125.228126525000221,9.973090172000184],[125.225906373000043,9.97235965800013],[125.223678589000087,9.971619606000161],[125.222679137000341,9.971409798000025],[125.221366883000087,9.97111988]]]]}},
{"type":"Feature","properties":{"fid":308,"GID_3":"PHL.71.12.7_1","GID_0":"PHL","COUNTRY":"Philippines","GID_1":"PHL.71_1","NAME_1":"Southern Leyte","NL_NAME_1":"NA","GID_2":"PHL.71.12_1","NAME_2":"Pintuyan","NL_NAME_2":"NA","NAME_3":"Caubang","VARNAME_3":"NA","NL_NAME_3":"NA","TYPE_3":"Barangay","ENGTYPE_3":"Village","CC_3":"NA","HASC_3":"NA"},"geometry":{"type":"MultiPolygon","coordinates":[[[[125.245048523000037,9.952219964000165],[125.244941710000035,9.952389717000074],[125.244598389000089,9.952850341000158],[125.244346620000329,9.953260423000188],[125.243888856000126,9.954170228000066],[125.243553162000012,9.954719544],[125.243293763000338,9.955069543000093],[125.243057252000085,9.955559731000164],[125.242576599000017,9.956460000000163],[125.242233276000093,9.957360268],[125.242027283000198,9.957639695000125],[125.241836547000048,9.957949638000116],[125.241638183000191,9.958279610000034],[125.241111756,9.958820343000127],[125.240623475,9.959469796000121],[125.240386962000116,9.959650040000099],[125.240196228000286,9.95995044700004],[125.24001312200005,9.960309983000116],[125.239593507000109,9.960809707000067],[125.239036561000034,9.96127033300013],[125.252777100000117,9.983969689000162],[125.255096436000031,9.979780198000185],[125.251876830000015,9.973429679999981],[125.25093078600014,9.968759537000039],[125.248840333000089,9.965499879000163],[125.247520446000067,9.961520195000048],[125.247550965000187,9.959010125000191],[125.245048523000037,9.952219964000165]]]]}},
{"type":"Feature","properties":{"fid":309,"GID_3":"PHL.71.12.8_1","GID_0":"PHL","COUNTRY":"Philippines","GID_1":"PHL.71_1","NAME_1":"Southern Leyte","NL_NAME_1":"NA","GID_2":"PHL.71.12_1","NAME_2":"Pintuyan","NL_NAME_2":"NA","NAME_3":"Cogon","VARNAME_3":"NA","NL_NAME_3":"NA","TYPE_3":"Barangay","ENGTYPE_3":"Village","CC_3":"NA","HASC_3":"NA"},"geometry":{"type":"MultiPolygon","coordinates":[[[[125.253936767000027,9.917590141000062],[125.256782532000102,9.919349671000134],[125.260047913000108,9.91804027500018],[125.266357421000293,9.915519714000084],[125.267272949000017,9.91090965300009],[125.267303466000158,9.910820007000154],[125.26735687300004,9.910220146000142],[125.267410278000284,9.90970039400014],[125.266387940000072,9.909440042000085],[125.266052247000061,9.909250260000022],[125.265167236000138,9.90927028699997],[125.264442444000224,9.909440042000085],[125.26219177300004,9.910030365000182],[125.261222838000094,9.91030979300001],[125.260169984000072,9.911140442000089],[125.259269714000197,9.911760331000153],[125.258361817000036,9.912309647000086],[125.257247924000012,9.91287040800006],[125.256828307000205,9.913350105000063],[125.255996703000164,9.913840293000078],[125.255546570000092,9.914440156000069],[125.255546570000092,9.914719582000089],[125.255279542000039,9.914999962000024],[125.255279542000039,9.915280343000063],[125.254722596000192,9.915829659000053],[125.254722596000192,9.916110039000159],[125.254173278000167,9.916669846],[125.254051209000068,9.917209626000101],[125.254020691000051,9.917329789000178],[125.253936767000027,9.917590141000062]]]]}},
{"type":"Feature","properties":{"fid":310,"GID_3":"PHL.71.12.9_1","GID_0":"PHL","COUNTRY":"Philippines","GID_1":"PHL.71_1","NAME_1":"Southern Leyte","NL_NAME_1":"NA","GID_2":"PHL.71.12_1","NAME_2":"Pintuyan","NL_NAME_2":"NA","NAME_3":"Dan-An","VARNAME_3":"NA","NL_NAME_3":"NA","TYPE_3":"Barangay","ENGTYPE_3":"Village","CC_3":"NA","HASC_3":"NA"},"geometry":{"type":"MultiPolygon","coordinates":[[[[125.247810364000088,9.993499756000062],[125.220153809000294,9.974379540000086],[125.219627381000123,9.974780084000031],[125.21938324000007,9.975060462000101],[125.219032288000108,9.975130079999985],[125.218681335000156,9.975179673000127],[125.21671295200008,9.97681999200006],[125.216369629000042,9.977109910000024],[125.216232300000115,9.977419853000185],[125.215309144000116,9.979530334000117],[125.214843750000114,9.979820252000138],[125.214523315000179,9.980139732000112],[125.214179993000016,9.98064994900011],[125.215370177000068,9.980859756000143],[125.218078614000092,9.981380463000164],[125.222686767000255,9.982600213000183],[125.242637635000051,10.00426960100009],[125.244903564000083,10.000969886000178],[125.247810364000088,9.993499756000062]]]]}},
{"type":"Feature","properties":{"fid":311,"GID_3":"PHL.71.12.10_1","GID_0":"PHL","COUNTRY":"Philippines","GID_1":"PHL.71_1","NAME_1":"Southern Leyte","NL_NAME_1":"NA","GID_2":"PHL.71.12_1","NAME_2":"Pintuyan","NL_NAME_2":"NA","NAME_3":"Lobo","VARNAME_3":"NA","NL_NAME_3":"NA","TYPE_3":"Barangay","ENGTYPE_3":"Village","CC_3":"NA","HASC_3":"NA"},"geometry":{"type":"MultiPolygon","coordinates":[[[[125.256782532000102,9.919349671000134],[125.258819580000022,9.922360420000132],[125.261436463000109,9.925689698000042],[125.269081116000166,9.927490235000107],[125.265739440000061,9.923089982000079],[125.266357421000293,9.915519714000084],[125.260047913000108,9.91804027500018],[125.256782532000102,9.919349671000134]]]]}},
{"type":"Feature","properties":{"fid":312,"GID_3":"PHL.71.12.11_1","GID_0":"PHL","COUNTRY":"Philippines","GID_1":"PHL.71_1","NAME_1":"Southern Leyte","NL_NAME_1":"NA","GID_2":"PHL.71.12_1","NAME_2":"Pintuyan","NL_NAME_2":"NA","NAME_3":"Mainit","VARNAME_3":"NA","NL_NAME_3":"NA","TYPE_3":"Barangay","ENGTYPE_3":"Village","CC_3":"NA","HASC_3":"NA"},"geometry":{"type":"MultiPolygon","coordinates":[[[[125.249633790000075,9.931260109000107],[125.250839234000182,9.931409836000114],[125.25505828900009,9.931229591000033],[125.25901794500021,9.930250167],[125.269081116000166,9.927490235000107],[125.261436463000109,9.925689698000042],[125.257843017000141,9.925069809000036],[125.252204895000091,9.923390388000087],[125.25195312600033,9.923609734000081],[125.25195312600033,9.924169540000037],[125.251678466000158,9.924449919999972],[125.251640319000103,9.924599647000036],[125.251602172000048,9.924940109000147],[125.251541137000117,9.925029755000082],[125.251388550000115,9.925279617000172],[125.251388550000115,9.925559997000107],[125.251106262000121,9.925829888000123],[125.251007080000022,9.926850319999971],[125.250747680000245,9.927229881000073],[125.250503541000057,9.927490235000107],[125.250267030000259,9.928330422000045],[125.250129701000219,9.928420067000104],[125.249732972000174,9.929169654000077],[125.249702453000054,9.929659844000128],[125.249633790000075,9.931260109000107]]]]}},
{"type":"Feature","properties":{"fid":313,"GID_3":"PHL.71.12.12_1","GID_0":"PHL","COUNTRY":"Philippines","GID_1":"PHL.71_1","NAME_1":"Southern Leyte","NL_NAME_1":"NA","GID_2":"PHL.71.12_1","NAME_2":"Pintuyan","NL_NAME_2":"NA","NAME_3":"Manglit","VARNAME_3":"NA","NL_NAME_3":"NA","TYPE_3":"Barangay","ENGTYPE_3":"Village","CC_3":"NA","HASC_3":"NA"},"geometry":{"type":"MultiPolygon","coordinates":[[[[125.221366883000087,9.97111988],[125.222679137000341,9.971409798000025],[125.223678589000087,9.971619606000161],[125.225906373000043,9.97235965800013],[125.228126525000221,9.973090172000184],[125.233047485000043,9.976260186000104],[125.236091613000099,9.978199959000108],[125.236427306000223,9.976519585000119],[125.236137390000067,9.974780084000031],[125.235496520000083,9.972610474000078],[125.235206604000268,9.971659660000114],[125.234283448000269,9.965959548000114],[125.233253480000144,9.964550019000114],[125.232093811000027,9.964819909000028],[125.230972290000068,9.964889528000015],[125.22955322200005,9.964599609000118],[125.228576661000034,9.964240075000021],[125.228057861000025,9.964170457000137],[125.227500915000178,9.963609695000116],[125.225280761000135,9.963330270000142],[125.224716187000126,9.96306038],[125.224357605000137,9.962590218],[125.224243165000075,9.962530137000101],[125.224021912000012,9.96243],[125.223243713000329,9.962409974000025],[125.223007202000076,9.962719918000118],[125.223030091000055,9.96304988900016],[125.223106384000062,9.963589669000044],[125.223213197000291,9.964159966000068],[125.222961425000108,9.964719772000024],[125.222976684000173,9.96514988000007],[125.223022461000141,9.965559959000188],[125.223060607000093,9.96588993],[125.222892762000015,9.966290474000118],[125.222671509000065,9.966650010000023],[125.22263336200001,9.967009545],[125.222381593000023,9.967519761000119],[125.222236634000069,9.967980385000033],[125.221946715000172,9.968350410000028],[125.221626282000216,9.968709947000036],[125.221527100000117,9.968819619000044],[125.221107483000196,9.96944046100009],[125.221107483000196,9.970279693000066],[125.221389771000077,9.970560074000048],[125.221389771000077,9.970829964000188],[125.221366883000087,9.97111988]]]]}},
{"type":"Feature","properties":{"fid":314,"GID_3":"PHL.71.12.13_1","GID_0":"PHL","COUNTRY":"Philippines","GID_1":"PHL.71_1","NAME_1":"Southern Leyte","NL_NAME_1":"NA","GID_2":"PHL.71.12_1","NAME_2":"Pintuyan","NL_NAME_2":"NA","NAME_3":"Nueva Estrella Norte","VARNAME_3":"NA","NL_NAME_3":"NA","TYPE_3":"Barangay","ENGTYPE_3":"Village","CC_3":"NA","HASC_3":"NA"},"geometry":{"type":"MultiPolygon","coordinates":[[[[125.208526611000025,9.989819526000019],[125.208488464000084,9.990059852],[125.208358764000081,9.990349771000126],[125.20821380700022,9.990750312000159],[125.208137513000111,9.991109849000111],[125.207946777000188,9.99135971100003],[125.207893372000058,9.991789817999972],[125.207679749000249,9.99271011400009],[125.207221985000047,9.993610381000053],[125.207221985000047,9.994029998000087],[125.207077026000206,9.994790077000175],[125.207107545000326,9.995260239000174],[125.206993102000183,9.995650292],[125.20678711000005,9.995920182000134],[125.206596374000014,9.996290207000129],[125.205833435000045,9.997500421000041],[125.205429076000087,9.998720167999977],[125.20501708900008,9.999270439000156],[125.204696655000021,9.999719620000121],[125.204589844000111,9.999839783000027],[125.204437255000016,10.000000001000103],[125.204170227000304,10.000559807000059],[125.204170227000304,10.000829697000029],[125.20361328100023,10.001390458000117],[125.20361328100023,10.00197982800006],[125.20361328100023,10.002220154000042],[125.203330993,10.002499580000062],[125.203330993,10.00360965699997],[125.203056335000156,10.003890038000179],[125.203056335000156,10.004719734000105],[125.202766419000113,10.005000115000087],[125.202766419000113,10.005279541000164],[125.201942443,10.006110192000051],[125.201683045000209,10.006609917999981],[125.201393127000074,10.007040023000116],[125.201316833000078,10.007169724000107],[125.201118469000221,10.007490159000099],[125.20086670000012,10.00798988300005],[125.200736999000128,10.008569717000057],[125.200683594000225,10.008966446000102],[125.203346253000177,10.00918960600012],[125.207229613000095,10.016539573000102],[125.210418700000105,10.018899918999978],[125.217521668000018,10.02361965200015],[125.218383788000097,10.049599647000093],[125.225402832000213,10.036829949000094],[125.230667114000198,10.025449753000146],[125.234069823000141,10.019450187000075],[125.217987060000155,10.002010345000031],[125.208686829000044,9.990039826000157],[125.208526611000025,9.989819526000019]]]]}},
{"type":"Feature","properties":{"fid":315,"GID_3":"PHL.71.12.14_1","GID_0":"PHL","COUNTRY":"Philippines","GID_1":"PHL.71_1","NAME_1":"Southern Leyte","NL_NAME_1":"NA","GID_2":"PHL.71.12_1","NAME_2":"Pintuyan","NL_NAME_2":"NA","NAME_3":"Nueva Estrella Sur","VARNAME_3":"NA","NL_NAME_3":"NA","TYPE_3":"Barangay","ENGTYPE_3":"Village","CC_3":"NA","HASC_3":"NA"},"geometry":{"type":"MultiPolygon","coordinates":[[[[125.242637635000051,10.00426960100009],[125.222686767000255,9.982600213000183],[125.218078614000092,9.981380463000164],[125.215370177000068,9.980859756000143],[125.214179993000016,9.98064994900011],[125.214073181000117,9.980819702000019],[125.213813782000216,9.981019974000105],[125.213333129000148,9.98134040900004],[125.212783813000101,9.98194026900012],[125.212783813000101,9.982780456000114],[125.211936951000098,9.983610153000086],[125.211387635000051,9.983889581000085],[125.211219788000108,9.984129907000124],[125.211036682000099,9.98425960600008],[125.210960388000217,9.984499932000062],[125.210571290000303,9.984769822000032],[125.210083007000321,9.985210420000044],[125.209999085000163,9.985280038000155],[125.209709167000142,9.986069680000128],[125.209571838000215,9.986499785999968],[125.209251403000053,9.986920358000134],[125.208892823000042,9.987779618],[125.208526611000025,9.989819526000019],[125.208686829000044,9.990039826000157],[125.217987060000155,10.002010345000031],[125.234069823000141,10.019450187000075],[125.240379334000181,10.008429528000079],[125.240623475,10.00798988300005],[125.242637635000051,10.00426960100009]]]]}},
{"type":"Feature","properties":{"fid":316,"GID_3":"PHL.71.12.15_1","GID_0":"PHL","COUNTRY":"Philippines","GID_1":"PHL.71_1","NAME_1":"Southern Leyte","NL_NAME_1":"NA","GID_2":"PHL.71.12_1","NAME_2":"Pintuyan","NL_NAME_2":"NA","NAME_3":"Poblacion Ibabao","VARNAME_3":"NA","NL_NAME_3":"NA","TYPE_3":"Barangay","ENGTYPE_3":"Village","CC_3":"NA","HASC_3":"NA"},"geometry":{"type":"MultiPolygon","coordinates":[[[[125.248046876000103,9.944740296000134],[125.248046876000103,9.945280076000074],[125.248413085000038,9.945850373000098],[125.248512268000013,9.947649955000145],[125.248336792000032,9.948329927000088],[125.248046876000103,9.948349953000104],[125.247802734000288,9.948610304999988],[125.247581482000101,9.949069977000022],[125.250473022000051,9.949440004000166],[125.251342773000033,9.949350357000128],[125.252578736000032,9.949819564000109],[125.253776549000122,9.950229646000139],[125.25404357900004,9.949460030000068],[125.25440216100003,9.948269844000151],[125.25476074300002,9.946999550000044],[125.254966735000039,9.946370125000101],[125.248046876000103,9.944740296000134]]]]}},
{"type":"Feature","properties":{"fid":317,"GID_3":"PHL.71.12.16_1","GID_0":"PHL","COUNTRY":"Philippines","GID_1":"PHL.71_1","NAME_1":"Southern Leyte","NL_NAME_1":"NA","GID_2":"PHL.71.12_1","NAME_2":"Pintuyan","NL_NAME_2":"NA","NAME_3":"Poblacion Ubos","VARNAME_3":"NA","NL_NAME_3":"NA","TYPE_3":"Barangay","ENGTYPE_3":"Village","CC_3":"NA","HASC_3":"NA"},"geometry":{"type":"MultiPolygon","coordinates":[[[[125.248046876000103,9.944740296000134],[125.254966735000039,9.946370125000101],[125.255180360000054,9.945710182000141],[125.25550079300001,9.944740296000134],[125.255912782000223,9.943619729000091],[125.256278992000148,9.94274044000008],[125.256492614000081,9.941909791000171],[125.254386903000182,9.941650391000053],[125.247497558000077,9.941929817000073],[125.247497558000077,9.943050385000049],[125.247917175000111,9.94394016300015],[125.248039245000086,9.94447040600005],[125.248046876000103,9.944740296000134]]]]}},
{"type":"Feature","properties":{"fid":318,"GID_3":"PHL.71.12.17_1","GID_0":"PHL","COUNTRY":"Philippines","GID_1":"PHL.71_1","NAME_1":"Southern Leyte","NL_NAME_1":"NA","GID_2":"PHL.71.12_1","NAME_2":"Pintuyan","NL_NAME_2":"NA","NAME_3":"Pociano D. Equipilag","VARNAME_3":"NA","NL_NAME_3":"NA","TYPE_3":"Barangay","ENGTYPE_3":"Village","CC_3":"NA","HASC_3":"NA"},"geometry":{"type":"MultiPolygon","coordinates":[[[[125.277717591000055,9.941240310000126],[125.279296875000114,9.941060066000148],[125.282669068000018,9.940819740000109],[125.284599304000039,9.939370155000177],[125.282958984000174,9.938529968000012],[125.281303406,9.938380241000175],[125.279243470000097,9.938920021000058],[125.277030944000103,9.937509537000096],[125.267921447000049,9.935310364000088],[125.263946533000308,9.935390473000041],[125.256103516000053,9.938159943000073],[125.254096984000057,9.938500404000081],[125.253776549000122,9.93854999600012],[125.250473022000051,9.939109802000075],[125.248497009000062,9.939040183999964],[125.247650147000058,9.93900966700005],[125.247497558000077,9.939439773000061],[125.247497558000077,9.941929817000073],[125.254386903000182,9.941650391000053],[125.256492614000081,9.941909791000171],[125.263412476000099,9.94087028500013],[125.265960693000011,9.941360473000032],[125.268516540000178,9.941710472000125],[125.277717591000055,9.941240310000126]]]]}},
{"type":"Feature","properties":{"fid":319,"GID_3":"PHL.71.12.18_1","GID_0":"PHL","COUNTRY":"Philippines","GID_1":"PHL.71_1","NAME_1":"Southern Leyte","NL_NAME_1":"NA","GID_2":"PHL.71.12_1","NAME_2":"Pintuyan","NL_NAME_2":"NA","NAME_3":"Ponod","VARNAME_3":"NA","NL_NAME_3":"NA","TYPE_3":"Barangay","ENGTYPE_3":"Village","CC_3":"NA","HASC_3":"NA"},"geometry":{"type":"MultiPolygon","coordinates":[[[[125.245048523000037,9.952219964000165],[125.247550965000187,9.959010125000191],[125.258232116000272,9.956310273000099],[125.257873536000261,9.954819679000025],[125.257797240000173,9.953439714000183],[125.255928040000072,9.952119827000104],[125.253776549000122,9.950229646000139],[125.252578736000032,9.949819564000109],[125.251342773000033,9.949350357000128],[125.250473022000051,9.949440004000166],[125.247581482000101,9.949069977000022],[125.246917725000344,9.949890137000011],[125.24639129600007,9.950559616000078],[125.246177673000034,9.950779914000179],[125.245826722000061,9.951390268000068],[125.245643616000166,9.951490402],[125.245140075000336,9.9520702370001],[125.245048523000037,9.952219964000165]]]]}},
{"type":"Feature","properties":{"fid":320,"GID_3":"PHL.71.12.19_1","GID_0":"PHL","COUNTRY":"Philippines","GID_1":"PHL.71_1","NAME_1":"Southern Leyte","NL_NAME_1":"NA","GID_2":"PHL.71.12_1","NAME_2":"Pintuyan","NL_NAME_2":"NA","NAME_3":"San Roque","VARNAME_3":"NA","NL_NAME_3":"NA","TYPE_3":"Barangay","ENGTYPE_3":"Village","CC_3":"NA","HASC_3":"NA"},"geometry":{"type":"MultiPolygon","coordinates":[[[[125.264358520000201,9.949950218000083],[125.265960693000011,9.941360473000032],[125.263412476000099,9.94087028500013],[125.256492614000081,9.941909791000171],[125.256278992000148,9.94274044000008],[125.255912782000223,9.943619729000091],[125.25550079300001,9.944740296000134],[125.255180360000054,9.945710182000141],[125.254966735000039,9.946370125000101],[125.264358520000201,9.949950218000083]]]]}},
{"type":"Feature","properties":{"fid":321,"GID_3":"PHL.71.12.20_1","GID_0":"PHL","COUNTRY":"Philippines","GID_1":"PHL.71_1","NAME_1":"Southern Leyte","NL_NAME_1":"NA","GID_2":"PHL.71.12_1","NAME_2":"Pintuyan","NL_NAME_2":"NA","NAME_3":"Santa Cruz","VARNAME_3":"NA","NL_NAME_3":"NA","TYPE_3":"Barangay","ENGTYPE_3":"Village","CC_3":"NA","HASC_3":"NA"},"geometry":{"type":"MultiPolygon","coordinates":[[[[125.261886597000057,9.961899758000072],[125.264358520000201,9.949950218000083],[125.254966735000039,9.946370125000101],[125.25476074300002,9.946999550000044],[125.25440216100003,9.948269844000151],[125.25404357900004,9.949460030000068],[125.253776549000122,9.950229646000139],[125.255928040000072,9.952119827000104],[125.257797240000173,9.953439714000183],[125.257873536000261,9.954819679000025],[125.258232116000272,9.956310273000099],[125.258361817000036,9.95680999700005],[125.260360718000015,9.958860398000127],[125.260711669000216,9.960309983000116],[125.261886597000057,9.961899758000072]]]]}},
{"type":"Feature","properties":{"fid":322,"GID_3":"PHL.71.12.21_1","GID_0":"PHL","COUNTRY":"Philippines","GID_1":"PHL.71_1","NAME_1":"Southern Leyte","NL_NAME_1":"NA","GID_2":"PHL.71.12_1","NAME_2":"Pintuyan","NL_NAME_2":"NA","NAME_3":"Son-Ok I","VARNAME_3":"NA","NL_NAME_3":"NA","TYPE_3":"Barangay","ENGTYPE_3":"Village","CC_3":"NA","HASC_3":"NA"},"geometry":{"type":"MultiPolygon","coordinates":[[[[125.236091613000099,9.978199959000108],[125.251296998000043,9.986559867999972],[125.245567322000056,9.977540016000091],[125.241836547000048,9.973529815],[125.24017333900008,9.971790314000089],[125.237831115000063,9.968709947000036],[125.235870360000149,9.964819909000028],[125.235328675000119,9.963609695000116],[125.234931946000074,9.963809967000145],[125.234153747000164,9.964139938000187],[125.233512879000045,9.96448993700011],[125.233253480000144,9.964550019000114],[125.234283448000269,9.965959548000114],[125.235206604000268,9.971659660000114],[125.235496520000083,9.972610474000078],[125.236137390000067,9.974780084000031],[125.236427306000223,9.976519585000119],[125.236091613000099,9.978199959000108]]]]}},
{"type":"Feature","properties":{"fid":323,"GID_3":"PHL.71.12.22_1","GID_0":"PHL","COUNTRY":"Philippines","GID_1":"PHL.71_1","NAME_1":"Southern Leyte","NL_NAME_1":"NA","GID_2":"PHL.71.12_1","NAME_2":"Pintuyan","NL_NAME_2":"NA","NAME_3":"Son-Ok II","VARNAME_3":"NA","NL_NAME_3":"NA","TYPE_3":"Barangay","ENGTYPE_3":"Village","CC_3":"NA","HASC_3":"NA"},"geometry":{"type":"MultiPolygon","coordinates":[[[[125.252777100000117,9.983969689000162],[125.239036561000034,9.96127033300013],[125.238891602000194,9.961389541000074],[125.238746643000013,9.9615402230001],[125.238471985000047,9.961779595],[125.238319397000168,9.961999893000097],[125.237892150000107,9.962450028000148],[125.236610412000118,9.963040351000075],[125.235580444000107,9.963489531999983],[125.235328675000119,9.963609695000116],[125.235870360000149,9.964819909000028],[125.237831115000063,9.968709947000036],[125.24017333900008,9.971790314000089],[125.241836547000048,9.973529815],[125.245567322000056,9.977540016000091],[125.251296998000043,9.986559867999972],[125.252777100000117,9.983969689000162]]]]}},
{"type":"Feature","properties":{"fid":324,"GID_3":"PHL.71.12.23_1","GID_0":"PHL","COUNTRY":"Philippines","GID_1":"PHL.71_1","NAME_1":"Southern Leyte","NL_NAME_1":"NA","GID_2":"PHL.71.12_1","NAME_2":"Pintuyan","NL_NAME_2":"NA","NAME_3":"Tautag","VARNAME_3":"NA","NL_NAME_3":"NA","TYPE_3":"Barangay","ENGTYPE_3":"Village","CC_3":"NA","HASC_3":"NA"},"geometry":{"type":"MultiPolygon","coordinates":[[[[125.263046264000195,9.9644098280001],[125.261886597000057,9.961899758000072],[125.260711669000216,9.960309983000116],[125.260360718000015,9.958860398000127],[125.258361817000036,9.95680999700005],[125.258232116000272,9.956310273000099],[125.247550965000187,9.959010125000191],[125.247520446000067,9.961520195000048],[125.248840333000089,9.965499879000163],[125.25093078600014,9.968759537000039],[125.251876830000015,9.973429679999981],[125.255096436000031,9.979780198000185],[125.256286622000061,9.978380203000086],[125.25879669200026,9.973179817000016],[125.259216309000067,9.972319603000074],[125.263046264000195,9.9644098280001]]]]}},
{"type":"Feature","properties":{"fid":325,"GID_3":"PHL.71.13.1_1","GID_0":"PHL","COUNTRY":"Philippines","GID_1":"PHL.71_1","NAME_1":"Southern Leyte","NL_NAME_1":"NA","GID_2":"PHL.71.13_1","NAME_2":"Saint Bernard","NL_NAME_2":"NA","NAME_3":"Atuyan","VARNAME_3":"NA","NL_NAME_3":"NA","TYPE_3":"Barangay","ENGTYPE_3":"Village","CC_3":"NA","HASC_3":"NA"},"geometry":{"type":"MultiPolygon","coordinates":[[[[125.143180847000167,10.339229584000122],[125.143852233000075,10.337530137000158],[125.148361207000107,10.32732009900019],[125.131149293000135,10.324230194000052],[125.114982605000023,10.320899963000102],[125.116363525000111,10.323730468000122],[125.119682313000112,10.328789712],[125.122123718000012,10.331780435000098],[125.122497558000077,10.336350442000139],[125.143180847000167,10.339229584000122]]]]}},
{"type":"Feature","properties":{"fid":326,"GID_3":"PHL.71.13.2_1","GID_0":"PHL","COUNTRY":"Philippines","GID_1":"PHL.71_1","NAME_1":"Southern Leyte","NL_NAME_1":"NA","GID_2":"PHL.71.13_1","NAME_2":"Saint Bernard","NL_NAME_2":"NA","NAME_3":"Ayahag","VARNAME_3":"NA","NL_NAME_3":"NA","TYPE_3":"Barangay","ENGTYPE_3":"Village","CC_3":"NA","HASC_3":"NA"},"geometry":{"type":"MultiPolygon","coordinates":[[[[125.098960877000081,10.30253982500011],[125.09693908700001,10.311869622000188],[125.101287841000044,10.313639640000076],[125.104019164000078,10.314439775000096],[125.106597900000224,10.316280366000058],[125.108253480000258,10.317859650000173],[125.109207152000295,10.31964015900013],[125.114982605000023,10.320899963000102],[125.114707947000056,10.319809914000075],[125.115173339000194,10.318739891000064],[125.116096497000058,10.315839768000046],[125.117416382000101,10.31398963900017],[125.118751527000313,10.311389922000103],[125.118621826000208,10.308870315999968],[125.118431092000037,10.307239533000143],[125.118736266000042,10.302240371000039],[125.11837005700022,10.300470353000151],[125.116333008000311,10.301469802000156],[125.114852905000021,10.302339553000081],[125.113891602000081,10.30424022700015],[125.112632751000092,10.305439948000185],[125.110328675000119,10.304639816000076],[125.098960877000081,10.30253982500011]]]]}},
{"type":"Feature","properties":{"fid":327,"GID_3":"PHL.71.13.3_1","GID_0":"PHL","COUNTRY":"Philippines","GID_1":"PHL.71_1","NAME_1":"Southern Leyte","NL_NAME_1":"NA","GID_2":"PHL.71.13_1","NAME_2":"Saint Bernard","NL_NAME_2":"NA","NAME_3":"Bantawon","VARNAME_3":"NA","NL_NAME_3":"NA","TYPE_3":"Barangay","ENGTYPE_3":"Village","CC_3":"NA","HASC_3":"NA"},"geometry":{"type":"MultiPolygon","coordinates":[[[[125.131858826000098,10.365710258000036],[125.134933473000046,10.358119964000139],[125.1246566760002,10.356340408000165],[125.116851806000113,10.355859755999973],[125.109703063000211,10.355259895000188],[125.108428956000012,10.355349542000056],[125.109191894000105,10.357230187000141],[125.111053466000158,10.359740258000102],[125.112220764000085,10.36120033300017],[125.111618043000021,10.363530160000153],[125.131858826000098,10.365710258000036]]]]}},
{"type":"Feature","properties":{"fid":328,"GID_3":"PHL.71.13.4_1","GID_0":"PHL","COUNTRY":"Philippines","GID_1":"PHL.71_1","NAME_1":"Southern Leyte","NL_NAME_1":"NA","GID_2":"PHL.71.13_1","NAME_2":"Saint Bernard","NL_NAME_2":"NA","NAME_3":"Bolodbolod","VARNAME_3":"NA","NL_NAME_3":"NA","TYPE_3":"Barangay","ENGTYPE_3":"Village","CC_3":"NA","HASC_3":"NA"},"geometry":{"type":"MultiPolygon","coordinates":[[[[125.11837005700022,10.300470353000151],[125.118736266000042,10.302240371000039],[125.133392333000074,10.30473995300008],[125.13440704300001,10.30385971200019],[125.135650634000172,10.302659988000016],[125.137908935000041,10.300900460000094],[125.138366699000017,10.300180435000129],[125.138458253000181,10.299429894000127],[125.138816833000192,10.297889710000049],[125.137260437,10.294810295000048],[125.130363464000197,10.295780183000034],[125.123573303000171,10.295539857000051],[125.124023437000119,10.293319703],[125.123336792000032,10.29207992500011],[125.121757508000087,10.292619705],[125.121192932000099,10.295310021000034],[125.120590211000035,10.296050070999968],[125.118392945000096,10.297699928000156],[125.11837005700022,10.300470353000151]]]]}},
{"type":"Feature","properties":{"fid":329,"GID_3":"PHL.71.13.5_1","GID_0":"PHL","COUNTRY":"Philippines","GID_1":"PHL.71_1","NAME_1":"Southern Leyte","NL_NAME_1":"NA","GID_2":"PHL.71.13_1","NAME_2":"Saint Bernard","NL_NAME_2":"NA","NAME_3":"Cabagawan","VARNAME_3":"NA","NL_NAME_3":"NA","TYPE_3":"Barangay","ENGTYPE_3":"Village","CC_3":"NA","HASC_3":"NA"},"geometry":{"type":"MultiPolygon","coordinates":[[[[125.137130738000224,10.352809906000061],[125.143180847000167,10.339229584000122],[125.122497558000077,10.336350442000139],[125.115646362,10.334839821000116],[125.112739563000105,10.337739944000191],[125.110496520000083,10.33998012700016],[125.110023498000032,10.341950417000135],[125.110427857000104,10.343720437],[125.116600036000023,10.345939636000026],[125.121940614000096,10.347780227000044],[125.137130738000224,10.352809906000061]]]]}},
{"type":"Feature","properties":{"fid":330,"GID_3":"PHL.71.13.6_1","GID_0":"PHL","COUNTRY":"Philippines","GID_1":"PHL.71_1","NAME_1":"Southern Leyte","NL_NAME_1":"NA","GID_2":"PHL.71.13_1","NAME_2":"Saint Bernard","NL_NAME_2":"NA","NAME_3":"Carnaga","VARNAME_3":"NA","NL_NAME_3":"NA","TYPE_3":"Barangay","ENGTYPE_3":"Village","CC_3":"NA","HASC_3":"NA"},"geometry":{"type":"MultiPolygon","coordinates":[[[[125.148361207000107,10.32732009900019],[125.150138855000137,10.32227993000015],[125.142967224000131,10.320699691000073],[125.14077758700023,10.320659637000119],[125.136619567000139,10.320910453000067],[125.133171082000104,10.320529938000163],[125.130287170000088,10.31972026800014],[125.126441955000018,10.318679809000116],[125.124847413000225,10.318909645000076],[125.123153686000137,10.318229675000168],[125.120780945000206,10.317139626000085],[125.116096497000058,10.315839768000046],[125.115173339000194,10.318739891000064],[125.114707947000056,10.319809914000075],[125.114982605000023,10.320899963000102],[125.131149293000135,10.324230194000052],[125.148361207000107,10.32732009900019]]]]}},
{"type":"Feature","properties":{"fid":331,"GID_3":"PHL.71.13.7_1","GID_0":"PHL","COUNTRY":"Philippines","GID_1":"PHL.71_1","NAME_1":"Southern Leyte","NL_NAME_1":"NA","GID_2":"PHL.71.13_1","NAME_2":"Saint Bernard","NL_NAME_2":"NA","NAME_3":"Catmon","VARNAME_3":"NA","NL_NAME_3":"NA","TYPE_3":"Barangay","ENGTYPE_3":"Village","CC_3":"NA","HASC_3":"NA"},"geometry":{"type":"MultiPolygon","coordinates":[[[[125.109703063000211,10.355259895000188],[125.116851806000113,10.355859755999973],[125.117683410000154,10.352959633000125],[125.118927003000067,10.351799966000158],[125.12148285000012,10.349069595000117],[125.121940614000096,10.347780227000044],[125.116600036000023,10.345939636000026],[125.115257263000217,10.349510193000185],[125.110702515000298,10.352399826000067],[125.109703063000211,10.355259895000188]]]]}},
{"type":"Feature","properties":{"fid":332,"GID_3":"PHL.71.13.8_1","GID_0":"PHL","COUNTRY":"Philippines","GID_1":"PHL.71_1","NAME_1":"Southern Leyte","NL_NAME_1":"NA","GID_2":"PHL.71.13_1","NAME_2":"Saint Bernard","NL_NAME_2":"NA","NAME_3":"Guinsaugon","VARNAME_3":"NA","NL_NAME_3":"NA","TYPE_3":"Barangay","ENGTYPE_3":"Village","CC_3":"NA","HASC_3":"NA"},"geometry":{"type":"MultiPolygon","coordinates":[[[[125.122497558000077,10.336350442000139],[125.122123718000012,10.331780435000098],[125.119682313000112,10.328789712],[125.116363525000111,10.323730468000122],[125.114982605000023,10.320899963000102],[125.109207152000295,10.31964015900013],[125.108139037000115,10.322649957000124],[125.108413695000081,10.324489593000123],[125.107192993000012,10.326600075000101],[125.104583741000283,10.327460290000147],[125.10414123500027,10.331489564000094],[125.111892701000215,10.333700180000051],[125.115646362,10.334839821000116],[125.122497558000077,10.336350442000139]]]]}},
{"type":"Feature","properties":{"fid":333,"GID_3":"PHL.71.13.9_1","GID_0":"PHL","COUNTRY":"Philippines","GID_1":"PHL.71_1","NAME_1":"Southern Leyte","NL_NAME_1":"NA","GID_2":"PHL.71.13_1","NAME_2":"Saint Bernard","NL_NAME_2":"NA","NAME_3":"Himatagon","VARNAME_3":"Poblacion","NL_NAME_3":"NA","TYPE_3":"Barangay","ENGTYPE_3":"Village","CC_3":"NA","HASC_3":"NA"},"geometry":{"type":"MultiPolygon","coordinates":[[[[125.146003724000025,10.274809838000181],[125.145896912000012,10.274880409000048],[125.145339966000165,10.275300026000025],[125.144653321000078,10.275569916000165],[125.144081116000052,10.275710105000144],[125.143333434000056,10.276109696000049],[125.142776490000188,10.276109696000049],[125.142158509000069,10.276729583000133],[125.141761780000024,10.277119636000123],[125.140502929000036,10.277259828000012],[125.139106751000213,10.27754020600014],[125.13902282700019,10.27754020600014],[125.138687134000179,10.27754020600014],[125.138442992000023,10.277660369000046],[125.138351440000292,10.277700424000045],[125.13757324200003,10.278089524000109],[125.137016296000184,10.278089524000109],[125.136466980000023,10.278200149000099],[125.139869689000079,10.287570001000176],[125.143608094000228,10.288519860000179],[125.144058228000176,10.288640023000085],[125.147178649000011,10.289429665000057],[125.147903443000246,10.287570001000176],[125.149620056000117,10.285610199000189],[125.149902344000338,10.283410073000084],[125.147583008000083,10.280389787000104],[125.146278382000219,10.277999878000173],[125.146057129000042,10.275300026000025],[125.146003724000025,10.274809838000181]]]]}},
{"type":"Feature","properties":{"fid":334,"GID_3":"PHL.71.13.10_1","GID_0":"PHL","COUNTRY":"Philippines","GID_1":"PHL.71_1","NAME_1":"Southern Leyte","NL_NAME_1":"NA","GID_2":"PHL.71.13_1","NAME_2":"Saint Bernard","NL_NAME_2":"NA","NAME_3":"Himbangan","VARNAME_3":"NA","NL_NAME_3":"NA","TYPE_3":"Barangay","ENGTYPE_3":"Village","CC_3":"NA","HASC_3":"NA"},"geometry":{"type":"MultiPolygon","coordinates":[[[[125.107536316000051,10.255900384000029],[125.106689454000161,10.258859635000022],[125.104049683000198,10.271960259000025],[125.110450745000094,10.274220468000067],[125.114280700000108,10.275219917000072],[125.119377136000139,10.275710105000144],[125.123298645000318,10.274689675000104],[125.124931336000145,10.274439813000185],[125.129966735000153,10.271089554000184],[125.129722596000079,10.270830154000066],[125.129600525000228,10.27044010100019],[125.129386903000068,10.270019531000059],[125.129158020000091,10.269610405000094],[125.128898620000086,10.26922035299998],[125.128662109000174,10.268810272000053],[125.12848663300008,10.268349647999969],[125.128303527000185,10.267900467],[125.128036499000132,10.267490387],[125.127792358000079,10.267069818000152],[125.127586364000081,10.266610146000119],[125.127456665000068,10.266099930000166],[125.127243042000146,10.265620232000117],[125.127059936000023,10.265110016000165],[125.126907349000135,10.264599800000042],[125.126693726000099,10.264129640000021],[125.126533509000069,10.263620376000176],[125.126373292000039,10.263119698000139],[125.126152039000203,10.26264953600014],[125.126091003000056,10.262100219999979],[125.125976563000222,10.261549949000027],[125.125862122000058,10.261010171000123],[125.12584686200023,10.260800362000111],[125.118927003000067,10.26066017200003],[125.113327026000093,10.259189606000064],[125.11096954300001,10.257300377000149],[125.107536316000051,10.255900384000029]]]]}},
{"type":"Feature","properties":{"fid":335,"GID_3":"PHL.71.13.11_1","GID_0":"PHL","COUNTRY":"Philippines","GID_1":"PHL.71_1","NAME_1":"Southern Leyte","NL_NAME_1":"NA","GID_2":"PHL.71.13_1","NAME_2":"Saint Bernard","NL_NAME_2":"NA","NAME_3":"Himos-Onan","VARNAME_3":"NA","NL_NAME_3":"NA","TYPE_3":"Barangay","ENGTYPE_3":"Village","CC_3":"NA","HASC_3":"NA"},"geometry":{"type":"MultiPolygon","coordinates":[[[[125.134933473000046,10.358119964000139],[125.137130738000224,10.352809906000061],[125.121940614000096,10.347780227000044],[125.12148285000012,10.349069595000117],[125.118927003000067,10.351799966000158],[125.117683410000154,10.352959633000125],[125.116851806000113,10.355859755999973],[125.1246566760002,10.356340408000165],[125.134933473000046,10.358119964000139]]]]}},
{"type":"Feature","properties":{"fid":336,"GID_3":"PHL.71.13.12_1","GID_0":"PHL","COUNTRY":"Philippines","GID_1":"PHL.71_1","NAME_1":"Southern Leyte","NL_NAME_1":"NA","GID_2":"PHL.71.13_1","NAME_2":"Saint Bernard","NL_NAME_2":"NA","NAME_3":"Hinabian","VARNAME_3":"NA","NL_NAME_3":"NA","TYPE_3":"Barangay","ENGTYPE_3":"Village","CC_3":"NA","HASC_3":"NA"},"geometry":{"type":"MultiPolygon","coordinates":[[[[125.091400146000069,10.345399856000142],[125.090667724000014,10.350480079000135],[125.090057373000036,10.354720115000134],[125.108428956000012,10.355349542000056],[125.108146668000131,10.350279809000085],[125.109519959000181,10.347490311],[125.110427857000104,10.343720437],[125.104316711000024,10.342189788000098],[125.092346192000036,10.342800141000055],[125.091400146000069,10.345399856000142]]]]}},
{"type":"Feature","properties":{"fid":337,"GID_3":"PHL.71.13.13_1","GID_0":"PHL","COUNTRY":"Philippines","GID_1":"PHL.71_1","NAME_1":"Southern Leyte","NL_NAME_1":"NA","GID_2":"PHL.71.13_1","NAME_2":"Saint Bernard","NL_NAME_2":"NA","NAME_3":"Hindag-An","VARNAME_3":"NA","NL_NAME_3":"NA","TYPE_3":"Barangay","ENGTYPE_3":"Village","CC_3":"NA","HASC_3":"NA"},"geometry":{"type":"MultiPolygon","coordinates":[[[[125.108413695000081,10.250340461000178],[125.107536316000051,10.255900384000029],[125.11096954300001,10.257300377000149],[125.113327026000093,10.259189606000064],[125.118927003000067,10.26066017200003],[125.12584686200023,10.260800362000111],[125.125831604000041,10.260450363000189],[125.125831604000041,10.259860040000092],[125.125831604000041,10.259240151000029],[125.125831604000041,10.258609771000124],[125.125808715000176,10.257960321000041],[125.125679017000266,10.257340431999978],[125.125549316000161,10.256719590000159],[125.125267030000032,10.256110192000165],[125.125267030000032,10.251390458000117],[125.125556946000074,10.251110077000078],[125.125556946000074,10.250559807],[125.125831604000041,10.250280380999982],[125.125831604000041,10.249719620000064],[125.126106262,10.249440194000044],[125.126106262,10.249170304000074],[125.126388550000115,10.248889923000036],[125.126388550000115,10.2486095430001],[125.126663208000082,10.24833011700008],[125.126663208000082,10.248060227000167],[125.126953124000124,10.247779846000128],[125.126953124000124,10.246410370000149],[125.126663208000082,10.246109963000094],[125.126922607000097,10.245829582000056],[125.126937866000048,10.243610383000032],[125.127220154000156,10.243330003000096],[125.127220154000156,10.243060113000126],[125.127502442000036,10.242779732000145],[125.127502442000036,10.241109849000054],[125.127326966000282,10.240940094000166],[125.127220154000156,10.240830421000055],[125.127220154000156,10.239720344000148],[125.127502442000036,10.239439965000088],[125.127220154000156,10.239170075000175],[125.127441407000106,10.238949775000037],[125.124237061000031,10.238100053000096],[125.123893738000106,10.237070084000038],[125.123443604000158,10.234499932],[125.122070313000108,10.234290124000097],[125.120559692000143,10.235369682000055],[125.120506287000012,10.237259866000102],[125.117179871000303,10.239049912000098],[125.114906312000016,10.239910125000108],[125.11369323700012,10.239899635000143],[125.110237121000182,10.239439965000088],[125.109626770000204,10.243129731000067],[125.108413695000081,10.250340461000178]]]]}},
{"type":"Feature","properties":{"fid":338,"GID_3":"PHL.71.13.14_1","GID_0":"PHL","COUNTRY":"Philippines","GID_1":"PHL.71_1","NAME_1":"Southern Leyte","NL_NAME_1":"NA","GID_2":"PHL.71.13_1","NAME_2":"Saint Bernard","NL_NAME_2":"NA","NAME_3":"Kauswagan","VARNAME_3":"NA","NL_NAME_3":"NA","TYPE_3":"Barangay","ENGTYPE_3":"Village","CC_3":"NA","HASC_3":"NA"},"geometry":{"type":"MultiPolygon","coordinates":[[[[125.086036682000213,10.374859811000078],[125.111213684000063,10.375610350999978],[125.112319946000071,10.371640205000119],[125.112136842000041,10.370149613000081],[125.111076355000137,10.36754036100001],[125.110832214000084,10.365619661000096],[125.111618043000021,10.363530160000153],[125.088783265000188,10.361960412000087],[125.08659362800006,10.369890213000133],[125.086036682000213,10.374859811000078]]]]}},
{"type":"Feature","properties":{"fid":339,"GID_3":"PHL.71.13.15_1","GID_0":"PHL","COUNTRY":"Philippines","GID_1":"PHL.71_1","NAME_1":"Southern Leyte","NL_NAME_1":"NA","GID_2":"PHL.71.13_1","NAME_2":"Saint Bernard","NL_NAME_2":"NA","NAME_3":"Libas","VARNAME_3":"NA","NL_NAME_3":"NA","TYPE_3":"Barangay","ENGTYPE_3":"Village","CC_3":"NA","HASC_3":"NA"},"geometry":{"type":"MultiPolygon","coordinates":[[[[125.108428956000012,10.355349542000056],[125.109703063000211,10.355259895000188],[125.110702515000298,10.352399826000067],[125.115257263000217,10.349510193000185],[125.116600036000023,10.345939636000026],[125.110427857000104,10.343720437],[125.109519959000181,10.347490311],[125.108146668000131,10.350279809000085],[125.108428956000012,10.355349542000056]]]]}},
{"type":"Feature","properties":{"fid":340,"GID_3":"PHL.71.13.16_1","GID_0":"PHL","COUNTRY":"Philippines","GID_1":"PHL.71_1","NAME_1":"Southern Leyte","NL_NAME_1":"NA","GID_2":"PHL.71.13_1","NAME_2":"Saint Bernard","NL_NAME_2":"NA","NAME_3":"Lipanto","VARNAME_3":"NA","NL_NAME_3":"NA","TYPE_3":"Barangay","ENGTYPE_3":"Village","CC_3":"NA","HASC_3":"NA"},"geometry":{"type":"MultiPolygon","coordinates":[[[[125.128952027000196,10.200220108],[125.122222900000224,10.201049804000093],[125.120216370000094,10.201499940000019],[125.115989685000045,10.202699661000111],[125.114311219000115,10.21335983300014],[125.110237121000182,10.239439965000088],[125.11369323700012,10.239899635000143],[125.114906312000016,10.239910125000108],[125.117179871000303,10.239049912000098],[125.120506287000012,10.237259866000102],[125.120559692000143,10.235369682000055],[125.122070313000108,10.234290124000097],[125.123443604000158,10.234499932],[125.123893738000106,10.237070084000038],[125.124237061000031,10.238100053000096],[125.127441407000106,10.238949775000037],[125.127502442000036,10.238889695000069],[125.127220154000156,10.238610267000013],[125.127502442000036,10.23832988800018],[125.127502442000036,10.23805999800004],[125.127647399000239,10.237910271000032],[125.12777710000023,10.237779618000161],[125.12777710000023,10.237500192000084],[125.127647399000239,10.23736953800011],[125.127502442000036,10.237219811000102],[125.127502442000036,10.236390115000177],[125.127647399000239,10.236240388000169],[125.12777710000023,10.236109733999967],[125.12777710000023,10.235560417000102],[125.127647399000239,10.235440255000128],[125.127502442000036,10.235280038000099],[125.127502442000036,10.23499965700006],[125.127662659000066,10.23476028400006],[125.127861024000026,10.234450340000024],[125.127906799000016,10.233839988000113],[125.12799835300018,10.233289720000073],[125.128051758000083,10.232740402000104],[125.128059388000111,10.23217010500008],[125.128021241000056,10.231599808000055],[125.127868652000188,10.231049537000104],[125.12777710000023,10.230560302000185],[125.12777710000023,10.227660179000111],[125.12777710000023,10.227219583000078],[125.127868652000188,10.22712993600004],[125.128051758000083,10.226940155000079],[125.128051758000083,10.226389884000127],[125.12832641600005,10.226110458000051],[125.12832641600005,10.225279807],[125.128608704000158,10.225000381000143],[125.128608704000158,10.224439620000055],[125.128890992000038,10.224169732000064],[125.128890992000038,10.223609924000129],[125.12917327800028,10.223329543000091],[125.12917327800028,10.222499847000051],[125.129447938000112,10.222220420999975],[125.129447938000112,10.220829964000131],[125.129722596000079,10.220560074000048],[125.129722596000079,10.218609810000146],[125.129447938000112,10.218330384000126],[125.129447938000112,10.217780113000117],[125.12917327800028,10.217499733000011],[125.12917327800028,10.216110230000083],[125.128890992000038,10.215829849000045],[125.128890992000038,10.215559959000132],[125.12917327800028,10.215279579000025],[125.12917327800028,10.213890076000041],[125.128936767000027,10.213649750000059],[125.128890992000038,10.213330269000039],[125.128959655000131,10.213270187000035],[125.12917327800028,10.213060379000069],[125.12917327800028,10.211939811999969],[125.129447938000112,10.211669922000056],[125.129447938000112,10.211389541000187],[125.129722596000079,10.211110115000167],[125.129722596000079,10.210280419000071],[125.129997254000045,10.210000038000089],[125.130027771000073,10.209259987000053],[125.130203246000065,10.208660126000041],[125.130363464000197,10.208060265000086],[125.130569458000195,10.207480431000079],[125.130836486000021,10.206939698000156],[125.13111114600008,10.206669808000015],[125.13111114600008,10.206390382],[125.131393432000095,10.206110001000184],[125.131233215000066,10.20596027400012],[125.13111114600008,10.205829621000078],[125.13111114600008,10.205280305000088],[125.131942750000121,10.20444965400003],[125.132072449000134,10.204279900000188],[125.132347107000101,10.204090119],[125.133049012000015,10.20359039300007],[125.133468629000163,10.20289993300014],[125.133888244000104,10.202070237000044],[125.133888244000104,10.199410440000179],[125.132431030000021,10.199629785000127],[125.128952027000196,10.200220108]]]]}},
{"type":"Feature","properties":{"fid":341,"GID_3":"PHL.71.13.17_1","GID_0":"PHL","COUNTRY":"Philippines","GID_1":"PHL.71_1","NAME_1":"Southern Leyte","NL_NAME_1":"NA","GID_2":"PHL.71.13_1","NAME_2":"Saint Bernard","NL_NAME_2":"NA","NAME_3":"Magatas","VARNAME_3":"NA","NL_NAME_3":"NA","TYPE_3":"Barangay","ENGTYPE_3":"Village","CC_3":"NA","HASC_3":"NA"},"geometry":{"type":"MultiPolygon","coordinates":[[[[125.094482422000056,10.331310273000099],[125.092346192000036,10.342800141000055],[125.104316711000024,10.342189788000098],[125.110427857000104,10.343720437],[125.110023498000032,10.341950417000135],[125.110496520000083,10.33998012700016],[125.112739563000105,10.337739944000191],[125.115646362,10.334839821000116],[125.111892701000215,10.333700180000051],[125.10414123500027,10.331489564000094],[125.102043152000306,10.3308401110001],[125.094482422000056,10.331310273000099]]]]}},
{"type":"Feature","properties":{"fid":342,"GID_3":"PHL.71.13.18_1","GID_0":"PHL","COUNTRY":"Philippines","GID_1":"PHL.71_1","NAME_1":"Southern Leyte","NL_NAME_1":"NA","GID_2":"PHL.71.13_1","NAME_2":"Saint Bernard","NL_NAME_2":"NA","NAME_3":"Magbagacay","VARNAME_3":"NA","NL_NAME_3":"NA","TYPE_3":"Barangay","ENGTYPE_3":"Village","CC_3":"NA","HASC_3":"NA"},"geometry":{"type":"MultiPolygon","coordinates":[[[[125.159156800000119,10.266779899000028],[125.158332824000126,10.266949654000143],[125.15805816600016,10.267219544999989],[125.157501220000086,10.267219544999989],[125.157218932000205,10.267499923000116],[125.156936646000077,10.267499923000116],[125.156669616000045,10.267780304000098],[125.156112670000084,10.267780304000098],[125.155830384000069,10.268059731000051],[125.155563354000151,10.268059731000051],[125.155281066000043,10.268329622000124],[125.154998780000142,10.268329622000124],[125.154716492000034,10.26861],[125.154441834000068,10.26861],[125.154167174000122,10.268890381000062],[125.153892516000269,10.268890381000062],[125.153610230000027,10.269169808000186],[125.153343201000212,10.269169808000186],[125.153053284000066,10.269439697],[125.152778626000099,10.269439697],[125.152496338000219,10.269720077000102],[125.151756286000136,10.270319940000093],[125.15104675300006,10.271010400000023],[125.1503601080002,10.271570205999978],[125.149803162000126,10.272120477000158],[125.149246216000051,10.272399903000178],[125.14826965300017,10.273360253000021],[125.147163391000163,10.274049759999969],[125.147087097000053,10.274100305000161],[125.147346497000171,10.274290086000178],[125.148277283000084,10.275030136000112],[125.154342652000082,10.277339936000089],[125.15776062000009,10.277090072000021],[125.158996583000089,10.267780304000098],[125.159156800000119,10.266779899000028]]]]}},
{"type":"Feature","properties":{"fid":343,"GID_3":"PHL.71.13.19_1","GID_0":"PHL","COUNTRY":"Philippines","GID_1":"PHL.71_1","NAME_1":"Southern Leyte","NL_NAME_1":"NA","GID_2":"PHL.71.13_1","NAME_2":"Saint Bernard","NL_NAME_2":"NA","NAME_3":"Mahayag","VARNAME_3":"NA","NL_NAME_3":"NA","TYPE_3":"Barangay","ENGTYPE_3":"Village","CC_3":"NA","HASC_3":"NA"},"geometry":{"type":"MultiPolygon","coordinates":[[[[125.137260437,10.294810295000048],[125.138816833000192,10.297889710000049],[125.140449524000019,10.297949792000054],[125.145187378000173,10.299440385000025],[125.155769349000025,10.301130294000131],[125.157096864000209,10.293109893000064],[125.147178649000011,10.289429665000057],[125.144058228000176,10.288640023000085],[125.143608094000228,10.288519860000179],[125.139869689000079,10.287570001000176],[125.136863708000305,10.285730362000095],[125.134132385000044,10.290559769000083],[125.134956359000171,10.291290283000137],[125.136253357000214,10.29207038900006],[125.137260437,10.294810295000048]]]]}},
{"type":"Feature","properties":{"fid":344,"GID_3":"PHL.71.13.20_1","GID_0":"PHL","COUNTRY":"Philippines","GID_1":"PHL.71_1","NAME_1":"Southern Leyte","NL_NAME_1":"NA","GID_2":"PHL.71.13_1","NAME_2":"Saint Bernard","NL_NAME_2":"NA","NAME_3":"Mahayahay","VARNAME_3":"NA","NL_NAME_3":"NA","TYPE_3":"Barangay","ENGTYPE_3":"Village","CC_3":"NA","HASC_3":"NA"},"geometry":{"type":"MultiPolygon","coordinates":[[[[125.139869689000079,10.287570001000176],[125.136466980000023,10.278200149000099],[125.136657716000173,10.280010224000023],[125.134681701000204,10.281550409000033],[125.132049560000041,10.284199715],[125.131698609000068,10.287670136000031],[125.134132385000044,10.290559769000083],[125.136863708000305,10.285730362000095],[125.139869689000079,10.287570001000176]]]]}},
{"type":"Feature","properties":{"fid":345,"GID_3":"PHL.71.13.21_1","GID_0":"PHL","COUNTRY":"Philippines","GID_1":"PHL.71_1","NAME_1":"Southern Leyte","NL_NAME_1":"NA","GID_2":"PHL.71.13_1","NAME_2":"Saint Bernard","NL_NAME_2":"NA","NAME_3":"Malibago","VARNAME_3":"NA","NL_NAME_3":"NA","TYPE_3":"Barangay","ENGTYPE_3":"Village","CC_3":"NA","HASC_3":"NA"},"geometry":{"type":"MultiPolygon","coordinates":[[[[125.146003724000025,10.274809838000181],[125.146057129000042,10.275300026000025],[125.146278382000219,10.277999878000173],[125.147583008000083,10.280389787000104],[125.149902344000338,10.283410073000084],[125.149620056000117,10.285610199000189],[125.147903443000246,10.287570001000176],[125.147178649000011,10.289429665000057],[125.157096864000209,10.293109893000064],[125.15776062000009,10.277090072000021],[125.154342652000082,10.277339936000089],[125.148277283000084,10.275030136000112],[125.147346497000171,10.274290086000178],[125.147087097000053,10.274100305000161],[125.146003724000025,10.274809838000181]]]]}},
{"type":"Feature","properties":{"fid":346,"GID_3":"PHL.71.13.22_1","GID_0":"PHL","COUNTRY":"Philippines","GID_1":"PHL.71_1","NAME_1":"Southern Leyte","NL_NAME_1":"NA","GID_2":"PHL.71.13_1","NAME_2":"Saint Bernard","NL_NAME_2":"NA","NAME_3":"Malinao","VARNAME_3":"NA","NL_NAME_3":"NA","TYPE_3":"Barangay","ENGTYPE_3":"Village","CC_3":"NA","HASC_3":"NA"},"geometry":{"type":"MultiPolygon","coordinates":[[[[125.090057373000036,10.354720115000134],[125.088653564000197,10.35848045400013],[125.088783265000188,10.361960412000087],[125.111618043000021,10.363530160000153],[125.112220764000085,10.36120033300017],[125.111053466000158,10.359740258000102],[125.109191894000105,10.357230187000141],[125.108428956000012,10.355349542000056],[125.090057373000036,10.354720115000134]]]]}},
{"type":"Feature","properties":{"fid":347,"GID_3":"PHL.71.13.23_1","GID_0":"PHL","COUNTRY":"Philippines","GID_1":"PHL.71_1","NAME_1":"Southern Leyte","NL_NAME_1":"NA","GID_2":"PHL.71.13_1","NAME_2":"Saint Bernard","NL_NAME_2":"NA","NAME_3":"Nueva Esperanza","VARNAME_3":"Cabac-an","NL_NAME_3":"NA","TYPE_3":"Barangay","ENGTYPE_3":"Village","CC_3":"NA","HASC_3":"NA"},"geometry":{"type":"MultiPolygon","coordinates":[[[[125.102043152000306,10.289750100000163],[125.099441527000067,10.30037021600009],[125.098960877000081,10.30253982500011],[125.110328675000119,10.304639816000076],[125.112632751000092,10.305439948000185],[125.113891602000081,10.30424022700015],[125.114852905000021,10.302339553000081],[125.116333008000311,10.301469802000156],[125.11837005700022,10.300470353000151],[125.118392945000096,10.297699928000156],[125.120590211000035,10.296050070999968],[125.121192932000099,10.295310021000034],[125.121757508000087,10.292619705],[125.115318299000137,10.290309907000051],[125.102043152000306,10.289750100000163]]]]}},
{"type":"Feature","properties":{"fid":348,"GID_3":"PHL.71.13.24_1","GID_0":"PHL","COUNTRY":"Philippines","GID_1":"PHL.71_1","NAME_1":"Southern Leyte","NL_NAME_1":"NA","GID_2":"PHL.71.13_1","NAME_2":"Saint Bernard","NL_NAME_2":"NA","NAME_3":"Panian","VARNAME_3":"NA","NL_NAME_3":"NA","TYPE_3":"Barangay","ENGTYPE_3":"Village","CC_3":"NA","HASC_3":"NA"},"geometry":{"type":"MultiPolygon","coordinates":[[[[125.102218627000184,10.286399841000161],[125.102127075000112,10.288089753000179],[125.102119445000312,10.288279533999969],[125.102043152000306,10.289750100000163],[125.115318299000137,10.290309907000051],[125.121757508000087,10.292619705],[125.124687195000092,10.288979530000177],[125.125396728000055,10.286620141000071],[125.126052857000104,10.284219742000175],[125.128097535000052,10.280850411000188],[125.130523681000227,10.27900028200014],[125.132110596000189,10.27641010300016],[125.131439209000064,10.275739669000075],[125.131156921000184,10.274769784000057],[125.130836486000021,10.274439813000185],[125.130836486000021,10.273329736000107],[125.130546570000092,10.273059846000137],[125.130546570000092,10.272780418000139],[125.130279542000153,10.2725000370001],[125.130279542000153,10.271670341],[125.129997254000045,10.271389962000171],[125.129966735000153,10.271089554000184],[125.124931336000145,10.274439813000185],[125.123298645000318,10.274689675000104],[125.119377136000139,10.275710105000144],[125.114280700000108,10.275219917000072],[125.110450745000094,10.274220468000067],[125.104049683000198,10.271960259000025],[125.10343170200008,10.276849746000039],[125.102218627000184,10.286399841000161]]]]}},
{"type":"Feature","properties":{"fid":349,"GID_3":"PHL.71.13.25_1","GID_0":"PHL","COUNTRY":"Philippines","GID_1":"PHL.71_1","NAME_1":"Southern Leyte","NL_NAME_1":"NA","GID_2":"PHL.71.13_1","NAME_2":"Saint Bernard","NL_NAME_2":"NA","NAME_3":"San Isidro","VARNAME_3":"NA","NL_NAME_3":"NA","TYPE_3":"Barangay","ENGTYPE_3":"Village","CC_3":"NA","HASC_3":"NA"},"geometry":{"type":"MultiPolygon","coordinates":[[[[125.121757508000087,10.292619705],[125.123336792000032,10.29207992500011],[125.124023437000119,10.293319703],[125.123573303000171,10.295539857000051],[125.130363464000197,10.295780183000034],[125.137260437,10.294810295000048],[125.136253357000214,10.29207038900006],[125.134956359000171,10.291290283000137],[125.134132385000044,10.290559769000083],[125.131698609000068,10.287670136000031],[125.132049560000041,10.284199715],[125.134681701000204,10.281550409000033],[125.136657716000173,10.280010224000023],[125.136466980000023,10.278200149000099],[125.136322021000183,10.278229713000087],[125.135757446000071,10.277950288000113],[125.135200500000224,10.27754020600014],[125.134933473000046,10.277119636000123],[125.134086608000075,10.276849746000039],[125.132972718000019,10.276570320000189],[125.132110596000189,10.27641010300016],[125.130523681000227,10.27900028200014],[125.128097535000052,10.280850411000188],[125.126052857000104,10.284219742000175],[125.125396728000055,10.286620141000071],[125.124687195000092,10.288979530000177],[125.121757508000087,10.292619705]]]]}},
{"type":"Feature","properties":{"fid":350,"GID_3":"PHL.71.13.26_1","GID_0":"PHL","COUNTRY":"Philippines","GID_1":"PHL.71_1","NAME_1":"Southern Leyte","NL_NAME_1":"NA","GID_2":"PHL.71.13_1","NAME_2":"Saint Bernard","NL_NAME_2":"NA","NAME_3":"Santa Cruz","VARNAME_3":"NA","NL_NAME_3":"NA","TYPE_3":"Barangay","ENGTYPE_3":"Village","CC_3":"NA","HASC_3":"NA"},"geometry":{"type":"MultiPolygon","coordinates":[[[[125.129882813000108,10.372540475],[125.131858826000098,10.365710258000036],[125.111618043000021,10.363530160000153],[125.110832214000084,10.365619661000096],[125.111076355000137,10.36754036100001],[125.112136842000041,10.370149613000081],[125.112319946000071,10.371640205000119],[125.111213684000063,10.375610350999978],[125.127723695000213,10.376640320000035],[125.129882813000108,10.372540475]]]]}},
{"type":"Feature","properties":{"fid":351,"GID_3":"PHL.71.13.27_1","GID_0":"PHL","COUNTRY":"Philippines","GID_1":"PHL.71_1","NAME_1":"Southern Leyte","NL_NAME_1":"NA","GID_2":"PHL.71.13_1","NAME_2":"Saint Bernard","NL_NAME_2":"NA","NAME_3":"Sug-Angon","VARNAME_3":"NA","NL_NAME_3":"NA","TYPE_3":"Barangay","ENGTYPE_3":"Village","CC_3":"NA","HASC_3":"NA"},"geometry":{"type":"MultiPolygon","coordinates":[[[[125.095809937000013,10.319939613000031],[125.094757080000022,10.328109741000162],[125.094482422000056,10.331310273000099],[125.102043152000306,10.3308401110001],[125.10414123500027,10.331489564000094],[125.104583741000283,10.327460290000147],[125.107192993000012,10.326600075000101],[125.108413695000081,10.324489593000123],[125.108139037000115,10.322649957000124],[125.109207152000295,10.31964015900013],[125.108253480000258,10.317859650000173],[125.106597900000224,10.316280366000058],[125.104019164000078,10.314439775000096],[125.101287841000044,10.313639640000076],[125.09693908700001,10.311869622000188],[125.096397400000228,10.31544971500017],[125.095809937000013,10.319939613000031]]]]}},
{"type":"Feature","properties":{"fid":352,"GID_3":"PHL.71.13.28_1","GID_0":"PHL","COUNTRY":"Philippines","GID_1":"PHL.71_1","NAME_1":"Southern Leyte","NL_NAME_1":"NA","GID_2":"PHL.71.13_1","NAME_2":"Saint Bernard","NL_NAME_2":"NA","NAME_3":"Tabontabon","VARNAME_3":"NA","NL_NAME_3":"NA","TYPE_3":"Barangay","ENGTYPE_3":"Village","CC_3":"NA","HASC_3":"NA"},"geometry":{"type":"MultiPolygon","coordinates":[[[[125.150138855000137,10.32227993000015],[125.154830933000198,10.310020448000103],[125.155769349000025,10.301130294000131],[125.145187378000173,10.299440385000025],[125.140449524000019,10.297949792000054],[125.138816833000192,10.297889710000049],[125.138458253000181,10.299429894000127],[125.138366699000017,10.300180435000129],[125.137908935000041,10.300900460000094],[125.138389587,10.302669526000102],[125.139137267000024,10.303250313000092],[125.139953613000102,10.305279731000155],[125.140106200000218,10.308019639],[125.139976502000081,10.310210229000063],[125.139938355000027,10.312259675],[125.139770507000208,10.314889908000112],[125.14057922500001,10.3163795480001],[125.142967224000131,10.320699691000073],[125.150138855000137,10.32227993000015]]]]}},
{"type":"Feature","properties":{"fid":353,"GID_3":"PHL.71.13.29_1","GID_0":"PHL","COUNTRY":"Philippines","GID_1":"PHL.71_1","NAME_1":"Southern Leyte","NL_NAME_1":"NA","GID_2":"PHL.71.13_1","NAME_2":"Saint Bernard","NL_NAME_2":"NA","NAME_3":"Tambis I","VARNAME_3":"NA","NL_NAME_3":"NA","TYPE_3":"Barangay","ENGTYPE_3":"Village","CC_3":"NA","HASC_3":"NA"},"geometry":{"type":"MultiPolygon","coordinates":[[[[125.118751527000313,10.311389922000103],[125.117416382000101,10.31398963900017],[125.116096497000058,10.315839768000046],[125.120780945000206,10.317139626000085],[125.123153686000137,10.318229675000168],[125.124847413000225,10.318909645000076],[125.126441955000018,10.318679809000116],[125.130287170000088,10.31972026800014],[125.133171082000104,10.320529938000163],[125.136619567000139,10.320910453000067],[125.14077758700023,10.320659637000119],[125.142967224000131,10.320699691000073],[125.14057922500001,10.3163795480001],[125.139770507000208,10.314889908000112],[125.118751527000313,10.311389922000103]]]]}},
{"type":"Feature","properties":{"fid":354,"GID_3":"PHL.71.13.30_1","GID_0":"PHL","COUNTRY":"Philippines","GID_1":"PHL.71_1","NAME_1":"Southern Leyte","NL_NAME_1":"NA","GID_2":"PHL.71.13_1","NAME_2":"Saint Bernard","NL_NAME_2":"NA","NAME_3":"Tambis II","VARNAME_3":"NA","NL_NAME_3":"NA","TYPE_3":"Barangay","ENGTYPE_3":"Village","CC_3":"NA","HASC_3":"NA"},"geometry":{"type":"MultiPolygon","coordinates":[[[[125.118736266000042,10.302240371000039],[125.118431092000037,10.307239533000143],[125.118621826000208,10.308870315999968],[125.118751527000313,10.311389922000103],[125.139770507000208,10.314889908000112],[125.139938355000027,10.312259675],[125.139976502000081,10.310210229000063],[125.140106200000218,10.308019639],[125.139953613000102,10.305279731000155],[125.139137267000024,10.303250313000092],[125.138389587,10.302669526000102],[125.137908935000041,10.300900460000094],[125.135650634000172,10.302659988000016],[125.13440704300001,10.30385971200019],[125.133392333000074,10.30473995300008],[125.118736266000042,10.302240371000039]]]]}},
{"type":"Feature","properties":{"fid":355,"GID_3":"PHL.71.14.1_1","GID_0":"PHL","COUNTRY":"Philippines","GID_1":"PHL.71_1","NAME_1":"Southern Leyte","NL_NAME_1":"NA","GID_2":"PHL.71.14_1","NAME_2":"San Francisco","NL_NAME_2":"NA","NAME_3":"Anislagon","VARNAME_3":"NA","NL_NAME_3":"NA","TYPE_3":"Barangay","ENGTYPE_3":"Village","CC_3":"NA","HASC_3":"NA"},"geometry":{"type":"MultiPolygon","coordinates":[[[[125.118606568000132,10.135330200000055],[125.119049073000042,10.135219574000132],[125.12513732900004,10.133740425000042],[125.128303527000185,10.132300377000092],[125.130653382000219,10.130430222000143],[125.133216857000093,10.127209664000134],[125.124237061000031,10.123040199],[125.122459411000023,10.117480278000187],[125.120498657000098,10.113610267000126],[125.117233276000206,10.110449791000121],[125.117233276000206,10.110560417000045],[125.117027284000073,10.110750198],[125.11694336000005,10.110830307000185],[125.11694336000005,10.111470222000094],[125.116912841000044,10.111689567000042],[125.116668702000197,10.111940384000093],[125.116668702000197,10.112779618000047],[125.11638641400009,10.113059997999983],[125.11638641400009,10.11499977200009],[125.116401672000165,10.11563014900014],[125.116493226000102,10.116169929000023],[125.116622925000229,10.116680146000022],[125.116661072000284,10.117190362000144],[125.116668702000197,10.117690086000096],[125.116699218000235,10.118180275999975],[125.116821289000086,10.118639945000098],[125.116920471000185,10.119099617000131],[125.11694336000005,10.11956977900013],[125.11694336000005,10.120039940000026],[125.116950988000099,10.120519638000133],[125.116996765000067,10.120989800000132],[125.117187501000103,10.121430398000143],[125.117286683000088,10.12193966000018],[125.117500306000125,10.122409821000076],[125.117721559000188,10.122909545000027],[125.117767334000177,10.123330117000023],[125.118057252000199,10.123609543000043],[125.117767334000177,10.123889922999979],[125.117767334000177,10.124170304000188],[125.117500306000125,10.124440194000158],[125.117500306000125,10.125000000000114],[125.117233276000206,10.125280381000096],[125.117233276000206,10.128890038000065],[125.117500306000125,10.129170418000172],[125.117500306000125,10.132780075000142],[125.117767334000177,10.13306045600018],[125.117767334000177,10.13360977200017],[125.118057252000199,10.133890152000049],[125.118057252000199,10.134169578000126],[125.118331910000165,10.134440423000058],[125.118331910000165,10.135000229000184],[125.118606568000132,10.135330200000055]]]]}},
{"type":"Feature","properties":{"fid":356,"GID_3":"PHL.71.14.2_1","GID_0":"PHL","COUNTRY":"Philippines","GID_1":"PHL.71_1","NAME_1":"Southern Leyte","NL_NAME_1":"NA","GID_2":"PHL.71.14_1","NAME_2":"San Francisco","NL_NAME_2":"NA","NAME_3":"Bongawisan","VARNAME_3":"NA","NL_NAME_3":"NA","TYPE_3":"Barangay","ENGTYPE_3":"Village","CC_3":"NA","HASC_3":"NA"},"geometry":{"type":"MultiPolygon","coordinates":[[[[125.17870330900007,10.086460114000033],[125.181259156000124,10.082539558000178],[125.175621032000095,10.072409631000028],[125.168777466000165,10.077269554000054],[125.164962768,10.079799652000133],[125.161827088000109,10.081879615],[125.156120301000101,10.084959984000079],[125.153343201000212,10.088359833000084],[125.165229797000165,10.099089624000158],[125.173301696000181,10.090809823000143],[125.17870330900007,10.086460114000033]]]]}},
{"type":"Feature","properties":{"fid":357,"GID_3":"PHL.71.14.3_1","GID_0":"PHL","COUNTRY":"Philippines","GID_1":"PHL.71_1","NAME_1":"Southern Leyte","NL_NAME_1":"NA","GID_2":"PHL.71.14_1","NAME_2":"San Francisco","NL_NAME_2":"NA","NAME_3":"Bongbong","VARNAME_3":"NA","NL_NAME_3":"NA","TYPE_3":"Barangay","ENGTYPE_3":"Village","CC_3":"NA","HASC_3":"NA"},"geometry":{"type":"MultiPolygon","coordinates":[[[[125.153808595000214,10.107839584000089],[125.156608581000228,10.107290268000099],[125.147956848000149,10.0976295480001],[125.140769959000295,10.091039657000124],[125.135337829000264,10.092080116000147],[125.146278382000219,10.10042953400017],[125.153808595000214,10.107839584000089]]]]}},
{"type":"Feature","properties":{"fid":358,"GID_3":"PHL.71.14.4_1","GID_0":"PHL","COUNTRY":"Philippines","GID_1":"PHL.71_1","NAME_1":"Southern Leyte","NL_NAME_1":"NA","GID_2":"PHL.71.14_1","NAME_2":"San Francisco","NL_NAME_2":"NA","NAME_3":"Cahayag","VARNAME_3":"NA","NL_NAME_3":"NA","TYPE_3":"Barangay","ENGTYPE_3":"Village","CC_3":"NA","HASC_3":"NA"},"geometry":{"type":"MultiPolygon","coordinates":[[[[125.135276794000106,10.066379548000157],[125.135276794000106,10.066670417000125],[125.135139465000066,10.066809654000053],[125.135002136000139,10.066940307000095],[125.135002136000139,10.067219735000151],[125.135002136000139,10.067500114000154],[125.134857177000072,10.067629815000146],[125.134719848000032,10.067779541999982],[125.134727478000173,10.068059922000089],[125.134452820000092,10.068329812000059],[125.134452820000092,10.068610191000062],[125.134162902000298,10.068889619000117],[125.134162902000298,10.069169999],[125.133888244000104,10.069439887000158],[125.133888244000104,10.069720267999969],[125.133613586000024,10.069999696000025],[125.133613586000024,10.070280076000131],[125.133537292000028,10.070349694000186],[125.132766724000248,10.071109773000103],[125.132766724000248,10.071390153000038],[125.132469177000075,10.071700096000029],[125.132553101000099,10.07199001400005],[125.135093688000097,10.080220222000094],[125.137306214000319,10.083889962000171],[125.140083314000094,10.085229874],[125.144416810000166,10.081560135000075],[125.141166687000123,10.074179649000087],[125.13845062300004,10.069860459000154],[125.135353088000215,10.066169739000088],[125.135276794000106,10.066379548000157]]]]}},
{"type":"Feature","properties":{"fid":359,"GID_3":"PHL.71.14.5_1","GID_0":"PHL","COUNTRY":"Philippines","GID_1":"PHL.71_1","NAME_1":"Southern Leyte","NL_NAME_1":"NA","GID_2":"PHL.71.14_1","NAME_2":"San Francisco","NL_NAME_2":"NA","NAME_3":"Causi","VARNAME_3":"NA","NL_NAME_3":"NA","TYPE_3":"Barangay","ENGTYPE_3":"Village","CC_3":"NA","HASC_3":"NA"},"geometry":{"type":"MultiPolygon","coordinates":[[[[125.210418700000105,10.018899918999978],[125.207229613000095,10.016539573000102],[125.203346253000177,10.00918960600012],[125.200683594000225,10.008966446000102],[125.200653077000084,10.00917625500017],[125.200576781000336,10.009469987000102],[125.200546265000298,10.009799957000041],[125.20050048800033,10.010450363000075],[125.200279235000039,10.01105022400003],[125.200057984000182,10.011650086000088],[125.199913025000114,10.012260438000169],[125.199638367000148,10.01274967300003],[125.199440003000063,10.013010025000085],[125.199317932000213,10.013179778],[125.19893646200012,10.013540267999986],[125.198516845000086,10.013839722000114],[125.198051453000289,10.014100074000112],[125.197608947000276,10.014389992000133],[125.197380066000051,10.014880180000034],[125.197059631000116,10.015270234000127],[125.196701050000229,10.015640259000122],[125.196357726000087,10.0160198210001],[125.195999145000087,10.016380311000091],[125.19555664100028,10.016670227000077],[125.193046571000082,10.019169809000118],[125.193046571000082,10.019439697000053],[125.191947937000123,10.020560264000153],[125.191947937000123,10.020830154000123],[125.191390991000048,10.021389961000125],[125.191390991000048,10.02167034100006],[125.190826417000039,10.022219659000029],[125.190826417000039,10.022500038000089],[125.190551759000073,10.022780417999968],[125.190551759000073,10.02291011900013],[125.190551759000073,10.023329734000129],[125.190277099000127,10.023610115000167],[125.190277099000127,10.025830268999982],[125.190002441000274,10.026109696000105],[125.190002441000274,10.026670456000147],[125.190551759000073,10.02721977300007],[125.190551759000073,10.029170037000142],[125.190277099000127,10.029439927000055],[125.190231324000138,10.030599594000023],[125.19571685800031,10.033329965000064],[125.198013306000121,10.03532981900014],[125.198127747000058,10.035429955999973],[125.20056915300006,10.037570001000063],[125.210418700000105,10.018899918999978]]]]}},
{"type":"Feature","properties":{"fid":360,"GID_3":"PHL.71.14.6_1","GID_0":"PHL","COUNTRY":"Philippines","GID_1":"PHL.71_1","NAME_1":"Southern Leyte","NL_NAME_1":"NA","GID_2":"PHL.71.14_1","NAME_2":"San Francisco","NL_NAME_2":"NA","NAME_3":"Central","VARNAME_3":"Poblacion","NL_NAME_3":"NA","TYPE_3":"Barangay","ENGTYPE_3":"Village","CC_3":"NA","HASC_3":"NA"},"geometry":{"type":"MultiPolygon","coordinates":[[[[125.149978638000107,10.058609962000162],[125.14749908400006,10.058609962000162],[125.147369385000161,10.058480262999979],[125.146942138000213,10.058059693000189],[125.146392822000053,10.058059693000189],[125.146110534000172,10.058329582000056],[125.144721984000171,10.058349610000107],[125.144447326000204,10.058059693000189],[125.143333434000056,10.058059693000189],[125.143203735000043,10.058190345000185],[125.143577575000108,10.058159828000043],[125.146186828000054,10.067259790000151],[125.145866395000098,10.070989609000094],[125.154716492000034,10.075409889000127],[125.157012940000186,10.068960190000155],[125.153541565000069,10.064499855000122],[125.149978638000107,10.058609962000162]]]]}},
{"type":"Feature","properties":{"fid":361,"GID_3":"PHL.71.14.7_1","GID_0":"PHL","COUNTRY":"Philippines","GID_1":"PHL.71_1","NAME_1":"Southern Leyte","NL_NAME_1":"NA","GID_2":"PHL.71.14_1","NAME_2":"San Francisco","NL_NAME_2":"NA","NAME_3":"Dakit","VARNAME_3":"Poblacion","NL_NAME_3":"NA","TYPE_3":"Barangay","ENGTYPE_3":"Village","CC_3":"NA","HASC_3":"NA"},"geometry":{"type":"MultiPolygon","coordinates":[[[[125.149978638000107,10.058609962000162],[125.153541565000069,10.064499855000122],[125.157012940000186,10.068960190000155],[125.160659791000057,10.065449715000057],[125.162216186000137,10.061140061000174],[125.164047242000038,10.057800294000117],[125.165023803000167,10.053919792000045],[125.162483216000169,10.052220345000023],[125.162216186000137,10.052220345000023],[125.161941528000284,10.052499771000043],[125.161849976000212,10.052410126000041],[125.16166687000009,10.052220345000023],[125.16139221200001,10.052220345000023],[125.160408019000329,10.053210259000025],[125.160278320000202,10.053330422000158],[125.160179138000103,10.053330422000158],[125.160003662,10.053330422000158],[125.159782410000162,10.05354976700005],[125.159446716000275,10.053890228000114],[125.159149170000205,10.053910257000041],[125.158889770000201,10.054169654000134],[125.158683776000089,10.054169654000134],[125.158607482000093,10.054169654000134],[125.158523560000276,10.054249763000087],[125.158332824000126,10.054439544000047],[125.15818023700001,10.054439544000047],[125.15805816600016,10.054439544000047],[125.15791320700032,10.05459976200018],[125.157501220000086,10.055000305000021],[125.157218932000205,10.055000305000021],[125.156387328000278,10.055830002],[125.156112670000084,10.055830002],[125.155830384000069,10.056110382000099],[125.155563354000151,10.056110382000099],[125.155281066000043,10.05638980800012],[125.153892516000269,10.05638980800012],[125.153053284000066,10.057220459],[125.152496338000219,10.057220459],[125.152221680000025,10.057499885000084],[125.151947022000058,10.057499885000084],[125.151657104000037,10.057780266000066],[125.151390076000212,10.057780266000066],[125.151107788000104,10.058059693000189],[125.150833130000137,10.058059693000189],[125.15028381400009,10.058609962000162],[125.149978638000107,10.058609962000162]]]]}},
{"type":"Feature","properties":{"fid":362,"GID_3":"PHL.71.14.8_1","GID_0":"PHL","COUNTRY":"Philippines","GID_1":"PHL.71_1","NAME_1":"Southern Leyte","NL_NAME_1":"NA","GID_2":"PHL.71.14_1","NAME_2":"San Francisco","NL_NAME_2":"NA","NAME_3":"Gabi","VARNAME_3":"NA","NL_NAME_3":"NA","TYPE_3":"Barangay","ENGTYPE_3":"Village","CC_3":"NA","HASC_3":"NA"},"geometry":{"type":"MultiPolygon","coordinates":[[[[125.153343201000212,10.088359833000084],[125.156120301000101,10.084959984000079],[125.161827088000109,10.081879615],[125.154716492000034,10.075409889000127],[125.145866395000098,10.070989609000094],[125.144920348000028,10.070509910000112],[125.144790650000346,10.07044982900004],[125.14359283400006,10.069840431000046],[125.13845062300004,10.069860459000154],[125.141166687000123,10.074179649000087],[125.144416810000166,10.081560135000075],[125.153343201000212,10.088359833000084]]]]}},
{"type":"Feature","properties":{"fid":363,"GID_3":"PHL.71.14.9_1","GID_0":"PHL","COUNTRY":"Philippines","GID_1":"PHL.71_1","NAME_1":"Southern Leyte","NL_NAME_1":"NA","GID_2":"PHL.71.14_1","NAME_2":"San Francisco","NL_NAME_2":"NA","NAME_3":"Habay","VARNAME_3":"NA","NL_NAME_3":"NA","TYPE_3":"Barangay","ENGTYPE_3":"Village","CC_3":"NA","HASC_3":"NA"},"geometry":{"type":"MultiPolygon","coordinates":[[[[125.161186218000012,10.10029983600009],[125.165229797000165,10.099089624000158],[125.153343201000212,10.088359833000084],[125.144416810000166,10.081560135000075],[125.140083314000094,10.085229874],[125.146980285000041,10.089699746],[125.161186218000012,10.10029983600009]]]]}},
{"type":"Feature","properties":{"fid":364,"GID_3":"PHL.71.14.10_1","GID_0":"PHL","COUNTRY":"Philippines","GID_1":"PHL.71_1","NAME_1":"Southern Leyte","NL_NAME_1":"NA","GID_2":"PHL.71.14_1","NAME_2":"San Francisco","NL_NAME_2":"NA","NAME_3":"Malico","VARNAME_3":"NA","NL_NAME_3":"NA","TYPE_3":"Barangay","ENGTYPE_3":"Village","CC_3":"NA","HASC_3":"NA"},"geometry":{"type":"MultiPolygon","coordinates":[[[[125.208312989000092,10.058199883000043],[125.218383788000097,10.049599647000093],[125.217521668000018,10.02361965200015],[125.210418700000105,10.018899918999978],[125.20056915300006,10.037570001000063],[125.195549011000026,10.048190116000058],[125.208312989000092,10.058199883000043]]]]}},
{"type":"Feature","properties":{"fid":365,"GID_3":"PHL.71.14.11_1","GID_0":"PHL","COUNTRY":"Philippines","GID_1":"PHL.71_1","NAME_1":"Southern Leyte","NL_NAME_1":"NA","GID_2":"PHL.71.14_1","NAME_2":"San Francisco","NL_NAME_2":"NA","NAME_3":"Marayag","VARNAME_3":"NA","NL_NAME_3":"NA","TYPE_3":"Barangay","ENGTYPE_3":"Village","CC_3":"NA","HASC_3":"NA"},"geometry":{"type":"MultiPolygon","coordinates":[[[[125.20056915300006,10.037570001000063],[125.198127747000058,10.035429955999973],[125.198013306000121,10.03532981900014],[125.19571685800031,10.033329965000064],[125.190231324000138,10.030599594000023],[125.190002441000274,10.030830383000023],[125.190002441000274,10.031390191000128],[125.189720155000032,10.031669616999977],[125.189720155000032,10.031940460000101],[125.189453125000114,10.032219888000157],[125.189453125000114,10.032500266000056],[125.189033508000307,10.032919883000034],[125.188667298000041,10.03334045500003],[125.188346863000106,10.033749580000062],[125.188056945000085,10.03415966100016],[125.187767029000042,10.034549713999979],[125.187500001000217,10.034939766000093],[125.187232971000071,10.03532981900014],[125.186943055000143,10.035719872000186],[125.186668397000062,10.036149979000129],[125.186408997000171,10.036620139000149],[125.186157226000205,10.037139893000187],[125.185836793000021,10.037619591000066],[125.185478211000031,10.038109779000138],[125.185058594000225,10.03857040500003],[125.184669494000218,10.039059639000186],[125.184249879000049,10.039509774000066],[125.195549011000026,10.048190116000058],[125.20056915300006,10.037570001000063]]]]}},
{"type":"Feature","properties":{"fid":366,"GID_3":"PHL.71.14.12_1","GID_0":"PHL","COUNTRY":"Philippines","GID_1":"PHL.71_1","NAME_1":"Southern Leyte","NL_NAME_1":"NA","GID_2":"PHL.71.14_1","NAME_2":"San Francisco","NL_NAME_2":"NA","NAME_3":"Napantao","VARNAME_3":"NA","NL_NAME_3":"NA","TYPE_3":"Barangay","ENGTYPE_3":"Village","CC_3":"NA","HASC_3":"NA"},"geometry":{"type":"MultiPolygon","coordinates":[[[[125.137306214000319,10.083889962000171],[125.135093688000097,10.080220222000094],[125.132553101000099,10.07199001400005],[125.132469177000075,10.071700096000029],[125.132217408000088,10.071940422000182],[125.132217408000088,10.07221985000001],[125.131942750000121,10.072500228000138],[125.131942750000121,10.073060036000072],[125.131668090000289,10.073329927000145],[125.131668090000289,10.073610305000045],[125.131393432000095,10.073889733000101],[125.131393432000095,10.074170113000037],[125.130836486000021,10.07472038200018],[125.130836486000021,10.074999810000179],[125.129997254000045,10.075830459000088],[125.129997254000045,10.076109887000086],[125.129447938000112,10.076669693000042],[125.129447938000112,10.076939583000183],[125.128608704000158,10.077779770000177],[125.128608704000158,10.078060150999988],[125.12832641600005,10.078330041000129],[125.12832641600005,10.078610419000086],[125.127937317000033,10.07909965500005],[125.127571105000015,10.079540253000062],[125.12722778400007,10.080030441000133],[125.126876830000015,10.080519676000051],[125.126716613000326,10.08071994800008],[125.126960754000038,10.081800461000057],[125.128768921000187,10.091979981000122],[125.129402161000144,10.095159530000046],[125.135337829000264,10.092080116000147],[125.137306214000319,10.083889962000171]]]]}},
{"type":"Feature","properties":{"fid":367,"GID_3":"PHL.71.14.13_1","GID_0":"PHL","COUNTRY":"Philippines","GID_1":"PHL.71_1","NAME_1":"Southern Leyte","NL_NAME_1":"NA","GID_2":"PHL.71.14_1","NAME_2":"San Francisco","NL_NAME_2":"NA","NAME_3":"Pasanon","VARNAME_3":"NA","NL_NAME_3":"NA","TYPE_3":"Barangay","ENGTYPE_3":"Village","CC_3":"NA","HASC_3":"NA"},"geometry":{"type":"MultiPolygon","coordinates":[[[[125.140823364000198,10.106499671000165],[125.141273498000146,10.101119996000079],[125.129402161000144,10.095159530000046],[125.129371642000024,10.096179962000065],[125.129371642000024,10.096300126000074],[125.129333496000072,10.0976295480001],[125.1296997070001,10.098620414000038],[125.130233765000185,10.100099564000061],[125.140823364000198,10.106499671000165]]]]}},
{"type":"Feature","properties":{"fid":368,"GID_3":"PHL.71.14.14_1","GID_0":"PHL","COUNTRY":"Philippines","GID_1":"PHL.71_1","NAME_1":"Southern Leyte","NL_NAME_1":"NA","GID_2":"PHL.71.14_1","NAME_2":"San Francisco","NL_NAME_2":"NA","NAME_3":"Pinamudlan","VARNAME_3":"NA","NL_NAME_3":"NA","TYPE_3":"Barangay","ENGTYPE_3":"Village","CC_3":"NA","HASC_3":"NA"},"geometry":{"type":"MultiPolygon","coordinates":[[[[125.205436707000104,10.061409951000087],[125.207061768000017,10.059590340000113],[125.208312989000092,10.058199883000043],[125.195549011000026,10.048190116000058],[125.184249879000049,10.039509774000066],[125.183883667000259,10.039990425000099],[125.183471680000025,10.040410042000133],[125.183067321000067,10.040809631000059],[125.182701111000142,10.041190148000169],[125.182327271000077,10.041560173000164],[125.181976317000021,10.041919708000137],[125.181617738000114,10.04226017100018],[125.181213379000155,10.04253959700003],[125.180831909000176,10.042849541000066],[125.180442810000045,10.043149948000121],[125.17996215800008,10.043379783000091],[125.179489136000029,10.04362011000012],[125.179023744000233,10.04389],[125.178710937000233,10.04405021700012],[125.186653137000121,10.051420211999982],[125.198829652000086,10.066889763000177],[125.205436707000104,10.061409951000087]]]]}},
{"type":"Feature","properties":{"fid":369,"GID_3":"PHL.71.14.15_1","GID_0":"PHL","COUNTRY":"Philippines","GID_1":"PHL.71_1","NAME_1":"Southern Leyte","NL_NAME_1":"NA","GID_2":"PHL.71.14_1","NAME_2":"San Francisco","NL_NAME_2":"NA","NAME_3":"Punta","VARNAME_3":"NA","NL_NAME_3":"NA","TYPE_3":"Barangay","ENGTYPE_3":"Village","CC_3":"NA","HASC_3":"NA"},"geometry":{"type":"MultiPolygon","coordinates":[[[[125.161827088000109,10.081879615],[125.164962768,10.079799652000133],[125.168777466000165,10.077269554000054],[125.175621032000095,10.072409631000028],[125.174308778000068,10.066789628000151],[125.173179627000081,10.061969757000043],[125.172439575000226,10.057740211000066],[125.171730042000036,10.048110008000037],[125.171501159000172,10.048219680000045],[125.170967101000201,10.048480035000182],[125.170410155000127,10.048720361000164],[125.16986847000021,10.048839569000108],[125.169746399000132,10.04885959700016],[125.169021607000218,10.048930168000027],[125.168266297000059,10.04911995000009],[125.167503357000101,10.049229622000098],[125.166893005000134,10.049530029000039],[125.166397095000093,10.049949646000186],[125.165992736000135,10.050189972000169],[125.165863037000122,10.050270081000122],[125.165321349000124,10.050559997000164],[125.164802552000083,10.050809861000062],[125.164169312000013,10.051110268000116],[125.163887024000019,10.051110268000116],[125.163612366000166,10.051389694000136],[125.163330078000058,10.051389694000136],[125.16317749100017,10.051540376000162],[125.162483216000169,10.052220345000023],[125.165023803000167,10.053919792000045],[125.164047242000038,10.057800294000117],[125.162216186000137,10.061140061000174],[125.160659791000057,10.065449715000057],[125.157012940000186,10.068960190000155],[125.154716492000034,10.075409889000127],[125.161827088000109,10.081879615]]]]}},
{"type":"Feature","properties":{"fid":370,"GID_3":"PHL.71.14.16_1","GID_0":"PHL","COUNTRY":"Philippines","GID_1":"PHL.71_1","NAME_1":"Southern Leyte","NL_NAME_1":"NA","GID_2":"PHL.71.14_1","NAME_2":"San Francisco","NL_NAME_2":"NA","NAME_3":"Santa Cruz","VARNAME_3":"NA","NL_NAME_3":"NA","TYPE_3":"Barangay","ENGTYPE_3":"Village","CC_3":"NA","HASC_3":"NA"},"geometry":{"type":"MultiPolygon","coordinates":[[[[125.149696350000227,10.112019540000063],[125.153808595000214,10.107839584000089],[125.146278382000219,10.10042953400017],[125.135337829000264,10.092080116000147],[125.129402161000144,10.095159530000046],[125.141273498000146,10.101119996000079],[125.140823364000198,10.106499671000165],[125.149696350000227,10.112019540000063]]]]}},
{"type":"Feature","properties":{"fid":371,"GID_3":"PHL.71.14.17_1","GID_0":"PHL","COUNTRY":"Philippines","GID_1":"PHL.71_1","NAME_1":"Southern Leyte","NL_NAME_1":"NA","GID_2":"PHL.71.14_1","NAME_2":"San Francisco","NL_NAME_2":"NA","NAME_3":"Santa Paz Norte","VARNAME_3":"NA","NL_NAME_3":"NA","TYPE_3":"Barangay","ENGTYPE_3":"Village","CC_3":"NA","HASC_3":"NA"},"geometry":{"type":"MultiPolygon","coordinates":[[[[125.133216857000093,10.127209664000134],[125.140136719000111,10.122380258000021],[125.140136719000111,10.121150017000105],[125.132392884000069,10.116239548000181],[125.127548217000026,10.111849784000071],[125.119110107000324,10.103400231000023],[125.118659973000035,10.102742195000133],[125.118331910000165,10.103059770000186],[125.118331910000165,10.103610038000056],[125.118057252000199,10.103890419000095],[125.118057252000199,10.104439735000028],[125.117767334000177,10.104720114999964],[125.117767334000177,10.1063899990001],[125.117500306000125,10.106670379000036],[125.117500306000125,10.107780456000171],[125.117500306000125,10.10805988400017],[125.117416382000101,10.108139993000123],[125.117233276000206,10.10832977400014],[125.117233276000206,10.109379769000043],[125.117233276000206,10.110449791000121],[125.120498657000098,10.113610267000126],[125.122459411000023,10.117480278000187],[125.124237061000031,10.123040199],[125.133216857000093,10.127209664000134]]]]}},
{"type":"Feature","properties":{"fid":372,"GID_3":"PHL.71.14.18_1","GID_0":"PHL","COUNTRY":"Philippines","GID_1":"PHL.71_1","NAME_1":"Southern Leyte","NL_NAME_1":"NA","GID_2":"PHL.71.14_1","NAME_2":"San Francisco","NL_NAME_2":"NA","NAME_3":"Santa Paz Sur","VARNAME_3":"NA","NL_NAME_3":"NA","TYPE_3":"Barangay","ENGTYPE_3":"Village","CC_3":"NA","HASC_3":"NA"},"geometry":{"type":"MultiPolygon","coordinates":[[[[125.129402161000144,10.095159530000046],[125.128768921000187,10.091979981000122],[125.126960754000038,10.081800461000057],[125.126716613000326,10.08071994800008],[125.12651062000009,10.08098983800005],[125.126136780000024,10.081480026000065],[125.125770569000224,10.081979752000052],[125.125343323000038,10.082420350000064],[125.124893188000215,10.082819939],[125.124526978000063,10.083299637000096],[125.124366760000157,10.083930016000124],[125.124191284000062,10.084560395000153],[125.12403869700006,10.085169792000045],[125.123786926000093,10.085680008000111],[125.123580933000085,10.086210250000136],[125.123359680000135,10.086739540000053],[125.123336792000032,10.087220193000121],[125.123046876000217,10.087499618000038],[125.123046876000217,10.088060379000183],[125.123611450000226,10.088649750000172],[125.123611450000226,10.088890075999984],[125.123893738000106,10.08917045600009],[125.123893738000106,10.089440347000163],[125.124168396000073,10.08971977200008],[125.124168396000073,10.090000153000119],[125.124443054000039,10.090279579000139],[125.124443054000039,10.091589928000076],[125.124443054000039,10.091699600000084],[125.124443054000039,10.092220307000105],[125.124168396000073,10.092499733000125],[125.124168396000073,10.09305953900008],[125.123748779000039,10.093480111000076],[125.123336792000032,10.093890189999968],[125.123046876000217,10.093890189999968],[125.12194824200003,10.095000267000103],[125.12194824200003,10.095279693000123],[125.121673584000064,10.095560074000161],[125.121673584000064,10.095829964000075],[125.121391296000184,10.096110344000181],[125.121391296000184,10.096670151000069],[125.120826722000174,10.097220421000088],[125.120826722000174,10.097499847000165],[125.120552064000208,10.097780228000147],[125.120552064000208,10.0980596550001],[125.120002746000068,10.098609924000073],[125.120002746000068,10.098890305000054],[125.119163514000206,10.099720001000151],[125.119163514000206,10.100279807000106],[125.118888856000012,10.100560188000145],[125.119163514000206,10.100830078000058],[125.119163514000206,10.101389884000014],[125.118888856000012,10.101670265000052],[125.118888856000012,10.102219583000021],[125.118606568000132,10.102499961000149],[125.118606568000132,10.102660179000054],[125.118659973000035,10.102742195000133],[125.119110107000324,10.103400231000023],[125.127548217000026,10.111849784000071],[125.127983092000022,10.110050202000025],[125.129142761000026,10.105159761000095],[125.130233765000185,10.100099564000061],[125.1296997070001,10.098620414000038],[125.129333496000072,10.0976295480001],[125.129371642000024,10.096300126000074],[125.129371642000024,10.096179962000065],[125.129402161000144,10.095159530000046]]]]}},
{"type":"Feature","properties":{"fid":373,"GID_3":"PHL.71.14.19_1","GID_0":"PHL","COUNTRY":"Philippines","GID_1":"PHL.71_1","NAME_1":"Southern Leyte","NL_NAME_1":"NA","GID_2":"PHL.71.14_1","NAME_2":"San Francisco","NL_NAME_2":"NA","NAME_3":"Sudmon","VARNAME_3":"NA","NL_NAME_3":"NA","TYPE_3":"Barangay","ENGTYPE_3":"Village","CC_3":"NA","HASC_3":"NA"},"geometry":{"type":"MultiPolygon","coordinates":[[[[125.140136719000111,10.121150017000105],[125.149696350000227,10.112019540000063],[125.140823364000198,10.106499671000165],[125.130233765000185,10.100099564000061],[125.129142761000026,10.105159761000095],[125.127983092000022,10.110050202000025],[125.127548217000026,10.111849784000071],[125.132392884000069,10.116239548000181],[125.140136719000111,10.121150017000105]]]]}},
{"type":"Feature","properties":{"fid":374,"GID_3":"PHL.71.14.20_1","GID_0":"PHL","COUNTRY":"Philippines","GID_1":"PHL.71_1","NAME_1":"Southern Leyte","NL_NAME_1":"NA","GID_2":"PHL.71.14_1","NAME_2":"San Francisco","NL_NAME_2":"NA","NAME_3":"Tinaan","VARNAME_3":"NA","NL_NAME_3":"NA","TYPE_3":"Barangay","ENGTYPE_3":"Village","CC_3":"NA","HASC_3":"NA"},"geometry":{"type":"MultiPolygon","coordinates":[[[[125.156608581000228,10.107290268000099],[125.161186218000012,10.10029983600009],[125.146980285000041,10.089699746],[125.140083314000094,10.085229874],[125.137306214000319,10.083889962000171],[125.135337829000264,10.092080116000147],[125.140769959000295,10.091039657000124],[125.147956848000149,10.0976295480001],[125.156608581000228,10.107290268000099]]]]}},
{"type":"Feature","properties":{"fid":375,"GID_3":"PHL.71.14.21_1","GID_0":"PHL","COUNTRY":"Philippines","GID_1":"PHL.71_1","NAME_1":"Southern Leyte","NL_NAME_1":"NA","GID_2":"PHL.71.14_1","NAME_2":"San Francisco","NL_NAME_2":"NA","NAME_3":"Tuno","VARNAME_3":"NA","NL_NAME_3":"NA","TYPE_3":"Barangay","ENGTYPE_3":"Village","CC_3":"NA","HASC_3":"NA"},"geometry":{"type":"MultiPolygon","coordinates":[[[[125.181259156000124,10.082539558000178],[125.182800293000014,10.081640244000027],[125.183036804000267,10.081500054000117],[125.183937072000163,10.080980300000135],[125.185050964000084,10.080249786000081],[125.185386657000095,10.080019950000064],[125.18733215300017,10.078749656000127],[125.194099425000331,10.072360038999989],[125.198829652000086,10.066889763000177],[125.186653137000121,10.051420211999982],[125.178710937000233,10.04405021700012],[125.178543091000165,10.044130326000072],[125.178009034000297,10.044340133000105],[125.177452088000223,10.044509889000153],[125.1769332880001,10.044750215000136],[125.176483155000255,10.045060157000023],[125.176086426000211,10.04545021000007],[125.175682067000025,10.045809747000021],[125.175239564000094,10.046110154000132],[125.174789428000054,10.046389579000049],[125.174346924000019,10.046660423999981],[125.17389678900031,10.04691982200012],[125.173423767000031,10.047160148000103],[125.172981263000224,10.047439576000158],[125.172508239000194,10.047699928000043],[125.172027588000105,10.047960280999973],[125.171730042000036,10.048110008000037],[125.172439575000226,10.057740211000066],[125.173179627000081,10.061969757000043],[125.174308778000068,10.066789628000151],[125.175621032000095,10.072409631000028],[125.181259156000124,10.082539558000178]]]]}},
{"type":"Feature","properties":{"fid":376,"GID_3":"PHL.71.14.22_1","GID_0":"PHL","COUNTRY":"Philippines","GID_1":"PHL.71_1","NAME_1":"Southern Leyte","NL_NAME_1":"NA","GID_2":"PHL.71.14_1","NAME_2":"San Francisco","NL_NAME_2":"NA","NAME_3":"Ubos","VARNAME_3":"Poblacion","NL_NAME_3":"NA","TYPE_3":"Barangay","ENGTYPE_3":"Village","CC_3":"NA","HASC_3":"NA"},"geometry":{"type":"MultiPolygon","coordinates":[[[[125.135276794000106,10.066379548000157],[125.135353088000215,10.066169739000088],[125.13845062300004,10.069860459000154],[125.14359283400006,10.069840431000046],[125.144790650000346,10.07044982900004],[125.144920348000028,10.070509910000112],[125.145866395000098,10.070989609000094],[125.146186828000054,10.067259790000151],[125.143577575000108,10.058159828000043],[125.143203735000043,10.058190345000185],[125.143058776000089,10.058329582000056],[125.141937256000119,10.058329582000056],[125.141670226000087,10.058609962000162],[125.141387940000186,10.058609962000162],[125.140830994000112,10.059169770000096],[125.140556336000145,10.059169770000096],[125.139999390000071,10.059720039000069],[125.139717102000191,10.059720039000069],[125.13944244400011,10.060000420000108],[125.13916778600003,10.060000420000108],[125.138343810000038,10.060830115999977],[125.138046264000081,10.060830115999977],[125.137779236000029,10.061109544000033],[125.137222290000182,10.061109544000033],[125.136947632000101,10.06138992200016],[125.136543273000029,10.06138992200016],[125.136108398000033,10.06138992200016],[125.13583374000018,10.061670303000142],[125.135559082000213,10.061670303000142],[125.135276794000106,10.061940193000112],[125.135002136000139,10.062219621000111],[125.135002136000139,10.063610076000145],[125.135276794000106,10.063890457000184],[125.135276794000106,10.064439773000174],[125.135559082000213,10.064720153000053],[125.135559082000213,10.065560340000047],[125.135398865000184,10.065710067000111],[125.135276794000106,10.065830230000188],[125.135276794000106,10.066379548000157]]]]}},
{"type":"Feature","properties":{"fid":377,"GID_3":"PHL.71.15.1_1","GID_0":"PHL","COUNTRY":"Philippines","GID_1":"PHL.71_1","NAME_1":"Southern Leyte","NL_NAME_1":"NA","GID_2":"PHL.71.15_1","NAME_2":"San Juan","NL_NAME_2":"NA","NAME_3":"Agay-Ay","VARNAME_3":"NA","NL_NAME_3":"NA","TYPE_3":"Barangay","ENGTYPE_3":"Village","CC_3":"NA","HASC_3":"NA"},"geometry":{"type":"MultiPolygon","coordinates":[[[[125.221893310000041,10.273550034000039],[125.222396851000099,10.273159981000163],[125.223007202000076,10.272709847000044],[125.221900940000182,10.270030022000128],[125.221977234000065,10.266900062000104],[125.222747803000175,10.263270377000083],[125.223182678000171,10.259480477000068],[125.224098206000122,10.25570964800005],[125.223503113000106,10.248430252000105],[125.223518371000182,10.24833011700008],[125.223342896000077,10.24833011700008],[125.223052979000045,10.248060227000167],[125.22235107400013,10.248060227000167],[125.221946715000172,10.248060227000167],[125.221763611000256,10.247870445999979],[125.221656799000129,10.247779846000128],[125.221481323000035,10.247779846000128],[125.221389771000077,10.247779846000128],[125.221107483000196,10.247500421000041],[125.220558167000036,10.247500421000041],[125.220283507000204,10.247220040000173],[125.220001221000075,10.247220040000173],[125.21959686300022,10.247179986000049],[125.219413757000211,10.247159957000065],[125.218856811000137,10.247010231000161],[125.218269348000035,10.246919631000083],[125.217658997000285,10.24682044900004],[125.217033387000015,10.24670982400005],[125.216369629000042,10.246640205000062],[125.215713501000096,10.24654007100014],[125.215057372000047,10.24643039800003],[125.214416505000031,10.24639987900008],[125.214073181000117,10.246390344000076],[125.215797424000016,10.252349853000169],[125.217193603000169,10.257160186000021],[125.217773437000119,10.260339737000095],[125.218322753000166,10.263790131000121],[125.21865844600029,10.266130449000116],[125.219009400000232,10.268520356000067],[125.219093324000028,10.270799637000096],[125.219131471000082,10.271989823000183],[125.219116210000152,10.275090218000116],[125.221893310000041,10.273550034000039]]]]}},
{"type":"Feature","properties":{"fid":378,"GID_3":"PHL.71.15.2_1","GID_0":"PHL","COUNTRY":"Philippines","GID_1":"PHL.71_1","NAME_1":"Southern Leyte","NL_NAME_1":"NA","GID_2":"PHL.71.15_1","NAME_2":"San Juan","NL_NAME_2":"NA","NAME_3":"Basak","VARNAME_3":"NA","NL_NAME_3":"NA","TYPE_3":"Barangay","ENGTYPE_3":"Village","CC_3":"NA","HASC_3":"NA"},"geometry":{"type":"MultiPolygon","coordinates":[[[[125.199256897000055,10.285670282000126],[125.205451965000179,10.282759666000175],[125.201988220000203,10.272569656000087],[125.198883057000216,10.266309737000029],[125.197326659000055,10.264049531000069],[125.195922851000205,10.260390282000117],[125.19489288300008,10.257220269000072],[125.191848755000137,10.254340170999967],[125.191711426000211,10.254429818000062],[125.191543578000164,10.254449844000078],[125.191146850000223,10.2545003890001],[125.190521240000294,10.254910470000027],[125.190261841000051,10.255279540000174],[125.189613342000143,10.255530357000055],[125.189323426000101,10.255889894000063],[125.189201356000012,10.255970002000083],[125.188056945000085,10.256389617000082],[125.187767029000042,10.256389617000082],[125.187500001000217,10.25666999800012],[125.187232971000071,10.25666999800012],[125.186943055000143,10.25693988800009],[125.186668397000062,10.25693988800009],[125.186393737000117,10.257220269000072],[125.186111451000215,10.257220269000072],[125.185836793000021,10.257499694000046],[125.185279847000174,10.257499694000046],[125.184997559000067,10.257780075000028],[125.184173585000053,10.257780075000028],[125.183891297000059,10.258060456000067],[125.183326721000185,10.258060456000067],[125.183250427000075,10.258139610000057],[125.183326721000185,10.25846004400006],[125.185279847000174,10.264960289000101],[125.186561585000163,10.26453971900014],[125.187271118000012,10.264309883000124],[125.188056945000085,10.264280320000069],[125.190162658000077,10.264220237000188],[125.190917969000225,10.265060426000161],[125.192092896000304,10.267900467],[125.192840576000208,10.269700051000086],[125.194152833000089,10.271430015000021],[125.195312500000114,10.274459839000087],[125.197349548000034,10.277970314000186],[125.198463440000182,10.280469895000124],[125.199256897000055,10.285670282000126]]]]}},
{"type":"Feature","properties":{"fid":379,"GID_3":"PHL.71.15.3_1","GID_0":"PHL","COUNTRY":"Philippines","GID_1":"PHL.71_1","NAME_1":"Southern Leyte","NL_NAME_1":"NA","GID_2":"PHL.71.15_1","NAME_2":"San Juan","NL_NAME_2":"NA","NAME_3":"Bobon A","VARNAME_3":"NA","NL_NAME_3":"NA","TYPE_3":"Barangay","ENGTYPE_3":"Village","CC_3":"NA","HASC_3":"NA"},"geometry":{"type":"MultiPolygon","coordinates":[[[[125.223007202000076,10.272709847000044],[125.234176636000143,10.266380310000102],[125.23339080900007,10.263879776000181],[125.2335510260001,10.260800362000111],[125.235618591000161,10.251919748000034],[125.235626221000075,10.251770021000141],[125.235679626000206,10.251669884000137],[125.234367370000086,10.251669884000137],[125.233047485000043,10.251669884000137],[125.231140136000249,10.251560211000026],[125.229812621000065,10.251219750000189],[125.229751586000134,10.251179696000065],[125.229461670000092,10.251009940000074],[125.228118897000172,10.250340461000178],[125.227500915000178,10.249719620000064],[125.226669311000137,10.249719620000064],[125.226112365000063,10.249170304000074],[125.225830077000069,10.249170304000074],[125.225280761000135,10.2486095430001],[125.224716187000126,10.2486095430001],[125.224441527000181,10.24833011700008],[125.223518371000182,10.24833011700008],[125.223503113000106,10.248430252000105],[125.224098206000122,10.25570964800005],[125.223182678000171,10.259480477000068],[125.222747803000175,10.263270377000083],[125.221977234000065,10.266900062000104],[125.221900940000182,10.270030022000128],[125.223007202000076,10.272709847000044]]]]}},
{"type":"Feature","properties":{"fid":380,"GID_3":"PHL.71.15.4_1","GID_0":"PHL","COUNTRY":"Philippines","GID_1":"PHL.71_1","NAME_1":"Southern Leyte","NL_NAME_1":"NA","GID_2":"PHL.71.15_1","NAME_2":"San Juan","NL_NAME_2":"NA","NAME_3":"Bobon B","VARNAME_3":"NA","NL_NAME_3":"NA","TYPE_3":"Barangay","ENGTYPE_3":"Village","CC_3":"NA","HASC_3":"NA"},"geometry":{"type":"MultiPolygon","coordinates":[[[[125.234176636000143,10.266380310000102],[125.250938416000054,10.25603962100007],[125.250762940000072,10.255880356000148],[125.250396728000169,10.255579949000094],[125.250022888000103,10.255299569000158],[125.249618530000248,10.255029679000188],[125.249183654000149,10.254759789000047],[125.248703004000049,10.254570006999984],[125.248191833000078,10.254469872000129],[125.247703552000075,10.254440308000028],[125.247230530000024,10.254409790000182],[125.246803285000283,10.254300117000071],[125.246353149000015,10.254179954000165],[125.245903015000067,10.25407981900014],[125.245452881000119,10.253930092000076],[125.244956971000079,10.253840448000119],[125.244468688000097,10.253680229999986],[125.243927002000078,10.253569603000187],[125.243400573000145,10.253399850000108],[125.242797852000081,10.253290177000167],[125.242210387000227,10.253089905000081],[125.24160766600005,10.252940178000074],[125.241287231000229,10.252799989000096],[125.241050720000089,10.252690315999985],[125.240432739000084,10.252539635000062],[125.239799499000242,10.252470016000075],[125.239196778000064,10.252360344000067],[125.238647460000038,10.252200126000105],[125.238121033000084,10.251999854000076],[125.237556457000096,10.251839639000025],[125.236953736000032,10.251669884000137],[125.235679626000206,10.251669884000137],[125.235626221000075,10.251770021000141],[125.235618591000161,10.251919748000034],[125.2335510260001,10.260800362000111],[125.23339080900007,10.263879776000181],[125.234176636000143,10.266380310000102]]]]}},
{"type":"Feature","properties":{"fid":381,"GID_3":"PHL.71.15.5_1","GID_0":"PHL","COUNTRY":"Philippines","GID_1":"PHL.71_1","NAME_1":"Southern Leyte","NL_NAME_1":"NA","GID_2":"PHL.71.15_1","NAME_2":"San Juan","NL_NAME_2":"NA","NAME_3":"Dayanog","VARNAME_3":"NA","NL_NAME_3":"NA","TYPE_3":"Barangay","ENGTYPE_3":"Village","CC_3":"NA","HASC_3":"NA"},"geometry":{"type":"MultiPolygon","coordinates":[[[[125.1929931640002,10.288430214000016],[125.199256897000055,10.285670282000126],[125.198463440000182,10.280469895000124],[125.197349548000034,10.277970314000186],[125.195312500000114,10.274459839000087],[125.194152833000089,10.271430015000021],[125.192840576000208,10.269700051000086],[125.192092896000304,10.267900467],[125.190917969000225,10.265060426000161],[125.190162658000077,10.264220237000188],[125.188056945000085,10.264280320000069],[125.187271118000012,10.264309883000124],[125.186561585000163,10.26453971900014],[125.185279847000174,10.264960289000101],[125.184318542000142,10.265230179000071],[125.183250427000075,10.265529633000142],[125.18187713500015,10.26640987400009],[125.181098938000332,10.266860007999981],[125.181991578000293,10.269419670000048],[125.182693481000229,10.271069528000112],[125.182876587000123,10.272760392000066],[125.183341981000012,10.273710251000068],[125.18512725800008,10.277020454000137],[125.186927794000212,10.279339790000165],[125.188461304000043,10.281649591000075],[125.190727235000054,10.283530236000161],[125.1929931640002,10.288430214000016]]]]}},
{"type":"Feature","properties":{"fid":382,"GID_3":"PHL.71.15.6_1","GID_0":"PHL","COUNTRY":"Philippines","GID_1":"PHL.71_1","NAME_1":"Southern Leyte","NL_NAME_1":"NA","GID_2":"PHL.71.15_1","NAME_2":"San Juan","NL_NAME_2":"NA","NAME_3":"Garrido","VARNAME_3":"NA","NL_NAME_3":"NA","TYPE_3":"Barangay","ENGTYPE_3":"Village","CC_3":"NA","HASC_3":"NA"},"geometry":{"type":"MultiPolygon","coordinates":[[[[125.205451965000179,10.282759666000175],[125.20855712800028,10.281279564000101],[125.20658111500029,10.274180413000067],[125.20558929400022,10.270739555000091],[125.20535278300008,10.269659997000133],[125.204650880000031,10.266610146000119],[125.203056335000156,10.262169838000091],[125.203506469000104,10.255459786000188],[125.202430726000216,10.248510361000115],[125.202117921000308,10.248629570999981],[125.201576233000083,10.248849869000139],[125.201011657000095,10.249010086000112],[125.200447083000086,10.249190330000147],[125.199996949000024,10.249440194000044],[125.199241639000206,10.249659539000163],[125.198822022000058,10.24973011000003],[125.198257445000081,10.250069619000158],[125.197631836000141,10.250349999000093],[125.197036743000012,10.250590325000076],[125.196937561000141,10.250630380000075],[125.196731568000246,10.250760079000088],[125.196243286000026,10.251179696000065],[125.195617676000097,10.251879693000149],[125.195549011000026,10.25193977400005],[125.195053100000109,10.252559663000113],[125.194358825000108,10.252980233000073],[125.193801879000034,10.253390312000022],[125.193382264000093,10.253600121000034],[125.193191528000057,10.253660202000106],[125.192543030000252,10.253870011000174],[125.192192078000176,10.254110336000053],[125.191848755000137,10.254340170999967],[125.19489288300008,10.257220269000072],[125.195922851000205,10.260390282000117],[125.197326659000055,10.264049531000069],[125.198883057000216,10.266309737000029],[125.201988220000203,10.272569656000087],[125.205451965000179,10.282759666000175]]]]}},
{"type":"Feature","properties":{"fid":383,"GID_3":"PHL.71.15.7_1","GID_0":"PHL","COUNTRY":"Philippines","GID_1":"PHL.71_1","NAME_1":"Southern Leyte","NL_NAME_1":"NA","GID_2":"PHL.71.15_1","NAME_2":"San Juan","NL_NAME_2":"NA","NAME_3":"Minoyho","VARNAME_3":"NA","NL_NAME_3":"NA","TYPE_3":"Barangay","ENGTYPE_3":"Village","CC_3":"NA","HASC_3":"NA"},"geometry":{"type":"MultiPolygon","coordinates":[[[[125.154830933000198,10.310020448000103],[125.169342040000174,10.30187988400013],[125.168457031000344,10.298899652000102],[125.168251037000232,10.294199944000127],[125.168823243000134,10.291230202000065],[125.169006347000163,10.289030075000028],[125.167968751000103,10.285880089000159],[125.164802552000083,10.279970170000126],[125.165367126000092,10.277130127000021],[125.165443420000315,10.276029587000096],[125.163940430000139,10.272040367999978],[125.163421630000016,10.270290376000162],[125.162208556000223,10.266510009000115],[125.161842346000071,10.26548004100016],[125.161743164000086,10.265620232000117],[125.161613465000073,10.265830040000026],[125.159790040000075,10.266730309000025],[125.159446716000275,10.266730309000025],[125.159156800000119,10.266779899000028],[125.158996583000089,10.267780304000098],[125.15776062000009,10.277090072000021],[125.157096864000209,10.293109893000064],[125.155769349000025,10.301130294000131],[125.154830933000198,10.310020448000103]]]]}},
{"type":"Feature","properties":{"fid":384,"GID_3":"PHL.71.15.8_1","GID_0":"PHL","COUNTRY":"Philippines","GID_1":"PHL.71_1","NAME_1":"Southern Leyte","NL_NAME_1":"NA","GID_2":"PHL.71.15_1","NAME_2":"San Juan","NL_NAME_2":"NA","NAME_3":"Osao","VARNAME_3":"NA","NL_NAME_3":"NA","TYPE_3":"Barangay","ENGTYPE_3":"Village","CC_3":"NA","HASC_3":"NA"},"geometry":{"type":"MultiPolygon","coordinates":[[[[125.171211243000016,10.262709618000144],[125.170951843000012,10.26323032300013],[125.170738220000203,10.263569830999984],[125.170249940000076,10.263779641000156],[125.169906617000038,10.263850212000023],[125.169273377000081,10.263819695000052],[125.169128418000014,10.263939858000128],[125.169349670000088,10.263970375000099],[125.168586730000015,10.264929772000187],[125.168548583000074,10.265789985000026],[125.169548035000048,10.266799927000079],[125.170700074000024,10.26813984],[125.171218873000043,10.270139694000136],[125.171066284000176,10.272459982999976],[125.171577453000054,10.272310258000118],[125.172897339000087,10.271909714],[125.176826476000201,10.271780014000115],[125.176010132000101,10.269860268000116],[125.175262450000105,10.267589570000155],[125.172088624000025,10.26399040300015],[125.171211243000016,10.262709618000144]]]]}},
{"type":"Feature","properties":{"fid":385,"GID_3":"PHL.71.15.9_1","GID_0":"PHL","COUNTRY":"Philippines","GID_1":"PHL.71_1","NAME_1":"Southern Leyte","NL_NAME_1":"NA","GID_2":"PHL.71.15_1","NAME_2":"San Juan","NL_NAME_2":"NA","NAME_3":"Pong-Oy","VARNAME_3":"NA","NL_NAME_3":"NA","TYPE_3":"Barangay","ENGTYPE_3":"Village","CC_3":"NA","HASC_3":"NA"},"geometry":{"type":"MultiPolygon","coordinates":[[[[125.179023744000233,10.296680450000167],[125.183486938000215,10.29304027500018],[125.185562133000076,10.291709900000114],[125.18205261300011,10.28507995700005],[125.181182862000014,10.28120041000011],[125.180442810000045,10.278679847000035],[125.177116394000336,10.275690079000071],[125.175209045000202,10.275030136000112],[125.174476623000146,10.274780274000022],[125.17228698800011,10.273940087000085],[125.171463012000117,10.272930144999975],[125.171066284000176,10.272459982999976],[125.171218873000043,10.270139694000136],[125.170700074000024,10.26813984],[125.169548035000048,10.266799927000079],[125.168548583000074,10.265789985000026],[125.168586730000015,10.264929772000187],[125.169349670000088,10.263970375000099],[125.169128418000014,10.263939858000128],[125.168853760000047,10.264169693999975],[125.167106628000056,10.264169693999975],[125.166687011000135,10.263959885000133],[125.166526793000116,10.263959885000133],[125.165298461000134,10.263959885000133],[125.165176392000035,10.263979913000185],[125.165382385000157,10.264699937000046],[125.166183472000057,10.266519546999973],[125.167358397000044,10.268159866000076],[125.167579650000107,10.272820472000035],[125.169197083000086,10.276439667000091],[125.169746399000132,10.278349876000163],[125.16956329300001,10.280429841000057],[125.170471191000047,10.280500412000094],[125.172767638000096,10.279879570000048],[125.173713685000052,10.280119897000134],[125.176033021000308,10.281330109000066],[125.177078248000043,10.282549858000039],[125.17671203600014,10.283670426000185],[125.178009034000297,10.285099983000066],[125.176727294000102,10.286709786000131],[125.177642822000053,10.290040017000081],[125.178199768000127,10.292309761000126],[125.179023744000233,10.296680450000167]]]]}},
{"type":"Feature","properties":{"fid":386,"GID_3":"PHL.71.15.10_1","GID_0":"PHL","COUNTRY":"Philippines","GID_1":"PHL.71_1","NAME_1":"Southern Leyte","NL_NAME_1":"NA","GID_2":"PHL.71.15_1","NAME_2":"San Juan","NL_NAME_2":"NA","NAME_3":"San Jose","VARNAME_3":"Poblacion","NL_NAME_3":"NA","TYPE_3":"Barangay","ENGTYPE_3":"Village","CC_3":"NA","HASC_3":"NA"},"geometry":{"type":"MultiPolygon","coordinates":[[[[125.182876587000123,10.272760392000066],[125.182693481000229,10.271069528000112],[125.181991578000293,10.269419670000048],[125.181098938000332,10.266860007999981],[125.18187713500015,10.26640987400009],[125.1816101080002,10.265959741000017],[125.18012237500011,10.261320114000114],[125.179351807000103,10.258979798000098],[125.179229736000025,10.258609771000124],[125.178047180000249,10.258609771000124],[125.177780151000093,10.258890152000163],[125.177627563000101,10.258970261000115],[125.177436829000158,10.259079933000123],[125.177070617000027,10.259119988000123],[125.176811218000125,10.25914955200011],[125.176071168000021,10.259490013000118],[125.176086426000211,10.259659768000063],[125.176086426000211,10.259799956999984],[125.176689147000047,10.262680053999986],[125.178451537000228,10.267919540000094],[125.179656983000314,10.271750450000184],[125.182876587000123,10.272760392000066]]]]}},
{"type":"Feature","properties":{"fid":387,"GID_3":"PHL.71.15.11_1","GID_0":"PHL","COUNTRY":"Philippines","GID_1":"PHL.71_1","NAME_1":"Southern Leyte","NL_NAME_1":"NA","GID_2":"PHL.71.15_1","NAME_2":"San Juan","NL_NAME_2":"NA","NAME_3":"San Roque","VARNAME_3":"NA","NL_NAME_3":"NA","TYPE_3":"Barangay","ENGTYPE_3":"Village","CC_3":"NA","HASC_3":"NA"},"geometry":{"type":"MultiPolygon","coordinates":[[[[125.18512725800008,10.277020454000137],[125.183341981000012,10.273710251000068],[125.182876587000123,10.272760392000066],[125.179656983000314,10.271750450000184],[125.176826476000201,10.271780014000115],[125.172897339000087,10.271909714],[125.171577453000054,10.272310258000118],[125.171066284000176,10.272459982999976],[125.171463012000117,10.272930144999975],[125.17228698800011,10.273940087000085],[125.174476623000146,10.274780274000022],[125.175209045000202,10.275030136000112],[125.177116394000336,10.275690079000071],[125.180442810000045,10.278679847000035],[125.181182862000014,10.28120041000011],[125.183158875000117,10.281029702000183],[125.183937072000163,10.280059814000083],[125.18512725800008,10.277020454000137]]]]}},
{"type":"Feature","properties":{"fid":388,"GID_3":"PHL.71.15.12_1","GID_0":"PHL","COUNTRY":"Philippines","GID_1":"PHL.71_1","NAME_1":"Southern Leyte","NL_NAME_1":"NA","GID_2":"PHL.71.15_1","NAME_2":"San Juan","NL_NAME_2":"NA","NAME_3":"San Vicente","VARNAME_3":"NA","NL_NAME_3":"NA","TYPE_3":"Barangay","ENGTYPE_3":"Village","CC_3":"NA","HASC_3":"NA"},"geometry":{"type":"MultiPolygon","coordinates":[[[[125.20855712800028,10.281279564000101],[125.212852479000162,10.278779984000039],[125.211662293000245,10.275989532999972],[125.210083007000321,10.271109582000065],[125.209602357000335,10.266969681000091],[125.210769654000046,10.26187038400019],[125.209953308000195,10.255439758000136],[125.207946777000188,10.250900268],[125.206802368000012,10.246609689000024],[125.206680297000162,10.246660234000046],[125.206130982000104,10.246939659000134],[125.205566405000013,10.247220040000173],[125.20501708900008,10.247489930000143],[125.204437255000016,10.247770311000124],[125.203857422000056,10.248009682000145],[125.203247071000305,10.248180390000073],[125.20268249500009,10.248419761000036],[125.202430726000216,10.248510361000115],[125.203506469000104,10.255459786000188],[125.203056335000156,10.262169838000091],[125.204650880000031,10.266610146000119],[125.20535278300008,10.269659997000133],[125.20558929400022,10.270739555000091],[125.20658111500029,10.274180413000067],[125.20855712800028,10.281279564000101]]]]}},
{"type":"Feature","properties":{"fid":389,"GID_3":"PHL.71.15.13_1","GID_0":"PHL","COUNTRY":"Philippines","GID_1":"PHL.71_1","NAME_1":"Southern Leyte","NL_NAME_1":"NA","GID_2":"PHL.71.15_1","NAME_2":"San Juan","NL_NAME_2":"NA","NAME_3":"Santa Cruz","VARNAME_3":"Poblacion","NL_NAME_3":"NA","TYPE_3":"Barangay","ENGTYPE_3":"Village","CC_3":"NA","HASC_3":"NA"},"geometry":{"type":"MultiPolygon","coordinates":[[[[125.185279847000174,10.264960289000101],[125.183326721000185,10.25846004400006],[125.183250427000075,10.258139610000057],[125.183052063000218,10.25833034599998],[125.181106567000029,10.25833034599998],[125.180831909000176,10.258609771000124],[125.179229736000025,10.258609771000124],[125.179351807000103,10.258979798000098],[125.18012237500011,10.261320114000114],[125.1816101080002,10.265959741000017],[125.18187713500015,10.26640987400009],[125.183250427000075,10.265529633000142],[125.184318542000142,10.265230179000071],[125.185279847000174,10.264960289000101]]]]}},
{"type":"Feature","properties":{"fid":390,"GID_3":"PHL.71.15.14_1","GID_0":"PHL","COUNTRY":"Philippines","GID_1":"PHL.71_1","NAME_1":"Southern Leyte","NL_NAME_1":"NA","GID_2":"PHL.71.15_1","NAME_2":"San Juan","NL_NAME_2":"NA","NAME_3":"Santa Filomena","VARNAME_3":"NA","NL_NAME_3":"NA","TYPE_3":"Barangay","ENGTYPE_3":"Village","CC_3":"NA","HASC_3":"NA"},"geometry":{"type":"MultiPolygon","coordinates":[[[[125.185562133000076,10.291709900000114],[125.1929931640002,10.288430214000016],[125.190727235000054,10.283530236000161],[125.188461304000043,10.281649591000075],[125.186927794000212,10.279339790000165],[125.18512725800008,10.277020454000137],[125.183937072000163,10.280059814000083],[125.183158875000117,10.281029702000183],[125.181182862000014,10.28120041000011],[125.18205261300011,10.28507995700005],[125.185562133000076,10.291709900000114]]]]}},
{"type":"Feature","properties":{"fid":391,"GID_3":"PHL.71.15.15_1","GID_0":"PHL","COUNTRY":"Philippines","GID_1":"PHL.71_1","NAME_1":"Southern Leyte","NL_NAME_1":"NA","GID_2":"PHL.71.15_1","NAME_2":"San Juan","NL_NAME_2":"NA","NAME_3":"Santo Niño","VARNAME_3":"Poblacion","NL_NAME_3":"NA","TYPE_3":"Barangay","ENGTYPE_3":"Village","CC_3":"NA","HASC_3":"NA"},"geometry":{"type":"MultiPolygon","coordinates":[[[[125.171211243000016,10.262709618000144],[125.172088624000025,10.26399040300015],[125.175262450000105,10.267589570000155],[125.176010132000101,10.269860268000116],[125.176826476000201,10.271780014000115],[125.179656983000314,10.271750450000184],[125.178451537000228,10.267919540000094],[125.176689147000047,10.262680053999986],[125.176086426000211,10.259799956999984],[125.176086426000211,10.259659768000063],[125.176071168000021,10.259490013000118],[125.175758361000021,10.259630204000075],[125.174926757000094,10.259840012000041],[125.174087525000118,10.260259629000018],[125.17346191300021,10.260669708000137],[125.172897339000087,10.261429786000122],[125.172492980000243,10.262049675000185],[125.171783447000053,10.262610436000102],[125.171211243000016,10.262709618000144]]]]}},
{"type":"Feature","properties":{"fid":392,"GID_3":"PHL.71.15.16_1","GID_0":"PHL","COUNTRY":"Philippines","GID_1":"PHL.71_1","NAME_1":"Southern Leyte","NL_NAME_1":"NA","GID_2":"PHL.71.15_1","NAME_2":"San Juan","NL_NAME_2":"NA","NAME_3":"Somoje","VARNAME_3":"NA","NL_NAME_3":"NA","TYPE_3":"Barangay","ENGTYPE_3":"Village","CC_3":"NA","HASC_3":"NA"},"geometry":{"type":"MultiPolygon","coordinates":[[[[125.169342040000174,10.30187988400013],[125.172439575000226,10.300209998000184],[125.172828674000129,10.300009729000067],[125.172988891000159,10.299920081999971],[125.179023744000233,10.296680450000167],[125.178199768000127,10.292309761000126],[125.177642822000053,10.290040017000081],[125.176727294000102,10.286709786000131],[125.178009034000297,10.285099983000066],[125.17671203600014,10.283670426000185],[125.177078248000043,10.282549858000039],[125.176033021000308,10.281330109000066],[125.173713685000052,10.280119897000134],[125.172767638000096,10.279879570000048],[125.170471191000047,10.280500412000094],[125.16956329300001,10.280429841000057],[125.169746399000132,10.278349876000163],[125.169197083000086,10.276439667000091],[125.167579650000107,10.272820472000035],[125.167358397000044,10.268159866000076],[125.166183472000057,10.266519546999973],[125.165382385000157,10.264699937000046],[125.165176392000035,10.263979913000185],[125.164962768,10.264030458000036],[125.164543153000182,10.264240265000069],[125.164321900000118,10.264439582000136],[125.163909913000225,10.264439582000136],[125.16369628800021,10.264369964000025],[125.163352967000151,10.264439582000136],[125.163070679000043,10.264510154999982],[125.162788391000277,10.264510154999982],[125.162513733000083,10.264719963000118],[125.162086487000124,10.265139580000096],[125.161842346000071,10.26548004100016],[125.162208556000223,10.266510009000115],[125.163421630000016,10.270290376000162],[125.163940430000139,10.272040367999978],[125.165443420000315,10.276029587000096],[125.165367126000092,10.277130127000021],[125.164802552000083,10.279970170000126],[125.167968751000103,10.285880089000159],[125.169006347000163,10.289030075000028],[125.168823243000134,10.291230202000065],[125.168251037000232,10.294199944000127],[125.168457031000344,10.298899652000102],[125.169342040000174,10.30187988400013]]]]}},
{"type":"Feature","properties":{"fid":393,"GID_3":"PHL.71.15.17_1","GID_0":"PHL","COUNTRY":"Philippines","GID_1":"PHL.71_1","NAME_1":"Southern Leyte","NL_NAME_1":"NA","GID_2":"PHL.71.15_1","NAME_2":"San Juan","NL_NAME_2":"NA","NAME_3":"Sua","VARNAME_3":"NA","NL_NAME_3":"NA","TYPE_3":"Barangay","ENGTYPE_3":"Village","CC_3":"NA","HASC_3":"NA"},"geometry":{"type":"MultiPolygon","coordinates":[[[[125.215393066000161,10.27668952900018],[125.219116210000152,10.275090218000116],[125.219131471000082,10.271989823000183],[125.219093324000028,10.270799637000096],[125.219009400000232,10.268520356000067],[125.21865844600029,10.266130449000116],[125.218322753000166,10.263790131000121],[125.217773437000119,10.260339737000095],[125.217193603000169,10.257160186000021],[125.215797424000016,10.252349853000169],[125.214073181000117,10.246390344000076],[125.213798523000037,10.246390344000076],[125.213211061000152,10.246379853],[125.212646484000061,10.246330261000026],[125.212112427000193,10.246170044000166],[125.211563111000032,10.24612998900011],[125.210983276000093,10.246170044000166],[125.210403442000143,10.246290207000072],[125.21024322400001,10.246290207000072],[125.213729858000193,10.255479812000033],[125.214439391000042,10.260459900000171],[125.214431763000107,10.266730309000025],[125.214767456000232,10.273240089000069],[125.215393066000161,10.27668952900018]]]]}},
{"type":"Feature","properties":{"fid":394,"GID_3":"PHL.71.15.18_1","GID_0":"PHL","COUNTRY":"Philippines","GID_1":"PHL.71_1","NAME_1":"Southern Leyte","NL_NAME_1":"NA","GID_2":"PHL.71.15_1","NAME_2":"San Juan","NL_NAME_2":"NA","NAME_3":"Timba","VARNAME_3":"NA","NL_NAME_3":"NA","TYPE_3":"Barangay","ENGTYPE_3":"Village","CC_3":"NA","HASC_3":"NA"},"geometry":{"type":"MultiPolygon","coordinates":[[[[125.212852479000162,10.278779984000039],[125.215393066000161,10.27668952900018],[125.214767456000232,10.273240089000069],[125.214431763000107,10.266730309000025],[125.214439391000042,10.260459900000171],[125.213729858000193,10.255479812000033],[125.21024322400001,10.246290207000072],[125.209800721000079,10.246310235000124],[125.209190368000122,10.246199607000051],[125.20855712800028,10.24621009800012],[125.207939149000026,10.246339799000111],[125.207283020000204,10.246439934000136],[125.206802368000012,10.246609689000024],[125.207946777000188,10.250900268],[125.209953308000195,10.255439758000136],[125.210769654000046,10.26187038400019],[125.209602357000335,10.266969681000091],[125.210083007000321,10.271109582000065],[125.211662293000245,10.275989532999972],[125.212852479000162,10.278779984000039]]]]}},
{"type":"Feature","properties":{"fid":395,"GID_3":"PHL.71.16.1_1","GID_0":"PHL","COUNTRY":"Philippines","GID_1":"PHL.71_1","NAME_1":"Southern Leyte","NL_NAME_1":"NA","GID_2":"PHL.71.16_1","NAME_2":"San Ricardo","NL_NAME_2":"NA","NAME_3":"Benit","VARNAME_3":"NA","NL_NAME_3":"NA","TYPE_3":"Barangay","ENGTYPE_3":"Village","CC_3":"NA","HASC_3":"NA"},"geometry":{"type":"MultiPolygon","coordinates":[[[[125.273536683000088,9.933259963000182],[125.277030944000103,9.937509537000096],[125.279998780000028,9.935999871000035],[125.282493592000037,9.934909821000076],[125.285209655000017,9.933420181000088],[125.287338257000101,9.929619790000174],[125.29486083900008,9.922060013000021],[125.294929505000027,9.921990395000137],[125.29486083900008,9.921939850000115],[125.294441222000046,9.921389580000096],[125.293876648000037,9.920840264000105],[125.293746947000045,9.920619966000174],[125.293640137000125,9.920530319000136],[125.293327332000104,9.920280457000047],[125.293052672000044,9.920000077000111],[125.293052672000044,9.919799805000082],[125.293052672000044,9.919719696000129],[125.292762756000116,9.919460297000057],[125.292778014000078,9.919170380000139],[125.292503357000214,9.91889],[125.292503357000214,9.918609619],[125.292221068000231,9.918330192999974],[125.292221068000231,9.917779923000126],[125.292503357000214,9.917779923000126],[125.292503357000214,9.917220116000067],[125.292442321000294,9.917160034000062],[125.291496277000192,9.917969704000086],[125.282203674000016,9.925800323999965],[125.276489258000083,9.93187046100013],[125.273536683000088,9.933259963000182]]]]}},
{"type":"Feature","properties":{"fid":396,"GID_3":"PHL.71.16.2_1","GID_0":"PHL","COUNTRY":"Philippines","GID_1":"PHL.71_1","NAME_1":"Southern Leyte","NL_NAME_1":"NA","GID_2":"PHL.71.16_1","NAME_2":"San Ricardo","NL_NAME_2":"NA","NAME_3":"Bitoon","VARNAME_3":"NA","NL_NAME_3":"NA","TYPE_3":"Barangay","ENGTYPE_3":"Village","CC_3":"NA","HASC_3":"NA"},"geometry":{"type":"MultiPolygon","coordinates":[[[[125.218383788000097,10.049599647000093],[125.222473145000208,10.052240371000096],[125.224212646000296,10.049670220000166],[125.22779846200001,10.04936981200018],[125.231033326000102,10.051569939000046],[125.232749939000314,10.053709985000182],[125.235626221000075,10.055250167000054],[125.240837098000043,10.056409836],[125.240837098000043,10.056110382000099],[125.241386414000203,10.05556011200008],[125.241386414000203,10.055000305000021],[125.241668702000084,10.054719925000086],[125.241668702000084,10.054169654000134],[125.24194336000005,10.053890228000114],[125.241668702000084,10.053609848000178],[125.241668702000084,10.053330422000158],[125.24194336000005,10.053059579000035],[125.24194336000005,10.052780150999979],[125.242500306000011,10.052220345000023],[125.242500306000011,10.051939964000042],[125.243331910000052,10.051110268000116],[125.243331910000052,10.050829887000077],[125.243888856000126,10.050279617000058],[125.243888856000126,10.050000191000038],[125.244621278000182,10.049269677000154],[125.234230041000046,10.041090011000165],[125.228446960000042,10.037949562000108],[125.225402832000213,10.036829949000094],[125.218383788000097,10.049599647000093]]]]}},
{"type":"Feature","properties":{"fid":397,"GID_3":"PHL.71.16.3_1","GID_0":"PHL","COUNTRY":"Philippines","GID_1":"PHL.71_1","NAME_1":"Southern Leyte","NL_NAME_1":"NA","GID_2":"PHL.71.16_1","NAME_2":"San Ricardo","NL_NAME_2":"NA","NAME_3":"Cabutan","VARNAME_3":"NA","NL_NAME_3":"NA","TYPE_3":"Barangay","ENGTYPE_3":"Village","CC_3":"NA","HASC_3":"NA"},"geometry":{"type":"MultiPolygon","coordinates":[[[[125.269081116000166,9.927490235000107],[125.273536683000088,9.933259963000182],[125.276489258000083,9.93187046100013],[125.282203674000016,9.925800323999965],[125.291496277000192,9.917969704000086],[125.292442321000294,9.917160034000062],[125.292221068000231,9.916939736000131],[125.292221068000231,9.916669846],[125.291946410000037,9.916390419999971],[125.291946410000037,9.916110039000159],[125.291656494000222,9.915829659000053],[125.291458130000137,9.915280343000063],[125.290382385000044,9.914110183000048],[125.289337158000194,9.914759636000042],[125.28473663300008,9.917590141000062],[125.280822754000042,9.921139718000177],[125.277450561000137,9.923620224000103],[125.27607727100019,9.924030303000166],[125.272407532000216,9.925909995999973],[125.269081116000166,9.927490235000107]]]]}},
{"type":"Feature","properties":{"fid":398,"GID_3":"PHL.71.16.4_1","GID_0":"PHL","COUNTRY":"Philippines","GID_1":"PHL.71_1","NAME_1":"Southern Leyte","NL_NAME_1":"NA","GID_2":"PHL.71.16_1","NAME_2":"San Ricardo","NL_NAME_2":"NA","NAME_3":"Camang","VARNAME_3":"NA","NL_NAME_3":"NA","TYPE_3":"Barangay","ENGTYPE_3":"Village","CC_3":"NA","HASC_3":"NA"},"geometry":{"type":"MultiPolygon","coordinates":[[[[125.2882614130001,9.938770294000051],[125.288612366000052,9.938879967000105],[125.28903961200001,9.93900966700005],[125.289619446000074,9.940979958000071],[125.28814697200005,9.942049980000149],[125.287322999000025,9.942790032000062],[125.278121948000035,9.953550339000174],[125.271797181000125,9.96010971100003],[125.276107788000104,9.961939812000026],[125.277778626000213,9.960280419000128],[125.277778626000213,9.960000039000022],[125.278343200000222,9.95944023200019],[125.278343200000222,9.95917034200005],[125.278610230000027,9.958889962000114],[125.278610230000027,9.958609581000076],[125.279167176000101,9.958330155000056],[125.280281066000157,9.957220078000148],[125.280830384000069,9.956939698000042],[125.282218932000092,9.955559731000164],[125.282218932000092,9.954999924000106],[125.28278350800008,9.954719544],[125.283058166000046,9.954449654000086],[125.283607482000207,9.954170228000066],[125.283889770000087,9.953889847000028],[125.284446716000161,9.953610420000075],[125.284721374000014,9.953330041000072],[125.285278320000089,9.953060151000102],[125.285842895000314,9.952500344999976],[125.285842895000314,9.95110988700003],[125.287216186000023,9.949720382000123],[125.288063049000016,9.949440004000166],[125.28971862800006,9.94777965600008],[125.28971862800006,9.947500228000081],[125.290000916000054,9.947219850000124],[125.290000916000054,9.946390151000173],[125.290557860000035,9.946109773000046],[125.290557860000035,9.945560455000077],[125.291656494000222,9.944439887000101],[125.291656494000222,9.94416999900011],[125.292472840000073,9.943369865000022],[125.292503357000214,9.943209649000096],[125.292503357000214,9.941940308000142],[125.293083191000051,9.941370011000117],[125.293327332000104,9.94110965800013],[125.293327332000104,9.940719605000083],[125.293327332000104,9.939999581000052],[125.294471741000166,9.939430237000181],[125.29499816800012,9.939169885000126],[125.296112061000031,9.938059808000048],[125.296112061000031,9.937399865000032],[125.296112061000031,9.936670303000085],[125.296943664000196,9.935830116000091],[125.296943664000196,9.935560226000177],[125.297233581000114,9.935279846000071],[125.297233581000114,9.935000420000051],[125.297500611000146,9.934720039000183],[125.297500611000146,9.934169769000164],[125.297782899000026,9.933890343000087],[125.297782899000026,9.933329582000169],[125.29805755700022,9.933059694000065],[125.29805755700022,9.9319496170001],[125.297782899000026,9.931670189000101],[125.29805755700022,9.931389808000063],[125.29805755700022,9.930279731000155],[125.293197632000215,9.93060016600009],[125.289756775000114,9.934720039000183],[125.287857056000121,9.937450409000178],[125.2882614130001,9.938770294000051]]]]}},
{"type":"Feature","properties":{"fid":399,"GID_3":"PHL.71.16.5_1","GID_0":"PHL","COUNTRY":"Philippines","GID_1":"PHL.71_1","NAME_1":"Southern Leyte","NL_NAME_1":"NA","GID_2":"PHL.71.16_1","NAME_2":"San Ricardo","NL_NAME_2":"NA","NAME_3":"Esperanza","VARNAME_3":"NA","NL_NAME_3":"NA","TYPE_3":"Barangay","ENGTYPE_3":"Village","CC_3":"NA","HASC_3":"NA"},"geometry":{"type":"MultiPolygon","coordinates":[[[[125.251296998000043,9.986559867999972],[125.250991821000071,9.989020348000167],[125.262443543000131,9.99314022100009],[125.277648925000221,9.997630120000053],[125.279998780000028,9.995280267000055],[125.279998780000028,9.994999886000016],[125.280281066000157,9.994720458000188],[125.280281066000157,9.994449616000168],[125.280563354000037,9.994170190000148],[125.280563354000037,9.993570327000157],[125.280563354000037,9.992779732000031],[125.280380248000142,9.992600440999979],[125.280281066000157,9.992500304000146],[125.280281066000157,9.99205017100013],[125.280273438000222,9.991950036000105],[125.279441834000181,9.991109849000111],[125.279441834000181,9.989999772000033],[125.278610230000027,9.989170075000061],[125.278610230000027,9.988329888000067],[125.27805328400018,9.988059998000097],[125.27805328400018,9.987779618],[125.277778626000213,9.987500190000162],[125.277778626000213,9.987219811000159],[125.277496338000105,9.986940384000036],[125.277496338000105,9.986669541000083],[125.277221680000139,9.986390113000084],[125.277221680000139,9.986109735000127],[125.276947022000172,9.985830307000128],[125.276947022000172,9.985079766000069],[125.276947022000172,9.983889581000085],[125.276657104000151,9.983610153000086],[125.276657104000151,9.983469963],[125.275939940000285,9.983229637000022],[125.264961243000243,9.981220246000134],[125.256286622000061,9.978380203000086],[125.255096436000031,9.979780198000185],[125.252777100000117,9.983969689000162],[125.251296998000043,9.986559867999972]]]]}},
{"type":"Feature","properties":{"fid":400,"GID_3":"PHL.71.16.6_1","GID_0":"PHL","COUNTRY":"Philippines","GID_1":"PHL.71_1","NAME_1":"Southern Leyte","NL_NAME_1":"NA","GID_2":"PHL.71.16_1","NAME_2":"San Ricardo","NL_NAME_2":"NA","NAME_3":"Esperanza Dos","VARNAME_3":"NA","NL_NAME_3":"NA","TYPE_3":"Barangay","ENGTYPE_3":"Village","CC_3":"NA","HASC_3":"NA"},"geometry":{"type":"MultiPolygon","coordinates":[[[[125.271797181000125,9.96010971100003],[125.269126891000155,9.959810257000129],[125.268951415000174,9.959790229000077],[125.266548157000102,9.959520341000143],[125.263046264000195,9.9644098280001],[125.259216309000067,9.972319603000074],[125.25879669200026,9.973179817000016],[125.256286622000061,9.978380203000086],[125.264961243000243,9.981220246000134],[125.275939940000285,9.983229637000022],[125.276657104000151,9.983469963],[125.276657104000151,9.983329772000047],[125.276390076000098,9.983059884000113],[125.276390076000098,9.982780456000114],[125.276107788000104,9.982500076000179],[125.276107788000104,9.982219697000119],[125.275817872000175,9.981949807000035],[125.275833130000024,9.981670378999979],[125.275558472000171,9.981389999000044],[125.275833130000024,9.981109620000041],[125.275833130000024,9.980560302000072],[125.276062011000022,9.980330467000158],[125.276107788000104,9.980099678000158],[125.276107788000104,9.979720115000077],[125.276206970000203,9.979619980000052],[125.276390076000098,9.979439734999971],[125.276390076000098,9.978870393000136],[125.276390076000098,9.977780342000074],[125.276107788000104,9.977499961000092],[125.276107788000104,9.976940155000136],[125.275283814000204,9.97611045900004],[125.274978638000107,9.975959779],[125.274719238000216,9.975830078],[125.274169922000056,9.975279807000049],[125.273612976000095,9.975000382000133],[125.273612976000095,9.974439621000158],[125.273330688000215,9.974169730000142],[125.273330688000215,9.97397995100016],[125.273330688000215,9.973890305],[125.273132324000017,9.973690033000139],[125.272781372000054,9.97332954400008],[125.272216796000066,9.973059655000043],[125.272216796000066,9.97278022800009],[125.271942138000099,9.972499847000051],[125.271942138000099,9.972220421000031],[125.271667480000133,9.971940041000096],[125.271667480000133,9.970279693000066],[125.271942138000099,9.970000267000046],[125.271942138000099,9.96971988700011],[125.272216796000066,9.96944046100009],[125.272216796000066,9.969169616000158],[125.272499084000174,9.968890190000081],[125.272499084000174,9.968609809999975],[125.272781372000054,9.968330384000126],[125.272781372000054,9.968059539000024],[125.273063660000162,9.967780113000174],[125.273063660000162,9.966939926],[125.273262025,9.966670036000096],[125.273330688000215,9.96611023000014],[125.273330688000215,9.965829849000102],[125.273887634000289,9.965279579000082],[125.273887634000289,9.965000153],[125.274169922000056,9.964719772000024],[125.274169922000056,9.96444034700005],[125.274719238000216,9.964170457000137],[125.275283814000204,9.963609695000116],[125.275283814000204,9.96306038],[125.275337219000107,9.96277999900019],[125.275558472000171,9.962220193000064],[125.276107788000104,9.961939812000026],[125.271797181000125,9.96010971100003]]]]}},
{"type":"Feature","properties":{"fid":401,"GID_3":"PHL.71.16.7_1","GID_0":"PHL","COUNTRY":"Philippines","GID_1":"PHL.71_1","NAME_1":"Southern Leyte","NL_NAME_1":"NA","GID_2":"PHL.71.16_1","NAME_2":"San Ricardo","NL_NAME_2":"NA","NAME_3":"Inolinan","VARNAME_3":"NA","NL_NAME_3":"NA","TYPE_3":"Barangay","ENGTYPE_3":"Village","CC_3":"NA","HASC_3":"NA"},"geometry":{"type":"MultiPolygon","coordinates":[[[[125.267410278000284,9.90970039400014],[125.26735687300004,9.910220146000142],[125.267303466000158,9.910820007000154],[125.267272949000017,9.91090965300009],[125.266357421000293,9.915519714000084],[125.265739440000061,9.923089982000079],[125.272476196000071,9.91110038700009],[125.272659302000079,9.910969734],[125.272979736000138,9.910750389000043],[125.272781372000054,9.910559654000167],[125.272216796000066,9.910559654000167],[125.271942138000099,9.910829545000013],[125.27139282200028,9.910829545000013],[125.270553588000098,9.910559654000167],[125.268333434000283,9.909999848000041],[125.267501830000015,9.909720420000042],[125.267410278000284,9.90970039400014]]]]}},
{"type":"Feature","properties":{"fid":402,"GID_3":"PHL.71.16.8_1","GID_0":"PHL","COUNTRY":"Philippines","GID_1":"PHL.71_1","NAME_1":"Southern Leyte","NL_NAME_1":"NA","GID_2":"PHL.71.16_1","NAME_2":"San Ricardo","NL_NAME_2":"NA","NAME_3":"Kinachawa","VARNAME_3":"NA","NL_NAME_3":"NA","TYPE_3":"Barangay","ENGTYPE_3":"Village","CC_3":"NA","HASC_3":"NA"},"geometry":{"type":"MultiPolygon","coordinates":[[[[125.234069823000141,10.019450187000075],[125.230667114000198,10.025449753000146],[125.236137390000067,10.028340341000046],[125.241256715000191,10.029129983000189],[125.246406556000238,10.029109955000138],[125.249290466000161,10.028630257000032],[125.252777100000117,10.029140473000155],[125.252777100000117,10.028889657000036],[125.253051758000083,10.028610229000151],[125.253051758000083,10.028329850000148],[125.25332641600005,10.02805996],[125.25332641600005,10.027500152000073],[125.253608704000044,10.02721977300007],[125.253608704000044,10.026670456000147],[125.253890992000265,10.026390075000165],[125.253890992000265,10.026109696000105],[125.254173278000167,10.025830268999982],[125.254173278000167,10.025560379000069],[125.254447938000339,10.02528],[125.254447938000339,10.024720192000075],[125.254722596000192,10.024439811000093],[125.254722596000192,10.024169923000102],[125.254997254000159,10.02388954200012],[125.254997254000159,10.023610115000167],[125.255279542000039,10.023329734000129],[125.255279542000039,10.023059846000024],[125.255836486000135,10.022500038000089],[125.255836486000135,10.022219659000029],[125.257270813000218,10.02079010000017],[125.250961305000033,10.016960145000098],[125.249511719000225,10.013970375000156],[125.246002197000053,10.010439872000177],[125.240379334000181,10.008429528000079],[125.234069823000141,10.019450187000075]]]]}},
{"type":"Feature","properties":{"fid":403,"GID_3":"PHL.71.16.9_1","GID_0":"PHL","COUNTRY":"Philippines","GID_1":"PHL.71_1","NAME_1":"Southern Leyte","NL_NAME_1":"NA","GID_2":"PHL.71.16_1","NAME_2":"San Ricardo","NL_NAME_2":"NA","NAME_3":"Looc","VARNAME_3":"NA","NL_NAME_3":"NA","TYPE_3":"Barangay","ENGTYPE_3":"Village","CC_3":"NA","HASC_3":"NA"},"geometry":{"type":"MultiPolygon","coordinates":[[[[125.244903564000083,10.000969886000178],[125.242637635000051,10.00426960100009],[125.240623475,10.00798988300005],[125.240379334000181,10.008429528000079],[125.246002197000053,10.010439872000177],[125.249511719000225,10.013970375000156],[125.250961305000033,10.016960145000098],[125.257270813000218,10.02079010000017],[125.257766724000135,10.020279884000047],[125.258056640000177,10.020279884000047],[125.260002136000026,10.018329620000145],[125.260276794000333,10.018329620000145],[125.261390686000141,10.017219543000067],[125.261390686000141,10.016949655000076],[125.261672974000021,10.016670227000077],[125.261672974000021,10.016389846000038],[125.261978149000015,10.015919686000075],[125.262260437000236,10.01480960900011],[125.262817383000311,10.014260292000074],[125.26364898700001,10.013019563000171],[125.260360718000015,10.010390282000117],[125.251968384000179,10.005929946000037],[125.249900818000015,10.004369735000182],[125.249656676000086,10.004190445000063],[125.246650695000085,10.001910210000176],[125.244903564000083,10.000969886000178]]]]}},
{"type":"Feature","properties":{"fid":404,"GID_3":"PHL.71.16.10_1","GID_0":"PHL","COUNTRY":"Philippines","GID_1":"PHL.71_1","NAME_1":"Southern Leyte","NL_NAME_1":"NA","GID_2":"PHL.71.16_1","NAME_2":"San Ricardo","NL_NAME_2":"NA","NAME_3":"Pinut-An","VARNAME_3":"NA","NL_NAME_3":"NA","TYPE_3":"Barangay","ENGTYPE_3":"Village","CC_3":"NA","HASC_3":"NA"},"geometry":{"type":"MultiPolygon","coordinates":[[[[125.250991821000071,9.989020348000167],[125.247810364000088,9.993499756000062],[125.244903564000083,10.000969886000178],[125.246650695000085,10.001910210000176],[125.249656676000086,10.004190445000063],[125.249900818000015,10.004369735000182],[125.251968384000179,10.005929946000037],[125.260360718000015,10.010390282000117],[125.26364898700001,10.013019563000171],[125.26416778600003,10.012499809000133],[125.26416778600003,10.012220383000113],[125.264442444000224,10.011940003],[125.264442444000224,10.011670113000093],[125.264717102000077,10.011389732000055],[125.264717102000077,10.011110306000035],[125.264999390000071,10.010829926000099],[125.264999390000071,10.010279655000147],[125.26526641800001,10.010000229000127],[125.26526641800001,10.009440423000171],[125.265556336000031,10.009169578000012],[125.265556336000031,10.008890152],[125.266387940000072,10.008060456000123],[125.266387940000072,10.007780075000085],[125.266670226000201,10.007780075000085],[125.266937256000233,10.007499695000149],[125.266937256000233,10.007220269000129],[125.268058776000089,10.006110192000051],[125.268058776000089,10.005829811000183],[125.268608094000115,10.005279541000164],[125.268890380000016,10.005279541000164],[125.269493103000059,10.004670144000102],[125.271110534000059,10.003060341000037],[125.271110534000059,10.002779961000101],[125.27139282200028,10.002499580000062],[125.27139282200028,10.002220154000042],[125.271667480000133,10.001939774000107],[125.271667480000133,10.001859665000154],[125.271667480000133,10.001669883999966],[125.272781372000054,10.000559807000059],[125.273063660000162,10.000559807000059],[125.273330688000215,10.000280381000039],[125.273902892000137,10.000280381000039],[125.274169922000056,10.000559807000059],[125.275001526000096,10.000000001000103],[125.275558472000171,9.999719620000121],[125.276443481000115,9.998849868999969],[125.277648925000221,9.997630120000053],[125.262443543000131,9.99314022100009],[125.250991821000071,9.989020348000167]]]]}},
{"type":"Feature","properties":{"fid":405,"GID_3":"PHL.71.16.11_1","GID_0":"PHL","COUNTRY":"Philippines","GID_1":"PHL.71_1","NAME_1":"Southern Leyte","NL_NAME_1":"NA","GID_2":"PHL.71.16_1","NAME_2":"San Ricardo","NL_NAME_2":"NA","NAME_3":"Poblacion","VARNAME_3":"NA","NL_NAME_3":"NA","TYPE_3":"Barangay","ENGTYPE_3":"Village","CC_3":"NA","HASC_3":"NA"},"geometry":{"type":"MultiPolygon","coordinates":[[[[125.265739440000061,9.923089982000079],[125.269081116000166,9.927490235000107],[125.272407532000216,9.925909995999973],[125.27607727100019,9.924030303000166],[125.277450561000137,9.923620224000103],[125.279022217000147,9.9214496620001],[125.279808044000106,9.918749809000076],[125.277969360000156,9.915960312000095],[125.27712249800004,9.910759926000026],[125.277221680000139,9.910289764000026],[125.277297974000021,9.909999848000041],[125.276947022000172,9.909999848000041],[125.276390076000098,9.910559654000167],[125.276107788000104,9.910559654000167],[125.275993348000043,9.910679818000176],[125.275833130000024,9.910829545000013],[125.274353028000064,9.910829545000013],[125.273063660000162,9.910829545000013],[125.272979736000138,9.910750389000043],[125.272659302000079,9.910969734],[125.272476196000071,9.91110038700009],[125.265739440000061,9.923089982000079]]]]}},
{"type":"Feature","properties":{"fid":406,"GID_3":"PHL.71.16.12_1","GID_0":"PHL","COUNTRY":"Philippines","GID_1":"PHL.71_1","NAME_1":"Southern Leyte","NL_NAME_1":"NA","GID_2":"PHL.71.16_1","NAME_2":"San Ricardo","NL_NAME_2":"NA","NAME_3":"San Antonio","VARNAME_3":"Alangalang","NL_NAME_3":"NA","TYPE_3":"Barangay","ENGTYPE_3":"Village","CC_3":"NA","HASC_3":"NA"},"geometry":{"type":"MultiPolygon","coordinates":[[[[125.277450561000137,9.923620224000103],[125.280822754000042,9.921139718000177],[125.28473663300008,9.917590141000062],[125.289337158000194,9.914759636000042],[125.290382385000044,9.914110183000048],[125.288887024000019,9.912500383000065],[125.288612366000052,9.912500383000065],[125.288330078000172,9.912220002000083],[125.288063049000016,9.912220002000083],[125.287780762000011,9.911939622000148],[125.287216186000023,9.911939622000148],[125.286109924000129,9.911390306000158],[125.285278320000089,9.911109925000119],[125.284118653000291,9.910510062000185],[125.283058166000046,9.91028022900008],[125.278610230000027,9.91028022900008],[125.277778626000213,9.909999848000041],[125.277297974000021,9.909999848000041],[125.277221680000139,9.910289764000026],[125.27712249800004,9.910759926000026],[125.277969360000156,9.915960312000095],[125.279808044000106,9.918749809000076],[125.279022217000147,9.9214496620001],[125.277450561000137,9.923620224000103]]]]}},
{"type":"Feature","properties":{"fid":407,"GID_3":"PHL.71.16.13_1","GID_0":"PHL","COUNTRY":"Philippines","GID_1":"PHL.71_1","NAME_1":"Southern Leyte","NL_NAME_1":"NA","GID_2":"PHL.71.16_1","NAME_2":"San Ricardo","NL_NAME_2":"NA","NAME_3":"San Ramon","VARNAME_3":"NA","NL_NAME_3":"NA","TYPE_3":"Barangay","ENGTYPE_3":"Village","CC_3":"NA","HASC_3":"NA"},"geometry":{"type":"MultiPolygon","coordinates":[[[[125.230667114000198,10.025449753000146],[125.225402832000213,10.036829949000094],[125.228446960000042,10.037949562000108],[125.234230041000046,10.041090011000165],[125.244621278000182,10.049269677000154],[125.244720460000167,10.049169540000094],[125.244720460000167,10.048330308000118],[125.244659424000133,10.04749012100018],[125.244506835000038,10.047209740000142],[125.244239807000099,10.046859741000048],[125.243820190000292,10.046170234000101],[125.2437515270002,10.045550347000074],[125.243820190000292,10.045140266000146],[125.244033813000101,10.044380188000162],[125.243888856000126,10.04389],[125.243888856000126,10.043330193000031],[125.244720460000167,10.042499542000144],[125.244720460000167,10.041939736000188],[125.244453430000135,10.041669846000048],[125.245002746000068,10.041110039000046],[125.245002746000068,10.04082965900011],[125.245552064000094,10.04028034300012],[125.24639129600007,10.04028034300012],[125.246673584000177,10.039999962000081],[125.246948242000144,10.039999962000081],[125.247222900000111,10.039719581999975],[125.247497558000077,10.039719581999975],[125.248046876000103,10.039170266000042],[125.248046876000103,10.038889885000174],[125.249732972000174,10.03722000200014],[125.249732972000174,10.036939621000101],[125.250000000000227,10.036669731000188],[125.250000000000227,10.036390306000044],[125.250267030000259,10.036109925],[125.250267030000259,10.035829544000023],[125.250556946000074,10.035559654000053],[125.250556946000074,10.035280229000136],[125.250831604000041,10.034999848000098],[125.250831604000041,10.034720420000099],[125.251388550000115,10.034170152],[125.251388550000115,10.03388977100019],[125.251663208000195,10.033610342999964],[125.251663208000195,10.033329965000064],[125.252220154000042,10.032779694000112],[125.252220154000042,10.032219888000157],[125.25250244200015,10.031940460000101],[125.25250244200015,10.029999734000114],[125.252777100000117,10.029720306000058],[125.252777100000117,10.029140473000155],[125.249290466000161,10.028630257000032],[125.246406556000238,10.029109955000138],[125.241256715000191,10.029129983000189],[125.236137390000067,10.028340341000046],[125.230667114000198,10.025449753000146]]]]}},
{"type":"Feature","properties":{"fid":408,"GID_3":"PHL.71.16.14_1","GID_0":"PHL","COUNTRY":"Philippines","GID_1":"PHL.71_1","NAME_1":"Southern Leyte","NL_NAME_1":"NA","GID_2":"PHL.71.16_1","NAME_2":"San Ricardo","NL_NAME_2":"NA","NAME_3":"Saub","VARNAME_3":"NA","NL_NAME_3":"NA","TYPE_3":"Barangay","ENGTYPE_3":"Village","CC_3":"NA","HASC_3":"NA"},"geometry":{"type":"MultiPolygon","coordinates":[[[[125.222473145000208,10.052240371000096],[125.231323242000144,10.060270310000021],[125.238609314000087,10.066940307000095],[125.238891602000194,10.066670417000125],[125.238891602000194,10.066109658000016],[125.239166260000161,10.065830230000188],[125.239166260000161,10.065560340000047],[125.239440918000014,10.065279962000147],[125.239440918000014,10.064999581000109],[125.239723206000235,10.064720153000053],[125.239723206000235,10.063329696000039],[125.239997864000088,10.063059808000105],[125.239723206000235,10.062499999000067],[125.239723206000235,10.06138992200016],[125.239997864000088,10.061109544000033],[125.239997864000088,10.060560226000064],[125.240280152000309,10.060279846000128],[125.240280152000309,10.060000420000108],[125.240547179000146,10.059720039000069],[125.240280152000309,10.059439659000134],[125.240280152000309,10.05897045100005],[125.240303040000072,10.058440209000082],[125.240547179000146,10.057780266000066],[125.240547179000146,10.057220459],[125.240837098000043,10.056949616000111],[125.240837098000043,10.056409836],[125.235626221000075,10.055250167000054],[125.232749939000314,10.053709985000182],[125.231033326000102,10.051569939000046],[125.22779846200001,10.04936981200018],[125.224212646000296,10.049670220000166],[125.222473145000208,10.052240371000096]]]]}},
{"type":"Feature","properties":{"fid":409,"GID_3":"PHL.71.16.15_1","GID_0":"PHL","COUNTRY":"Philippines","GID_1":"PHL.71_1","NAME_1":"Southern Leyte","NL_NAME_1":"NA","GID_2":"PHL.71.16_1","NAME_2":"San Ricardo","NL_NAME_2":"NA","NAME_3":"Timba","VARNAME_3":"NA","NL_NAME_3":"NA","TYPE_3":"Barangay","ENGTYPE_3":"Village","CC_3":"NA","HASC_3":"NA"},"geometry":{"type":"MultiPolygon","coordinates":[[[[125.284599304000039,9.939370155000177],[125.285301209000068,9.939259529000083],[125.286109924000129,9.939129831],[125.2882614130001,9.938770294000051],[125.287857056000121,9.937450409000178],[125.289756775000114,9.934720039000183],[125.293197632000215,9.93060016600009],[125.29805755700022,9.930279731000155],[125.298332214000084,9.930000305000135],[125.298332214000084,9.928059577000113],[125.29805755700022,9.927780151000093],[125.298889161000147,9.926939965000031],[125.298889161000147,9.925359726000124],[125.298889161000147,9.925279617000172],[125.298599242000023,9.925009727000031],[125.29805755700022,9.924719811000045],[125.297782899000026,9.924440384999969],[125.297233581000114,9.924169540000037],[125.296943664000196,9.923890114000017],[125.296386718000122,9.923609734000081],[125.296112061000031,9.923330308000061],[125.295547486000146,9.923060418000148],[125.295547486000146,9.92257976500008],[125.295547486000146,9.922499657000174],[125.295280457000104,9.922220231000153],[125.294929505000027,9.921990395000137],[125.29486083900008,9.922060013000021],[125.287338257000101,9.929619790000174],[125.285209655000017,9.933420181000088],[125.282493592000037,9.934909821000076],[125.279998780000028,9.935999871000035],[125.277030944000103,9.937509537000096],[125.279243470000097,9.938920021000058],[125.281303406,9.938380241000175],[125.282958984000174,9.938529968000012],[125.284599304000039,9.939370155000177]]]]}},
{"type":"Feature","properties":{"fid":410,"GID_3":"PHL.71.17.1_1","GID_0":"PHL","COUNTRY":"Philippines","GID_1":"PHL.71_1","NAME_1":"Southern Leyte","NL_NAME_1":"NA","GID_2":"PHL.71.17_1","NAME_2":"Silago","NL_NAME_2":"NA","NAME_3":"Balagawan","VARNAME_3":"NA","NL_NAME_3":"NA","TYPE_3":"Barangay","ENGTYPE_3":"Village","CC_3":"NA","HASC_3":"NA"},"geometry":{"type":"MultiPolygon","coordinates":[[[[125.16383361700025,10.441699981000113],[125.158897401000218,10.441960334999976],[125.156272888000217,10.441969871000083],[125.155937195000092,10.441969871000083],[125.15297699100006,10.441980362000152],[125.145843506000119,10.443460466000033],[125.139137267000024,10.445500374000062],[125.136016846000075,10.446049690000052],[125.146377564000204,10.457200050000154],[125.157592774000022,10.467180252000105],[125.163398742000027,10.473170281000023],[125.16634369000019,10.47622966900002],[125.169906617000038,10.477990151000029],[125.173118592000151,10.479869842000028],[125.177421569000103,10.48371982499998],[125.180442810000045,10.484999657],[125.183898925000108,10.486339570000155],[125.187347412000236,10.486550332000149],[125.188056945000085,10.485830306000082],[125.188056945000085,10.485560418000148],[125.187767029000042,10.485280038000042],[125.187500001000217,10.485280038000042],[125.186668397000062,10.484439851000047],[125.186668397000062,10.484169961000134],[125.186943055000143,10.483889580000096],[125.186943055000143,10.483610152000097],[125.187232971000071,10.48332977400014],[125.187767029000042,10.48332977400014],[125.188056945000085,10.483059884],[125.188056945000085,10.482500077000168],[125.18833160500003,10.482219697000062],[125.18833160500003,10.481940269],[125.188606263000224,10.481670379000093],[125.188606263000224,10.48139],[125.188888549000126,10.481109620000097],[125.188888549000126,10.480560302000129],[125.189163209000071,10.480279923000126],[125.189163209000071,10.47999954300019],[125.190002441000274,10.479169846000048],[125.190002441000274,10.478610038000056],[125.189720155000032,10.478329660000156],[125.190002441000274,10.478059769000083],[125.190002441000274,10.477780342000187],[125.190551759000073,10.477219583000021],[125.190551759000073,10.476670265000052],[125.190826417000039,10.47638988600005],[125.190826417000039,10.475830078000115],[125.191108703000168,10.475560188000145],[125.191108703000168,10.475279809000142],[125.191390991000048,10.475000381000086],[125.191390991000048,10.474169732],[125.191673279000156,10.473890304000179],[125.191390991000048,10.473609924000073],[125.191390991000048,10.472780227000101],[125.191673279000156,10.472499847000165],[125.191673279000156,10.47196006900009],[125.191390991000048,10.471670149999966],[125.191390991000048,10.47138977000003],[125.191108703000168,10.47111034400001],[125.191108703000168,10.47068977400005],[125.191108703000168,10.470560073000058],[125.191001893000021,10.470450401000051],[125.190826417000039,10.470279695000158],[125.190826417000039,10.47006035000004],[125.190788270000212,10.469949722000081],[125.190551759000073,10.469719886000064],[125.190551759000073,10.469440461000147],[125.190277099000127,10.469169618000024],[125.190277099000127,10.468890190000025],[125.189453125000114,10.468059541000116],[125.189453125000114,10.467499732000078],[125.189163209000071,10.467220307000105],[125.189163209000071,10.466939926000123],[125.188056945000085,10.465829848999988],[125.188056945000085,10.465559959000075],[125.187500001000217,10.465000153000119],[125.187500001000217,10.463330269000153],[125.187767029000042,10.463060379000183],[125.187767029000042,10.462779999000077],[125.188056945000085,10.462499618000095],[125.188056945000085,10.462220192000018],[125.187767029000042,10.461939812000139],[125.187767029000042,10.461669922000169],[125.187500001000217,10.461389541000131],[125.187500001000217,10.460559845000091],[125.187576294000223,10.460479736000082],[125.187767029000042,10.460280419000014],[125.187767029000042,10.460000038000032],[125.187500001000217,10.459719658000097],[125.187500001000217,10.459440232000077],[125.187232971000071,10.459170342000107],[125.187232971000071,10.458609581000189],[125.186943055000143,10.458330155000169],[125.186943055000143,10.457779884],[125.186531068000022,10.457369805000098],[125.186393737000117,10.457220078000034],[125.186393737000117,10.45588016500011],[125.186393737000117,10.455559730000175],[125.186668397000062,10.455280305000031],[125.186668397000062,10.454719543000181],[125.186943055000143,10.45444965300004],[125.186943055000143,10.454170228000123],[125.186668397000062,10.453889847000085],[125.186668397000062,10.453060151000045],[125.186393737000117,10.452779770000177],[125.186393737000117,10.451669693000099],[125.18623352100019,10.451510430000155],[125.186111451000215,10.451390267000079],[125.186111451000215,10.450830459000088],[125.185836793000021,10.450559615999964],[125.185836793000021,10.450030326000046],[125.17893982000021,10.446579934000056],[125.173576356000012,10.44476986],[125.16383361700025,10.441699981000113]]]]}},
{"type":"Feature","properties":{"fid":411,"GID_3":"PHL.71.17.2_1","GID_0":"PHL","COUNTRY":"Philippines","GID_1":"PHL.71_1","NAME_1":"Southern Leyte","NL_NAME_1":"NA","GID_2":"PHL.71.17_1","NAME_2":"Silago","NL_NAME_2":"NA","NAME_3":"Catmon","VARNAME_3":"NA","NL_NAME_3":"NA","TYPE_3":"Barangay","ENGTYPE_3":"Village","CC_3":"NA","HASC_3":"NA"},"geometry":{"type":"MultiPolygon","coordinates":[[[[125.067161560000045,10.537019730000168],[125.069923401000096,10.539999962000024],[125.072631836000028,10.542940140000098],[125.077049255000247,10.540519714000027],[125.079849244000229,10.53946972],[125.08326721200001,10.535699845000124],[125.084869384000058,10.534009933999982],[125.086837769000113,10.529809952000107],[125.089027404000035,10.526809692000029],[125.092956543000014,10.524169923000045],[125.09591674700016,10.522899628000175],[125.099693299000137,10.520059585000126],[125.101440431000128,10.516659736000065],[125.10147857700008,10.514949797999975],[125.102653503000056,10.513500213000043],[125.107460023000044,10.508199692000176],[125.109878541000171,10.504570007000154],[125.112098693,10.500510216000066],[125.11412811300022,10.49666023400016],[125.118621826000208,10.490019798000162],[125.122596740000063,10.481840133999981],[125.123641968000015,10.479559898000161],[125.1246566760002,10.47735023600012],[125.127899171000081,10.468079567000188],[125.128479003000166,10.465780258999985],[125.1285171520002,10.465589523],[125.129119873000036,10.463219642000126],[125.132041932000106,10.454350471],[125.136016846000075,10.446049690000052],[125.128562927000189,10.448390007000171],[125.119781495000097,10.451510430000155],[125.114227295000092,10.45316028600007],[125.106536865000066,10.454819680000014],[125.09971618700024,10.45518970500018],[125.091583252000078,10.453370095000082],[125.083778381000116,10.448789598000076],[125.074821471000178,10.439959526999985],[125.075233460000049,10.448430061000067],[125.071273805000033,10.471759797],[125.061836243000243,10.502550124999971],[125.058532715000297,10.514399530000105],[125.052963257000101,10.523870469000087],[125.067161560000045,10.537019730000168]]]]}},
{"type":"Feature","properties":{"fid":412,"GID_3":"PHL.71.17.3_1","GID_0":"PHL","COUNTRY":"Philippines","GID_1":"PHL.71_1","NAME_1":"Southern Leyte","NL_NAME_1":"NA","GID_2":"PHL.71.17_1","NAME_2":"Silago","NL_NAME_2":"NA","NAME_3":"Hingatungan","VARNAME_3":"NA","NL_NAME_3":"NA","TYPE_3":"Barangay","ENGTYPE_3":"Village","CC_3":"NA","HASC_3":"NA"},"geometry":{"type":"MultiPolygon","coordinates":[[[[125.120109558000195,10.593190194000044],[125.149246216000051,10.622240066000074],[125.149436950000222,10.622229576000109],[125.15000152600021,10.62222004],[125.15028381400009,10.621939659000191],[125.150833130000137,10.621939659000191],[125.151107788000104,10.62166976900005],[125.151390076000212,10.62166976900005],[125.151657104000037,10.62139034300003],[125.151947022000058,10.62139034300003],[125.152221680000025,10.621109963000094],[125.152778626000099,10.621109963000094],[125.153053284000066,10.620829582000056],[125.153343201000212,10.620829582000056],[125.154167174000122,10.619999886000187],[125.154441834000068,10.619999886000187],[125.155281066000043,10.619170188999988],[125.155281066000043,10.618889809000052],[125.155563354000151,10.618610383000032],[125.155563354000151,10.61806011200008],[125.155830384000069,10.617779732000145],[125.155830384000069,10.617500306000125],[125.157783508000193,10.615559578000102],[125.15805816600016,10.615559578000102],[125.158607482000093,10.6149997710001],[125.158607482000093,10.614720346000126],[125.160003662,10.61332988800001],[125.160278320000202,10.61332988800001],[125.160842895000087,10.612779617000058],[125.161109924000016,10.612779617000058],[125.16139221200001,10.612500192000141],[125.16166687000009,10.612500192000141],[125.162216186000137,10.611940383000103],[125.162498474000017,10.611940383000103],[125.163063049000129,10.611390115],[125.163063049000129,10.611109734000024],[125.163330078000058,10.610830305999968],[125.163330078000058,10.610560418000034],[125.163063049000129,10.610280038000099],[125.164169312000013,10.609169961000191],[125.16471862800006,10.609169961000191],[125.165000916000167,10.608889580000152],[125.165283203000286,10.608889580000152],[125.165832520000208,10.608329774000026],[125.166107178000175,10.608329774000026],[125.166946411000026,10.607500077000054],[125.167221068000117,10.607500077000054],[125.168609619000222,10.606109619999984],[125.168609619000222,10.605830192000155],[125.169166565000069,10.605279923000182],[125.169166565000069,10.604439736000018],[125.170280457000104,10.60332965900011],[125.170547484000053,10.60332965900011],[125.172782899000026,10.601110458000107],[125.173332215000187,10.601110458000107],[125.173606873000153,10.600830078000172],[125.174453735000043,10.600830078000172],[125.174720765000075,10.600560188000031],[125.175277711000035,10.600560188000031],[125.175552369000116,10.600279809000028],[125.175827026000093,10.600279809000028],[125.176109315000076,10.600000380999973],[125.176391601000319,10.600000380999973],[125.17666626100015,10.599720001000037],[125.176940919000117,10.599720001000037],[125.177223205000018,10.599439622000034],[125.177497865000191,10.599439622000034],[125.177780151000093,10.599169732000121],[125.178047180000249,10.599169732000121],[125.178886413000328,10.598329545000126],[125.179443359000061,10.598329545000126],[125.182220459000177,10.595560073000115],[125.182777405000024,10.595560073000115],[125.183052063000218,10.595279695000045],[125.183326721000185,10.595279695000045],[125.183609009000065,10.59500026700016],[125.183891297000059,10.59500026700016],[125.1847229010001,10.59416961800008],[125.184997559000067,10.593890190000081],[125.184997559000067,10.593609809000043],[125.185279847000174,10.593330384000126],[125.185279847000174,10.593059541000173],[125.186393737000117,10.59193992600018],[125.186393737000117,10.591670036000039],[125.186569215000077,10.591489792000061],[125.186668397000062,10.591389655000057],[125.186668397000062,10.591110230000083],[125.186943055000143,10.590829849000102],[125.186943055000143,10.589719771999967],[125.186866761000033,10.589639663000185],[125.186668397000062,10.589440346000117],[125.186668397000062,10.588890076000098],[125.186393737000117,10.588609695000059],[125.186393737000117,10.588330269000039],[125.186111451000215,10.588060379000069],[125.186111451000215,10.587220192000132],[125.185836793000021,10.586939812000026],[125.185836793000021,10.586669922000056],[125.185546875000227,10.586389541000017],[125.185546875000227,10.586110115],[125.185836793000021,10.585829735000061],[125.185836793000021,10.585559845000148],[125.186668397000062,10.584719658000154],[125.186943055000143,10.584719658000154],[125.188056945000085,10.583609581000076],[125.188056945000085,10.583330155000056],[125.189163209000071,10.582220078000091],[125.189163209000071,10.581939697000109],[125.189453125000114,10.581669807000139],[125.189453125000114,10.581110001000184],[125.189720155000032,10.580829619999975],[125.189720155000032,10.580559730000061],[125.190002441000274,10.580280304000041],[125.190002441000274,10.579999924000106],[125.190551759000073,10.579449653000097],[125.190551759000073,10.57917022800018],[125.191108703000168,10.578610421000121],[125.191108703000168,10.578330041000015],[125.191390991000048,10.578060151000102],[125.191390991000048,10.577779770000063],[125.19168090900007,10.577489854000078],[125.191711426000211,10.577269554000111],[125.12796783400006,10.59173965400015],[125.120109558000195,10.593190194000044]]]]}},
{"type":"Feature","properties":{"fid":413,"GID_3":"PHL.71.17.4_1","GID_0":"PHL","COUNTRY":"Philippines","GID_1":"PHL.71_1","NAME_1":"Southern Leyte","NL_NAME_1":"NA","GID_2":"PHL.71.17_1","NAME_2":"Silago","NL_NAME_2":"NA","NAME_3":"Imelda","VARNAME_3":"NA","NL_NAME_3":"NA","TYPE_3":"Barangay","ENGTYPE_3":"Village","CC_3":"NA","HASC_3":"NA"},"geometry":{"type":"MultiPolygon","coordinates":[[[[125.09853363000002,10.571390153000095],[125.107673645000204,10.58106994700006],[125.108947755000031,10.578929901000095],[125.108673095000086,10.574979781000138],[125.109207152000295,10.574069976000089],[125.110382080000022,10.570579530000089],[125.111991883000087,10.567970275000107],[125.113037109000061,10.56455040000003],[125.114837646000069,10.560549735000052],[125.115928650000114,10.558560372000045],[125.116630555000029,10.555529595],[125.120140075000108,10.553790093000146],[125.12375640900018,10.549440384000036],[125.124282836000134,10.546010018000061],[125.126892091000059,10.540340423000032],[125.129867553000054,10.537329674000034],[125.130828858000314,10.534999847999984],[125.132270813000332,10.530440331000136],[125.12975311300022,10.52950000800007],[125.12670898500005,10.531490326000039],[125.125282288000221,10.532460214000025],[125.122779846000071,10.536450386000126],[125.120368958000086,10.536720276000096],[125.118217469000228,10.536800385000049],[125.116867066000054,10.536860467000054],[125.114753722000046,10.535989762000042],[125.111976624000135,10.538149833000148],[125.110839844000225,10.540510178000147],[125.10475158600002,10.543350219],[125.101142884000069,10.545379639000032],[125.094726563000222,10.549119949000101],[125.089813233000086,10.554080009000131],[125.086448669000106,10.557149888000026],[125.090988159000176,10.562910081000155],[125.09853363000002,10.571390153000095]]]]}},
{"type":"Feature","properties":{"fid":414,"GID_3":"PHL.71.17.5_1","GID_0":"PHL","COUNTRY":"Philippines","GID_1":"PHL.71_1","NAME_1":"Southern Leyte","NL_NAME_1":"NA","GID_2":"PHL.71.17_1","NAME_2":"Silago","NL_NAME_2":"NA","NAME_3":"Katipunan","VARNAME_3":"NA","NL_NAME_3":"NA","TYPE_3":"Barangay","ENGTYPE_3":"Village","CC_3":"NA","HASC_3":"NA"},"geometry":{"type":"MultiPolygon","coordinates":[[[[125.072631836000028,10.542940140000098],[125.086448669000106,10.557149888000026],[125.089813233000086,10.554080009000131],[125.094726563000222,10.549119949000101],[125.101142884000069,10.545379639000032],[125.10475158600002,10.543350219],[125.110839844000225,10.540510178000147],[125.111976624000135,10.538149833000148],[125.114753722000046,10.535989762000042],[125.116867066000054,10.536860467000054],[125.118217469000228,10.536800385000049],[125.120368958000086,10.536720276000096],[125.122779846000071,10.536450386000126],[125.125282288000221,10.532460214000025],[125.12670898500005,10.531490326000039],[125.12975311300022,10.52950000800007],[125.118148804000271,10.524419785000077],[125.101440431000128,10.516659736000065],[125.099693299000137,10.520059585000126],[125.09591674700016,10.522899628000175],[125.092956543000014,10.524169923000045],[125.089027404000035,10.526809692000029],[125.086837769000113,10.529809952000107],[125.084869384000058,10.534009933999982],[125.08326721200001,10.535699845000124],[125.079849244000229,10.53946972],[125.077049255000247,10.540519714000027],[125.072631836000028,10.542940140000098]]]]}},
{"type":"Feature","properties":{"fid":415,"GID_3":"PHL.71.17.6_1","GID_0":"PHL","COUNTRY":"Philippines","GID_1":"PHL.71_1","NAME_1":"Southern Leyte","NL_NAME_1":"NA","GID_2":"PHL.71.17_1","NAME_2":"Silago","NL_NAME_2":"NA","NAME_3":"Laguma","VARNAME_3":"NA","NL_NAME_3":"NA","TYPE_3":"Barangay","ENGTYPE_3":"Village","CC_3":"NA","HASC_3":"NA"},"geometry":{"type":"MultiPolygon","coordinates":[[[[125.177436829000158,10.55788040200008],[125.17687225300017,10.557760239000174],[125.176376342000026,10.557410240000081],[125.176177978000169,10.556719780000151],[125.176322937,10.55609989200002],[125.176322937,10.554400444000123],[125.176521302000083,10.553750039000022],[125.177223205000018,10.553330422000045],[125.177780151000093,10.552780151000093],[125.177780151000093,10.552499771000157],[125.178047180000249,10.552220345000137],[125.178047180000249,10.551969528000029],[125.178047180000249,10.551389694000022],[125.176940919000117,10.550279619000094],[125.175910950000116,10.550279619000094],[125.175827026000093,10.550279619000094],[125.175003053000182,10.549440384000036],[125.175003053000182,10.549169542000186],[125.174720765000075,10.548890114000187],[125.174720765000075,10.548609733000148],[125.174453735000043,10.548330307000128],[125.174453735000043,10.547780037000052],[125.174156188000211,10.54749965600007],[125.174156188000211,10.54722023000005],[125.173980713000105,10.547039987000119],[125.171279908000088,10.549280167],[125.170433044000333,10.551079751000088],[125.169822693000015,10.553310394000164],[125.171867371000076,10.555100442000139],[125.17192840600012,10.556340218],[125.170677185000045,10.557789803000162],[125.166320801000211,10.559379578000119],[125.163627625000117,10.559519767000097],[125.157218932000205,10.562649726000188],[125.15104675300006,10.566829682000161],[125.145713806000344,10.571060180000075],[125.148643493,10.571029664000037],[125.151252747000058,10.570790290000161],[125.154693604000158,10.570460319000119],[125.158012389000191,10.570130349000181],[125.161163330000022,10.569640161000109],[125.16455841100003,10.565699577000032],[125.167358397000044,10.565810204],[125.170700074000024,10.564379692000159],[125.172996521000073,10.563690185000041],[125.174926757000094,10.563289643000076],[125.176879883000083,10.5619297020001],[125.177230835000159,10.558810234000134],[125.177162171000305,10.558730125000125],[125.177436829000158,10.55788040200008]]]]}},
{"type":"Feature","properties":{"fid":416,"GID_3":"PHL.71.17.7_1","GID_0":"PHL","COUNTRY":"Philippines","GID_1":"PHL.71_1","NAME_1":"Southern Leyte","NL_NAME_1":"NA","GID_2":"PHL.71.17_1","NAME_2":"Silago","NL_NAME_2":"NA","NAME_3":"Mercedes","VARNAME_3":"NA","NL_NAME_3":"NA","TYPE_3":"Barangay","ENGTYPE_3":"Village","CC_3":"NA","HASC_3":"NA"},"geometry":{"type":"MultiPolygon","coordinates":[[[[125.187347412000236,10.486550332000149],[125.183898925000108,10.486339570000155],[125.180442810000045,10.484999657],[125.177421569000103,10.48371982499998],[125.173118592000151,10.479869842000028],[125.169906617000038,10.477990151000029],[125.16634369000019,10.47622966900002],[125.163398742000027,10.473170281000023],[125.157592774000022,10.467180252000105],[125.146377564000204,10.457200050000154],[125.136016846000075,10.446049690000052],[125.132041932000106,10.454350471],[125.129119873000036,10.463219642000126],[125.1285171520002,10.465589523],[125.128479003000166,10.465780258999985],[125.127899171000081,10.468079567000188],[125.138938903000167,10.474659920000079],[125.146850586000255,10.475769996999986],[125.150939941000161,10.476679802000035],[125.155792235000149,10.479249955000171],[125.160110473000032,10.480719567000108],[125.165916442000025,10.482410431],[125.17008209200003,10.486969947000148],[125.172317505000024,10.487709999000117],[125.17646789600019,10.487830162000023],[125.178070069000114,10.489609718000168],[125.181053161000023,10.491760254000098],[125.182403565000186,10.493889809],[125.182502747000058,10.493889809],[125.182777405000024,10.493610383000146],[125.183052063000218,10.493610383000146],[125.186813354000151,10.489859580000029],[125.186943055000143,10.48972034600007],[125.186943055000143,10.489540100000113],[125.186943055000143,10.489439965000088],[125.187011718,10.489379883000083],[125.187232971000071,10.489170075000118],[125.187217713000109,10.488889695000182],[125.187500001000217,10.488610269000162],[125.187500001000217,10.488229751000119],[125.187500001000217,10.48805999800004],[125.186943055000143,10.487500192000084],[125.186943055000143,10.487219811000045],[125.187232971000071,10.486940383],[125.187232971000071,10.486669540999969],[125.187347412000236,10.486550332000149]]]]}},
{"type":"Feature","properties":{"fid":417,"GID_3":"PHL.71.17.8_1","GID_0":"PHL","COUNTRY":"Philippines","GID_1":"PHL.71_1","NAME_1":"Southern Leyte","NL_NAME_1":"NA","GID_2":"PHL.71.17_1","NAME_2":"Silago","NL_NAME_2":"NA","NAME_3":"Pob. District I","VARNAME_3":"NA","NL_NAME_3":"NA","TYPE_3":"Barangay","ENGTYPE_3":"Village","CC_3":"NA","HASC_3":"NA"},"geometry":{"type":"MultiPolygon","coordinates":[[[[125.107460023000044,10.508199692000176],[125.102653503000056,10.513500213000043],[125.10147857700008,10.514949797999975],[125.101440431000128,10.516659736000065],[125.118148804000271,10.524419785000077],[125.12975311300022,10.52950000800007],[125.132270813000332,10.530440331000136],[125.153038024000125,10.538929939000013],[125.158096313000215,10.53915977500003],[125.165367126000092,10.537380219000056],[125.166778565000072,10.53726005600015],[125.166687011000135,10.537179947000027],[125.166656494000108,10.536669731000075],[125.165283203000286,10.53528022800009],[125.165283203000286,10.534999847999984],[125.165000916000167,10.534720421999964],[125.165000916000167,10.534440041000153],[125.164756775000114,10.53419971500017],[125.16471862800006,10.528249741000081],[125.163223266000159,10.527870179000104],[125.16150665300006,10.527440071000058],[125.160087586000031,10.527029992000166],[125.159370423000269,10.526909829000033],[125.158660889000203,10.526780128000098],[125.156921386000022,10.52628040400009],[125.144950867000034,10.523280144000012],[125.137222290000182,10.520150185000148],[125.127326966000282,10.516139984000063],[125.119117737000238,10.512860298000135],[125.107460023000044,10.508199692000176]]]]}},
{"type":"Feature","properties":{"fid":418,"GID_3":"PHL.71.17.9_1","GID_0":"PHL","COUNTRY":"Philippines","GID_1":"PHL.71_1","NAME_1":"Southern Leyte","NL_NAME_1":"NA","GID_2":"PHL.71.17_1","NAME_2":"Silago","NL_NAME_2":"NA","NAME_3":"Pob. District II","VARNAME_3":"NA","NL_NAME_3":"NA","TYPE_3":"Barangay","ENGTYPE_3":"Village","CC_3":"NA","HASC_3":"NA"},"geometry":{"type":"MultiPolygon","coordinates":[[[[125.112098693,10.500510216000066],[125.109878541000171,10.504570007000154],[125.107460023000044,10.508199692000176],[125.119117737000238,10.512860298000135],[125.127326966000282,10.516139984000063],[125.137222290000182,10.520150185000148],[125.144950867000034,10.523280144000012],[125.156921386000022,10.52628040400009],[125.158660889000203,10.526780128000098],[125.159370423000269,10.526909829000033],[125.160087586000031,10.527029992000166],[125.16150665300006,10.527440071000058],[125.163223266000159,10.527870179000104],[125.16471862800006,10.528249741000081],[125.16471862800006,10.528059960000121],[125.165000916000167,10.527779579000082],[125.165000916000167,10.526940345000071],[125.16471862800006,10.526670455000158],[125.165000916000167,10.52639007700003],[125.165000916000167,10.525560380000059],[125.165283203000286,10.525280000000123],[125.165283203000286,10.524439813000129],[125.165557861000138,10.524169923000045],[125.165557861000138,10.523889542000177],[125.166107178000175,10.523329736000051],[125.166107178000175,10.522500039000079],[125.166389465000179,10.522219659000143],[125.166389465000179,10.521610260000045],[125.15995788500004,10.519860268000059],[125.153526306000344,10.518110276000186],[125.148757935000049,10.516460419],[125.145111085000167,10.515190125000061],[125.12777710000023,10.507369996000079],[125.112098693,10.500510216000066]]]]}},
{"type":"Feature","properties":{"fid":419,"GID_3":"PHL.71.17.10_1","GID_0":"PHL","COUNTRY":"Philippines","GID_1":"PHL.71_1","NAME_1":"Southern Leyte","NL_NAME_1":"NA","GID_2":"PHL.71.17_1","NAME_2":"Silago","NL_NAME_2":"NA","NAME_3":"Puntana","VARNAME_3":"NA","NL_NAME_3":"NA","TYPE_3":"Barangay","ENGTYPE_3":"Village","CC_3":"NA","HASC_3":"NA"},"geometry":{"type":"MultiPolygon","coordinates":[[[[125.107673645000204,10.58106994700006],[125.113502503000177,10.587450028000092],[125.11515045100009,10.585430146000135],[125.12039947400001,10.578989982],[125.153038024000125,10.538929939000013],[125.132270813000332,10.530440331000136],[125.130828858000314,10.534999847999984],[125.129867553000054,10.537329674000034],[125.126892091000059,10.540340423000032],[125.124282836000134,10.546010018000061],[125.12375640900018,10.549440384000036],[125.120140075000108,10.553790093000146],[125.116630555000029,10.555529595],[125.115928650000114,10.558560372000045],[125.114837646000069,10.560549735000052],[125.113037109000061,10.56455040000003],[125.111991883000087,10.567970275000107],[125.110382080000022,10.570579530000089],[125.109207152000295,10.574069976000089],[125.108673095000086,10.574979781000138],[125.108947755000031,10.578929901000095],[125.107673645000204,10.58106994700006]]]]}},
{"type":"Feature","properties":{"fid":420,"GID_3":"PHL.71.17.11_1","GID_0":"PHL","COUNTRY":"Philippines","GID_1":"PHL.71_1","NAME_1":"Southern Leyte","NL_NAME_1":"NA","GID_2":"PHL.71.17_1","NAME_2":"Silago","NL_NAME_2":"NA","NAME_3":"Salvacion","VARNAME_3":"NA","NL_NAME_3":"NA","TYPE_3":"Barangay","ENGTYPE_3":"Village","CC_3":"NA","HASC_3":"NA"},"geometry":{"type":"MultiPolygon","coordinates":[[[[125.12796783400006,10.59173965400015],[125.191711426000211,10.577269554000111],[125.19168090900007,10.577489854000078],[125.191947937000123,10.577219964000108],[125.191947937000123,10.576939583000069],[125.191673279000156,10.576669693000156],[125.191390991000048,10.576669693000156],[125.191108703000168,10.576390267000136],[125.190551759000073,10.576390267000136],[125.189628601000095,10.576199531000157],[125.189376831000232,10.576180458000067],[125.189002991000052,10.576129913000045],[125.18878936700014,10.576049804000093],[125.188507081000012,10.575929641000187],[125.18801879800003,10.575790406000124],[125.187049865000063,10.575579644000129],[125.186897278000174,10.575489998000137],[125.186111451000215,10.574999810000065],[125.185279847000174,10.574170113000093],[125.185546875000227,10.573889733000158],[125.185546875000227,10.573610307000138],[125.186111451000215,10.573060036000186],[125.186111451000215,10.57277965600008],[125.186668397000062,10.572219849000021],[125.186943055000143,10.572219849000021],[125.187606811000137,10.571550370000125],[125.187767029000042,10.571390153000095],[125.187767029000042,10.571149827000113],[125.187767029000042,10.570779799999968],[125.187767029000042,10.569720268000083],[125.187576294000223,10.569529532999979],[125.186943055000143,10.568889618000071],[125.186943055000143,10.568329812000115],[125.186668397000062,10.568059921999975],[125.186943055000143,10.567779541000164],[125.186668397000062,10.567500115000144],[125.18833160500003,10.565830230000074],[125.18833160500003,10.56556034200014],[125.188606263000224,10.565279962000034],[125.188606263000224,10.564999581],[125.188888549000126,10.564720153000167],[125.188888549000126,10.564169885000126],[125.189163209000071,10.56389045700007],[125.189163209000071,10.563650131000088],[125.189163209000071,10.563059808],[125.189453125000114,10.562780380000163],[125.189453125000114,10.56250000100016],[125.189163209000071,10.562219621000054],[125.189163209000071,10.561940193000169],[125.188888549000126,10.561670303000028],[125.188888549000126,10.561389924000025],[125.188713073000031,10.561200143000065],[125.188606263000224,10.561109544000089],[125.187896729000158,10.560440065000023],[125.187263490000078,10.56029987300019],[125.186569215000077,10.559949874999973],[125.186012269000344,10.559749603000114],[125.185729981000122,10.559679984000127],[125.184898377000195,10.559610366000072],[125.184333800000104,10.559329988000115],[125.183052063000218,10.55916977000004],[125.182441711000024,10.55916977000004],[125.181953431000125,10.559100152000099],[125.181671143000017,10.558890342000154],[125.180747985000039,10.558540344000164],[125.180610656000113,10.558259965000161],[125.18034362800006,10.557780265000076],[125.180191041000057,10.557430267000086],[125.179847717000143,10.557220459000121],[125.179168701000094,10.557220459000121],[125.178337097000167,10.557270051000103],[125.1780624390002,10.557760239000174],[125.177436829000158,10.55788040200008],[125.177162171000305,10.558730125000125],[125.177230835000159,10.558810234000134],[125.176879883000083,10.5619297020001],[125.174926757000094,10.563289643000076],[125.172996521000073,10.563690185000041],[125.170700074000024,10.564379692000159],[125.167358397000044,10.565810204],[125.16455841100003,10.565699577000032],[125.161163330000022,10.569640161000109],[125.158012389000191,10.570130349000181],[125.154693604000158,10.570460319000119],[125.151252747000058,10.570790290000161],[125.148643493,10.571029664000037],[125.145713806000344,10.571060180000075],[125.141372680000018,10.573559762000116],[125.138549805000139,10.575989724000124],[125.131576538000218,10.579910279000046],[125.1296997070001,10.584469796000064],[125.127838135000047,10.586970330000042],[125.127288819000114,10.589610099000026],[125.12796783400006,10.59173965400015]]]]}},
{"type":"Feature","properties":{"fid":421,"GID_3":"PHL.71.17.12_1","GID_0":"PHL","COUNTRY":"Philippines","GID_1":"PHL.71_1","NAME_1":"Southern Leyte","NL_NAME_1":"NA","GID_2":"PHL.71.17_1","NAME_2":"Silago","NL_NAME_2":"NA","NAME_3":"Sap-Ang","VARNAME_3":"NA","NL_NAME_3":"NA","TYPE_3":"Barangay","ENGTYPE_3":"Village","CC_3":"NA","HASC_3":"NA"},"geometry":{"type":"MultiPolygon","coordinates":[[[[125.127899171000081,10.468079567000188],[125.1246566760002,10.47735023600012],[125.123641968000015,10.479559898000161],[125.122596740000063,10.481840133999981],[125.139297485000156,10.488969803000089],[125.148902893000013,10.493069648000073],[125.158050536000019,10.496890069000074],[125.164283753000063,10.499719620000178],[125.165878295000198,10.502140045000147],[125.167823792000263,10.504699708000089],[125.168151855000019,10.507849693000082],[125.1690979010001,10.509059907],[125.16999816900011,10.512220383000056],[125.170372009000175,10.511790275000124],[125.170860291000054,10.511380196000061],[125.171836852000183,10.510899544000097],[125.172256469000104,10.510760307],[125.172683717000155,10.510760307],[125.173889161000034,10.51082992500011],[125.174156188000211,10.51082992500011],[125.174453735000043,10.511110306000091],[125.174720765000075,10.511110306000091],[125.175003053000182,10.51082992500011],[125.175277711000035,10.51082992500011],[125.175552369000116,10.51056003500014],[125.175979614000084,10.51056003500014],[125.176109315000076,10.51056003500014],[125.178337097000167,10.50833034600015],[125.178337097000167,10.507780074999971],[125.178047180000249,10.50749969400016],[125.178047180000249,10.506669998000064],[125.177497865000191,10.506110192000108],[125.177352905000134,10.506110192000108],[125.177223205000018,10.506110192000108],[125.176391601000319,10.505279540000117],[125.17666626100015,10.50500011500003],[125.17666626100015,10.504719734000162],[125.176940919000117,10.504440308000142],[125.177497865000191,10.504440308000142],[125.178047180000249,10.503890038000065],[125.178321838000102,10.503890038000065],[125.180000305000135,10.502220154000099],[125.180000305000135,10.501939774],[125.180267334000064,10.50166988400008],[125.180267334000064,10.500829697000086],[125.180000305000135,10.500539780000167],[125.180000305000135,10.500000000000114],[125.179733277000082,10.499719620000178],[125.179733277000082,10.498889922999979],[125.180000305000135,10.4986095430001],[125.180000305000135,10.49806022700011],[125.180267334000064,10.497779846000071],[125.180267334000064,10.497220040000116],[125.180831909000176,10.496669769000164],[125.180831909000176,10.495559692000086],[125.181106567000029,10.495280266],[125.181106567000029,10.49499988600013],[125.182220459000177,10.493889809],[125.182403565000186,10.493889809],[125.181053161000023,10.491760254000098],[125.178070069000114,10.489609718000168],[125.17646789600019,10.487830162000023],[125.172317505000024,10.487709999000117],[125.17008209200003,10.486969947000148],[125.165916442000025,10.482410431],[125.160110473000032,10.480719567000108],[125.155792235000149,10.479249955000171],[125.150939941000161,10.476679802000035],[125.146850586000255,10.475769996999986],[125.138938903000167,10.474659920000079],[125.127899171000081,10.468079567000188]]]]}},
{"type":"Feature","properties":{"fid":422,"GID_3":"PHL.71.17.13_1","GID_0":"PHL","COUNTRY":"Philippines","GID_1":"PHL.71_1","NAME_1":"Southern Leyte","NL_NAME_1":"NA","GID_2":"PHL.71.17_1","NAME_2":"Silago","NL_NAME_2":"NA","NAME_3":"Sudmon","VARNAME_3":"NA","NL_NAME_3":"NA","TYPE_3":"Barangay","ENGTYPE_3":"Village","CC_3":"NA","HASC_3":"NA"},"geometry":{"type":"MultiPolygon","coordinates":[[[[125.122596740000063,10.481840133999981],[125.118621826000208,10.490019798000162],[125.11412811300022,10.49666023400016],[125.112098693,10.500510216000066],[125.12777710000023,10.507369996000079],[125.145111085000167,10.515190125000061],[125.148757935000049,10.516460419],[125.153526306000344,10.518110276000186],[125.15995788500004,10.519860268000059],[125.166389465000179,10.521610260000045],[125.166389465000179,10.520000458000084],[125.168327332000217,10.518059731],[125.168609619000222,10.518059731],[125.169166565000069,10.517499923000059],[125.169166565000069,10.516670227000134],[125.16944122200016,10.516389848000131],[125.16944122200016,10.516110420000132],[125.169723511000029,10.515830040000026],[125.169723511000029,10.515279771000053],[125.169937133000076,10.515049935000036],[125.16999816900011,10.515000343],[125.16999816900011,10.514710427000182],[125.16999816900011,10.51443958200008],[125.169952393000131,10.513520241000094],[125.169883728000173,10.512900352000088],[125.169883728000173,10.512350082000182],[125.16999816900011,10.512220383000056],[125.1690979010001,10.509059907],[125.168151855000019,10.507849693000082],[125.167823792000263,10.504699708000089],[125.165878295000198,10.502140045000147],[125.164283753000063,10.499719620000178],[125.158050536000019,10.496890069000074],[125.148902893000013,10.493069648000073],[125.139297485000156,10.488969803000089],[125.122596740000063,10.481840133999981]]]]}},
{"type":"Feature","properties":{"fid":423,"GID_3":"PHL.71.17.14_1","GID_0":"PHL","COUNTRY":"Philippines","GID_1":"PHL.71_1","NAME_1":"Southern Leyte","NL_NAME_1":"NA","GID_2":"PHL.71.17_1","NAME_2":"Silago","NL_NAME_2":"NA","NAME_3":"Tuba-On","VARNAME_3":"NA","NL_NAME_3":"NA","TYPE_3":"Barangay","ENGTYPE_3":"Village","CC_3":"NA","HASC_3":"NA"},"geometry":{"type":"MultiPolygon","coordinates":[[[[125.145713806000344,10.571060180000075],[125.15104675300006,10.566829682000161],[125.157218932000205,10.562649726000188],[125.163627625000117,10.559519767000097],[125.166320801000211,10.559379578000119],[125.170677185000045,10.557789803000162],[125.17192840600012,10.556340218],[125.171867371000076,10.555100442000139],[125.169822693000015,10.553310394000164],[125.170433044000333,10.551079751000088],[125.171279908000088,10.549280167],[125.173980713000105,10.547039987000119],[125.173889161000034,10.546939850000115],[125.174018859000284,10.546810151000102],[125.174156188000211,10.546669960000145],[125.174156188000211,10.545559883000067],[125.173889161000034,10.545280457000047],[125.173606873000153,10.545280457000047],[125.172828674000129,10.54512977700017],[125.172256469000104,10.544839859000149],[125.171188354000151,10.545479774000057],[125.168403626000099,10.547080041000072],[125.166618347000053,10.547459602000117],[125.164421082000104,10.548100472000044],[125.161636352000073,10.548110009000027],[125.159202575000108,10.551190376000079],[125.156646728000055,10.553979874000106],[125.155258178000281,10.555879594000089],[125.152923583000302,10.55869960800004],[125.149002075000226,10.558719634000056],[125.146759034000183,10.560770035000189],[125.144317627000078,10.563759803000096],[125.140426635000154,10.565890313000182],[125.136581420000084,10.568420411000091],[125.134857177000072,10.571080208000126],[125.133132934000173,10.573699951000094],[125.131622315000186,10.576470376000088],[125.131576538000218,10.579910279000046],[125.138549805000139,10.575989724000124],[125.141372680000018,10.573559762000116],[125.145713806000344,10.571060180000075]]]]}},
{"type":"Feature","properties":{"fid":424,"GID_3":"PHL.71.17.15_1","GID_0":"PHL","COUNTRY":"Philippines","GID_1":"PHL.71_1","NAME_1":"Southern Leyte","NL_NAME_1":"NA","GID_2":"PHL.71.17_1","NAME_2":"Silago","NL_NAME_2":"NA","NAME_3":"Tubod","VARNAME_3":"NA","NL_NAME_3":"NA","TYPE_3":"Barangay","ENGTYPE_3":"Village","CC_3":"NA","HASC_3":"NA"},"geometry":{"type":"MultiPolygon","coordinates":[[[[125.113502503000177,10.587450028000092],[125.120109558000195,10.593190194000044],[125.12796783400006,10.59173965400015],[125.127288819000114,10.589610099000026],[125.127838135000047,10.586970330000042],[125.1296997070001,10.584469796000064],[125.131576538000218,10.579910279000046],[125.131622315000186,10.576470376000088],[125.133132934000173,10.573699951000094],[125.134857177000072,10.571080208000126],[125.136581420000084,10.568420411000091],[125.140426635000154,10.565890313000182],[125.144317627000078,10.563759803000096],[125.146759034000183,10.560770035000189],[125.149002075000226,10.558719634000056],[125.152923583000302,10.55869960800004],[125.155258178000281,10.555879594000089],[125.156646728000055,10.553979874000106],[125.159202575000108,10.551190376000079],[125.161636352000073,10.548110009000027],[125.164421082000104,10.548100472000044],[125.166618347000053,10.547459602000117],[125.168403626000099,10.547080041000072],[125.171188354000151,10.545479774000057],[125.172256469000104,10.544839859000149],[125.17212677100008,10.544779778000077],[125.171508789000086,10.544500351000124],[125.171089172000052,10.544230460999984],[125.170806884000172,10.543540001000054],[125.170669555000131,10.542909623000128],[125.170532226000205,10.541879655],[125.169982910000044,10.541319847000068],[125.169830323000156,10.540909767000073],[125.169761657000095,10.540289878000181],[125.169273377000081,10.539799690000109],[125.168922425000119,10.53896999400007],[125.168647765000173,10.538490296000134],[125.168159485000047,10.538140297000041],[125.167739868000126,10.538009644000169],[125.167182922000052,10.537659645000076],[125.166778565000072,10.53726005600015],[125.165367126000092,10.537380219000056],[125.158096313000215,10.53915977500003],[125.153038024000125,10.538929939000013],[125.12039947400001,10.578989982],[125.11515045100009,10.585430146000135],[125.113502503000177,10.587450028000092]]]]}},
{"type":"Feature","properties":{"fid":425,"GID_3":"PHL.71.18.1_1","GID_0":"PHL","COUNTRY":"Philippines","GID_1":"PHL.71_1","NAME_1":"Southern Leyte","NL_NAME_1":"NA","GID_2":"PHL.71.18_1","NAME_2":"Sogod","NL_NAME_2":"NA","NAME_3":"Benit","VARNAME_3":"NA","NL_NAME_3":"NA","TYPE_3":"Barangay","ENGTYPE_3":"Village","CC_3":"NA","HASC_3":"NA"},"geometry":{"type":"MultiPolygon","coordinates":[[[[124.933883667000146,10.440819740000052],[124.93285369900002,10.44552993800005],[124.931930543000021,10.470129968000094],[124.99648285,10.481340408000051],[124.997146606000229,10.469149590000143],[124.997001647000047,10.464670182000077],[124.999557494000101,10.45975971200005],[125.000991821000184,10.457340241000111],[125.003028869000104,10.453490258000159],[125.00466918900031,10.451899529000116],[125.004753113000106,10.449609757000189],[125.006370544000106,10.4474296570001],[125.007980346000068,10.444740296000077],[125.006820679000157,10.443019868000022],[125.005157471000075,10.441789627000105],[125.003013611000142,10.44211959800009],[125.001556396000069,10.441450119000081],[125.000228881000112,10.442310334000069],[124.998916626000096,10.444529533000093],[124.996932984000182,10.447640419000095],[124.985000610000156,10.446680069000081],[124.971893310000155,10.445549966000101],[124.933883667000146,10.440819740000052]]]]}},
{"type":"Feature","properties":{"fid":426,"GID_3":"PHL.71.18.2_1","GID_0":"PHL","COUNTRY":"Philippines","GID_1":"PHL.71_1","NAME_1":"Southern Leyte","NL_NAME_1":"NA","GID_2":"PHL.71.18_1","NAME_2":"Sogod","NL_NAME_2":"NA","NAME_3":"Buac Daku","VARNAME_3":"NA","NL_NAME_3":"NA","TYPE_3":"Barangay","ENGTYPE_3":"Village","CC_3":"NA","HASC_3":"NA"},"geometry":{"type":"MultiPolygon","coordinates":[[[[125.007476808000206,10.420829773000094],[125.010498047000169,10.418270111000083],[125.01254272500023,10.413709641000025],[125.011169433000077,10.411009788],[125.009490967000147,10.408180237000124],[125.010528564000083,10.405980110000087],[125.010307313000339,10.403829574000099],[124.997436523000147,10.40299987800006],[124.998970032000102,10.404490472000077],[124.997909547000063,10.407930374000159],[124.998458863000224,10.409090043000049],[124.999397277000071,10.412960052000074],[124.999443054000039,10.414509774000066],[125.001441955000132,10.416669846000104],[125.007476808000206,10.420829773000094]]]]}},
{"type":"Feature","properties":{"fid":427,"GID_3":"PHL.71.18.3_1","GID_0":"PHL","COUNTRY":"Philippines","GID_1":"PHL.71_1","NAME_1":"Southern Leyte","NL_NAME_1":"NA","GID_2":"PHL.71.18_1","NAME_2":"Sogod","NL_NAME_2":"NA","NAME_3":"Buac Gamay","VARNAME_3":"NA","NL_NAME_3":"NA","TYPE_3":"Barangay","ENGTYPE_3":"Village","CC_3":"NA","HASC_3":"NA"},"geometry":{"type":"MultiPolygon","coordinates":[[[[125.010307313000339,10.403829574000099],[125.010528564000083,10.405980110000087],[125.009490967000147,10.408180237000124],[125.011169433000077,10.411009788],[125.01254272500023,10.413709641000025],[125.010498047000169,10.418270111000083],[125.007476808000206,10.420829773000094],[125.047653198000148,10.421010019000107],[125.045677185000159,10.418789865000065],[125.04302215600012,10.417590141000119],[125.040367126000206,10.416609764999976],[125.035697938000226,10.413800241000047],[125.035423280000032,10.413379669000108],[125.031509399000129,10.411910057000171],[125.029731751000099,10.412099839000064],[125.025398255000027,10.411210060000087],[125.023033142000031,10.40822982800006],[125.023880004000034,10.403840064000121],[125.010307313000339,10.403829574000099]]]]}},
{"type":"Feature","properties":{"fid":428,"GID_3":"PHL.71.18.4_1","GID_0":"PHL","COUNTRY":"Philippines","GID_1":"PHL.71_1","NAME_1":"Southern Leyte","NL_NAME_1":"NA","GID_2":"PHL.71.18_1","NAME_2":"Sogod","NL_NAME_2":"NA","NAME_3":"Cabadbaran","VARNAME_3":"NA","NL_NAME_3":"NA","TYPE_3":"Barangay","ENGTYPE_3":"Village","CC_3":"NA","HASC_3":"NA"},"geometry":{"type":"MultiPolygon","coordinates":[[[[124.938346863000106,10.420689584000172],[124.934837341000048,10.424249648],[124.932876587000123,10.42712021],[124.930313110000043,10.430789947000164],[124.934196472000167,10.432009697000183],[124.990829468000015,10.438039779000121],[124.990226745000086,10.437199593000059],[124.992820741000173,10.432510375000049],[124.979522705000022,10.429030419000071],[124.938346863000106,10.420689584000172]]]]}},
{"type":"Feature","properties":{"fid":429,"GID_3":"PHL.71.18.5_1","GID_0":"PHL","COUNTRY":"Philippines","GID_1":"PHL.71_1","NAME_1":"Southern Leyte","NL_NAME_1":"NA","GID_2":"PHL.71.18_1","NAME_2":"Sogod","NL_NAME_2":"NA","NAME_3":"Concepcion","VARNAME_3":"NA","NL_NAME_3":"NA","TYPE_3":"Barangay","ENGTYPE_3":"Village","CC_3":"NA","HASC_3":"NA"},"geometry":{"type":"MultiPolygon","coordinates":[[[[124.994758607000108,10.390219689000162],[124.993240356000115,10.392310144000021],[124.993278503000056,10.392939568000031],[124.993331910000052,10.393719673000021],[124.994033813000215,10.395870208000076],[124.993347168000128,10.397890091000136],[124.994247436000023,10.399359704000119],[124.996940612000117,10.402299882000023],[124.997436523000147,10.40299987800006],[125.004890442000033,10.399959565000074],[125.013160706000122,10.396940231000031],[125.011703491000048,10.395779609000101],[125.005676269000105,10.391180039],[124.994758607000108,10.390219689000162]]]]}},
{"type":"Feature","properties":{"fid":430,"GID_3":"PHL.71.18.6_1","GID_0":"PHL","COUNTRY":"Philippines","GID_1":"PHL.71_1","NAME_1":"Southern Leyte","NL_NAME_1":"NA","GID_2":"PHL.71.18_1","NAME_2":"Sogod","NL_NAME_2":"NA","NAME_3":"Consolacion","VARNAME_3":"NA","NL_NAME_3":"NA","TYPE_3":"Barangay","ENGTYPE_3":"Village","CC_3":"NA","HASC_3":"NA"},"geometry":{"type":"MultiPolygon","coordinates":[[[[125.00527954000006,10.380829811000012],[125.00222015400027,10.380829811000012],[125.001953124000011,10.380559921000099],[125.000000000000114,10.38027954000006],[124.999732972000174,10.380000115000144],[124.998497009000175,10.379890442000033],[124.997940063000101,10.37961959900008],[124.996269225000219,10.379130364],[124.995079040000064,10.379130364],[124.993339538000214,10.379269600000157],[124.991592408000088,10.379289627000162],[124.991363525000224,10.379309655000043],[124.991508484000065,10.379610061],[124.991912841000044,10.380550385],[124.992988586000138,10.382969856000102],[124.993087769000226,10.385069847000011],[124.993537902000071,10.38628959700003],[125.004066468000133,10.387049675000071],[125.012977600000227,10.387399674000164],[125.011016846000189,10.385359763000054],[125.008552551000093,10.383210183000187],[125.006530761000022,10.382129669000108],[125.006607055000245,10.382049561000031],[125.006393432000095,10.381899834000023],[125.006126404000042,10.381719590000046],[125.00527954000006,10.380829811000012]]]]}},
{"type":"Feature","properties":{"fid":431,"GID_3":"PHL.71.18.7_1","GID_0":"PHL","COUNTRY":"Philippines","GID_1":"PHL.71_1","NAME_1":"Southern Leyte","NL_NAME_1":"NA","GID_2":"PHL.71.18_1","NAME_2":"Sogod","NL_NAME_2":"NA","NAME_3":"Dagsa","VARNAME_3":"NA","NL_NAME_3":"NA","TYPE_3":"Barangay","ENGTYPE_3":"Village","CC_3":"NA","HASC_3":"NA"},"geometry":{"type":"MultiPolygon","coordinates":[[[[124.979522705000022,10.429030419000071],[124.992820741000173,10.432510375000049],[124.992919921000066,10.431380272000069],[124.992286681000223,10.426830292000034],[124.993309021000073,10.42455005700009],[124.993469239000206,10.421899796000105],[124.982803344000104,10.420880318000115],[124.982856751000099,10.422340394000116],[124.981887816000039,10.424860002000059],[124.979522705000022,10.429030419000071]]]]}},
{"type":"Feature","properties":{"fid":432,"GID_3":"PHL.71.18.8_1","GID_0":"PHL","COUNTRY":"Philippines","GID_1":"PHL.71_1","NAME_1":"Southern Leyte","NL_NAME_1":"NA","GID_2":"PHL.71.18_1","NAME_2":"Sogod","NL_NAME_2":"NA","NAME_3":"Hibod-Hibod","VARNAME_3":"NA","NL_NAME_3":"NA","TYPE_3":"Barangay","ENGTYPE_3":"Village","CC_3":"NA","HASC_3":"NA"},"geometry":{"type":"MultiPolygon","coordinates":[[[[125.047653198000148,10.421010019000107],[125.007476808000206,10.420829773000094],[124.993469239000206,10.421899796000105],[124.993309021000073,10.42455005700009],[124.992286681000223,10.426830292000034],[124.992919921000066,10.431380272000069],[124.992820741000173,10.432510375000049],[125.054916381000226,10.429300308000109],[125.053176879000034,10.42815971400006],[125.051902772000176,10.426119805000098],[125.047653198000148,10.421010019000107]]]]}},
{"type":"Feature","properties":{"fid":433,"GID_3":"PHL.71.18.9_1","GID_0":"PHL","COUNTRY":"Philippines","GID_1":"PHL.71_1","NAME_1":"Southern Leyte","NL_NAME_1":"NA","GID_2":"PHL.71.18_1","NAME_2":"Sogod","NL_NAME_2":"NA","NAME_3":"Hindangan","VARNAME_3":"NA","NL_NAME_3":"NA","TYPE_3":"Barangay","ENGTYPE_3":"Village","CC_3":"NA","HASC_3":"NA"},"geometry":{"type":"MultiPolygon","coordinates":[[[[124.917198182000106,10.44886970500005],[124.919212342000151,10.453630447000137],[124.925956725000106,10.450349808000055],[124.930358887000011,10.446390153000038],[124.93285369900002,10.44552993800005],[124.933883667000146,10.440819740000052],[124.934196472000167,10.432009697000183],[124.930313110000043,10.430789947000164],[124.917198182000106,10.44886970500005]]]]}},
{"type":"Feature","properties":{"fid":434,"GID_3":"PHL.71.18.10_1","GID_0":"PHL","COUNTRY":"Philippines","GID_1":"PHL.71_1","NAME_1":"Southern Leyte","NL_NAME_1":"NA","GID_2":"PHL.71.18_1","NAME_2":"Sogod","NL_NAME_2":"NA","NAME_3":"Hipantag","VARNAME_3":"NA","NL_NAME_3":"NA","TYPE_3":"Barangay","ENGTYPE_3":"Village","CC_3":"NA","HASC_3":"NA"},"geometry":{"type":"MultiPolygon","coordinates":[[[[124.931762695000202,10.492409707000093],[124.93463134700005,10.501460076000114],[124.936363220000089,10.507399559000135],[124.93791198800011,10.51605987500011],[124.938346863000106,10.520310402000177],[124.939842224000131,10.524330140000018],[124.963081360000047,10.525059699999986],[124.966941833000192,10.524390221000147],[124.994873047000169,10.522820472000035],[124.99648285,10.481340408000051],[124.931930543000021,10.470129968000094],[124.931762695000202,10.492409707000093]]]]}},
{"type":"Feature","properties":{"fid":435,"GID_3":"PHL.71.18.11_1","GID_0":"PHL","COUNTRY":"Philippines","GID_1":"PHL.71_1","NAME_1":"Southern Leyte","NL_NAME_1":"NA","GID_2":"PHL.71.18_1","NAME_2":"Sogod","NL_NAME_2":"NA","NAME_3":"Javier","VARNAME_3":"NA","NL_NAME_3":"NA","TYPE_3":"Barangay","ENGTYPE_3":"Village","CC_3":"NA","HASC_3":"NA"},"geometry":{"type":"MultiPolygon","coordinates":[[[[125.042938232000097,10.399660111],[125.041236877000074,10.396929741000065],[125.033317566000051,10.39538955800009],[125.029693604000045,10.390430450999986],[125.028511048000041,10.388710023000101],[125.025596619000112,10.386790275000067],[125.01960754400011,10.384480477000125],[125.015548706000118,10.383110048000162],[125.011726379000152,10.382320403999984],[125.00921630900018,10.382149696000056],[125.007499694000103,10.381179810000106],[125.007568360000164,10.381099701000153],[125.007148742000027,10.380559921000099],[125.006668090000062,10.380559921000099],[125.006393432000095,10.380829811000012],[125.00527954000006,10.380829811000012],[125.006126404000042,10.381719590000046],[125.006393432000095,10.381899834000023],[125.006607055000245,10.382049561000031],[125.006530761000022,10.382129669000108],[125.008552551000093,10.383210183000187],[125.011016846000189,10.385359763000054],[125.012977600000227,10.387399674000164],[125.013603210000156,10.388779641000042],[125.017593384000065,10.392519951000054],[125.020446778000064,10.394880295000121],[125.022239685000159,10.397800446000076],[125.023231506000229,10.40221977300007],[125.023880004000034,10.403840064000121],[125.026206970000089,10.403559686000165],[125.028717041000164,10.404179573000022],[125.035263062000126,10.404829978000123],[125.036918640000067,10.403599740000118],[125.038688660000048,10.400529862000099],[125.041023255000027,10.400050164000049],[125.042938232000097,10.399660111]]]]}},
{"type":"Feature","properties":{"fid":436,"GID_3":"PHL.71.18.12_1","GID_0":"PHL","COUNTRY":"Philippines","GID_1":"PHL.71_1","NAME_1":"Southern Leyte","NL_NAME_1":"NA","GID_2":"PHL.71.18_1","NAME_2":"Sogod","NL_NAME_2":"NA","NAME_3":"Kahupian","VARNAME_3":"NA","NL_NAME_3":"NA","TYPE_3":"Barangay","ENGTYPE_3":"Village","CC_3":"NA","HASC_3":"NA"},"geometry":{"type":"MultiPolygon","coordinates":[[[[124.994873047000169,10.522820472000035],[125.052963257000101,10.523870469000087],[125.058532715000297,10.514399530000105],[125.011436463000109,10.488980294000157],[125.010696411000026,10.488599778000093],[124.99648285,10.481340408000051],[124.994873047000169,10.522820472000035]]]]}},
{"type":"Feature","properties":{"fid":437,"GID_3":"PHL.71.18.13_1","GID_0":"PHL","COUNTRY":"Philippines","GID_1":"PHL.71_1","NAME_1":"Southern Leyte","NL_NAME_1":"NA","GID_2":"PHL.71.18_1","NAME_2":"Sogod","NL_NAME_2":"NA","NAME_3":"Kanangkaan","VARNAME_3":"NA","NL_NAME_3":"NA","TYPE_3":"Barangay","ENGTYPE_3":"Village","CC_3":"NA","HASC_3":"NA"},"geometry":{"type":"MultiPolygon","coordinates":[[[[125.055770873000029,10.417400360000158],[125.053436279000152,10.413610458999983],[125.053283692000036,10.413339615000154],[125.050659179000036,10.409090043000049],[125.042327881000119,10.412099839000064],[125.035697938000226,10.413800241000047],[125.040367126000206,10.416609764999976],[125.04302215600012,10.417590141000119],[125.045677185000159,10.418789865000065],[125.047653198000148,10.421010019000107],[125.055770873000029,10.417400360000158]]]]}},
{"type":"Feature","properties":{"fid":438,"GID_3":"PHL.71.18.14_1","GID_0":"PHL","COUNTRY":"Philippines","GID_1":"PHL.71_1","NAME_1":"Southern Leyte","NL_NAME_1":"NA","GID_2":"PHL.71.18_1","NAME_2":"Sogod","NL_NAME_2":"NA","NAME_3":"Kauswagan","VARNAME_3":"NA","NL_NAME_3":"NA","TYPE_3":"Barangay","ENGTYPE_3":"Village","CC_3":"NA","HASC_3":"NA"},"geometry":{"type":"MultiPolygon","coordinates":[[[[124.919212342000151,10.453630447000137],[124.921409607000101,10.459070205000103],[124.926223755000024,10.474780082999985],[124.931762695000202,10.492409707000093],[124.931930543000021,10.470129968000094],[124.93285369900002,10.44552993800005],[124.930358887000011,10.446390153000038],[124.925956725000106,10.450349808000055],[124.919212342000151,10.453630447000137]]]]}},
{"type":"Feature","properties":{"fid":439,"GID_3":"PHL.71.18.15_1","GID_0":"PHL","COUNTRY":"Philippines","GID_1":"PHL.71_1","NAME_1":"Southern Leyte","NL_NAME_1":"NA","GID_2":"PHL.71.18_1","NAME_2":"Sogod","NL_NAME_2":"NA","NAME_3":"La Purisima Concepcion","VARNAME_3":"NA","NL_NAME_3":"NA","TYPE_3":"Barangay","ENGTYPE_3":"Village","CC_3":"NA","HASC_3":"NA"},"geometry":{"type":"MultiPolygon","coordinates":[[[[124.994033813000215,10.395870208000076],[124.993331910000052,10.393719673000021],[124.993278503000056,10.392939568000031],[124.993240356000115,10.392310144000021],[124.994758607000108,10.390219689000162],[124.994812012000011,10.389920235000091],[124.994873047000169,10.389599800000099],[124.994529724000245,10.388750077000054],[124.993858337,10.387530327000036],[124.993713378000052,10.386960031000115],[124.993537902000071,10.38628959700003],[124.993087769000226,10.385069847000011],[124.992988586000138,10.382969856000102],[124.991912841000044,10.380550385],[124.991508484000065,10.379610061],[124.991363525000224,10.379309655000043],[124.990280152000196,10.379440308000085],[124.989440918000014,10.379440308000085],[124.98869323800011,10.37938022600008],[124.988059998000153,10.379870416000131],[124.987007141000049,10.380700112000056],[124.986816407000219,10.380990029000145],[124.986602782000205,10.381319999000084],[124.98610687200005,10.381799699000169],[124.985618591000048,10.381799699000169],[124.985397338000098,10.381250381000029],[124.985336303000167,10.381110192000051],[124.984733582000104,10.381110192000051],[124.984268188000101,10.381549835000101],[124.983818054000039,10.38191032400016],[124.983932495000204,10.382220269000129],[124.984443664000082,10.38364982600001],[124.985610963000113,10.385479927],[124.98825836200001,10.390700341000127],[124.988731384000289,10.393090248000078],[124.988708496000186,10.39570045500011],[124.994033813000215,10.395870208000076]]]]}},
{"type":"Feature","properties":{"fid":440,"GID_3":"PHL.71.18.16_1","GID_0":"PHL","COUNTRY":"Philippines","GID_1":"PHL.71_1","NAME_1":"Southern Leyte","NL_NAME_1":"NA","GID_2":"PHL.71.18_1","NAME_2":"Sogod","NL_NAME_2":"NA","NAME_3":"Libas","VARNAME_3":"NA","NL_NAME_3":"NA","TYPE_3":"Barangay","ENGTYPE_3":"Village","CC_3":"NA","HASC_3":"NA"},"geometry":{"type":"MultiPolygon","coordinates":[[[[124.941833497000175,10.417249680000111],[124.938346863000106,10.420689584000172],[124.979522705000022,10.429030419000071],[124.981887816000039,10.424860002000059],[124.982856751000099,10.422340394000116],[124.982803344000104,10.420880318000115],[124.978752137000015,10.421099663000064],[124.972343444000103,10.420319556999971],[124.941833497000175,10.417249680000111]]]]}},
{"type":"Feature","properties":{"fid":441,"GID_3":"PHL.71.18.17_1","GID_0":"PHL","COUNTRY":"Philippines","GID_1":"PHL.71_1","NAME_1":"Southern Leyte","NL_NAME_1":"NA","GID_2":"PHL.71.18_1","NAME_2":"Sogod","NL_NAME_2":"NA","NAME_3":"Lum-An","VARNAME_3":"NA","NL_NAME_3":"NA","TYPE_3":"Barangay","ENGTYPE_3":"Village","CC_3":"NA","HASC_3":"NA"},"geometry":{"type":"MultiPolygon","coordinates":[[[[124.953002930000139,10.399319650000166],[124.952636718,10.40071010500003],[124.946548463000113,10.409629823000159],[124.954811097000061,10.410690308000028],[124.956230164000203,10.407600403000117],[124.957138061000023,10.403920173000074],[124.95776367100018,10.401479721000101],[124.953002930000139,10.399319650000166]]]]}},
{"type":"Feature","properties":{"fid":442,"GID_3":"PHL.71.18.18_1","GID_0":"PHL","COUNTRY":"Philippines","GID_1":"PHL.71_1","NAME_1":"Southern Leyte","NL_NAME_1":"NA","GID_2":"PHL.71.18_1","NAME_2":"Sogod","NL_NAME_2":"NA","NAME_3":"Mabicay","VARNAME_3":"NA","NL_NAME_3":"NA","TYPE_3":"Barangay","ENGTYPE_3":"Village","CC_3":"NA","HASC_3":"NA"},"geometry":{"type":"MultiPolygon","coordinates":[[[[124.964859008000076,10.395899772000178],[124.978500367000152,10.395919800000058],[124.978523254000152,10.394309998000097],[124.978347778000057,10.389829635000012],[124.97086334200003,10.388190271000099],[124.968399047000275,10.39074039500008],[124.967086792000146,10.392100334000077],[124.964942932000099,10.395079614],[124.964859008000076,10.395899772000178]]]]}},
{"type":"Feature","properties":{"fid":443,"GID_3":"PHL.71.18.19_1","GID_0":"PHL","COUNTRY":"Philippines","GID_1":"PHL.71_1","NAME_1":"Southern Leyte","NL_NAME_1":"NA","GID_2":"PHL.71.18_1","NAME_2":"Sogod","NL_NAME_2":"NA","NAME_3":"Mac","VARNAME_3":"NA","NL_NAME_3":"NA","TYPE_3":"Barangay","ENGTYPE_3":"Village","CC_3":"NA","HASC_3":"NA"},"geometry":{"type":"MultiPolygon","coordinates":[[[[125.041236877000074,10.396929741000065],[125.017173767000031,10.373950004000051],[125.016349793000245,10.373089790999984],[125.015830994000225,10.373609542999986],[125.015556336000031,10.373609542999986],[125.014717102000077,10.374440194000101],[125.01444244400011,10.374440194000101],[125.013610840000069,10.375280381000039],[125.013046264000081,10.375829697000029],[125.011947632000101,10.377079963000085],[125.011390686000027,10.377499580000062],[125.010002136000026,10.378609657000027],[125.010002136000026,10.378890038],[125.009719848000145,10.379170418000115],[125.009452820000092,10.379170418000115],[125.009162902000071,10.379440308000085],[125.008979798000041,10.379440308000085],[125.008888244000104,10.379440308000085],[125.008056640000063,10.38027954000006],[125.007766724000021,10.38027954000006],[125.007148742000027,10.380559921000099],[125.007568360000164,10.381099701000153],[125.007499694000103,10.381179810000106],[125.00921630900018,10.382149696000056],[125.011726379000152,10.382320403999984],[125.015548706000118,10.383110048000162],[125.01960754400011,10.384480477000125],[125.025596619000112,10.386790275000067],[125.028511048000041,10.388710023000101],[125.029693604000045,10.390430450999986],[125.033317566000051,10.39538955800009],[125.041236877000074,10.396929741000065]]]]}},
{"type":"Feature","properties":{"fid":444,"GID_3":"PHL.71.18.20_1","GID_0":"PHL","COUNTRY":"Philippines","GID_1":"PHL.71_1","NAME_1":"Southern Leyte","NL_NAME_1":"NA","GID_2":"PHL.71.18_1","NAME_2":"Sogod","NL_NAME_2":"NA","NAME_3":"Magatas","VARNAME_3":"NA","NL_NAME_3":"NA","TYPE_3":"Barangay","ENGTYPE_3":"Village","CC_3":"NA","HASC_3":"NA"},"geometry":{"type":"MultiPolygon","coordinates":[[[[124.992820741000173,10.432510375000049],[124.990226745000086,10.437199593000059],[124.990829468000015,10.438039779000121],[125.000213623000036,10.438960075000068],[125.015502929000036,10.438819886000147],[125.064193726000212,10.437990189000118],[125.054916381000226,10.429300308000109],[124.992820741000173,10.432510375000049]]]]}},
{"type":"Feature","properties":{"fid":445,"GID_3":"PHL.71.18.21_1","GID_0":"PHL","COUNTRY":"Philippines","GID_1":"PHL.71_1","NAME_1":"Southern Leyte","NL_NAME_1":"NA","GID_2":"PHL.71.18_1","NAME_2":"Sogod","NL_NAME_2":"NA","NAME_3":"Mahayahay","VARNAME_3":"NA","NL_NAME_3":"NA","TYPE_3":"Barangay","ENGTYPE_3":"Village","CC_3":"NA","HASC_3":"NA"},"geometry":{"type":"MultiPolygon","coordinates":[[[[125.005676269000105,10.391180039],[125.011703491000048,10.395779609000101],[125.013160706000122,10.396940231000031],[125.022239685000159,10.397800446000076],[125.020446778000064,10.394880295000121],[125.017593384000065,10.392519951000054],[125.013603210000156,10.388779641000042],[125.012977600000227,10.387399674000164],[125.004066468000133,10.387049675000071],[125.004913330000022,10.38817978000003],[125.005676269000105,10.391180039]]]]}},
{"type":"Feature","properties":{"fid":446,"GID_3":"PHL.71.18.22_1","GID_0":"PHL","COUNTRY":"Philippines","GID_1":"PHL.71_1","NAME_1":"Southern Leyte","NL_NAME_1":"NA","GID_2":"PHL.71.18_1","NAME_2":"Sogod","NL_NAME_2":"NA","NAME_3":"Malinao","VARNAME_3":"NA","NL_NAME_3":"NA","TYPE_3":"Barangay","ENGTYPE_3":"Village","CC_3":"NA","HASC_3":"NA"},"geometry":{"type":"MultiPolygon","coordinates":[[[[124.997436523000147,10.40299987800006],[125.010307313000339,10.403829574000099],[125.023880004000034,10.403840064000121],[125.023231506000229,10.40221977300007],[125.022239685000159,10.397800446000076],[125.013160706000122,10.396940231000031],[125.004890442000033,10.399959565000074],[124.997436523000147,10.40299987800006]]]]}},
{"type":"Feature","properties":{"fid":447,"GID_3":"PHL.71.18.23_1","GID_0":"PHL","COUNTRY":"Philippines","GID_1":"PHL.71_1","NAME_1":"Southern Leyte","NL_NAME_1":"NA","GID_2":"PHL.71.18_1","NAME_2":"Sogod","NL_NAME_2":"NA","NAME_3":"Maria Plana","VARNAME_3":"NA","NL_NAME_3":"NA","TYPE_3":"Barangay","ENGTYPE_3":"Village","CC_3":"NA","HASC_3":"NA"},"geometry":{"type":"MultiPolygon","coordinates":[[[[125.050659179000036,10.409090043000049],[125.042938232000097,10.399660111],[125.041023255000027,10.400050164000049],[125.038688660000048,10.400529862000099],[125.036918640000067,10.403599740000118],[125.035263062000126,10.404829978000123],[125.028717041000164,10.404179573000022],[125.026206970000089,10.403559686000165],[125.023880004000034,10.403840064000121],[125.023033142000031,10.40822982800006],[125.025398255000027,10.411210060000087],[125.029731751000099,10.412099839000064],[125.031509399000129,10.411910057000171],[125.035423280000032,10.413379669000108],[125.035697938000226,10.413800241000047],[125.042327881000119,10.412099839000064],[125.050659179000036,10.409090043000049]]]]}},
{"type":"Feature","properties":{"fid":448,"GID_3":"PHL.71.18.24_1","GID_0":"PHL","COUNTRY":"Philippines","GID_1":"PHL.71_1","NAME_1":"Southern Leyte","NL_NAME_1":"NA","GID_2":"PHL.71.18_1","NAME_2":"Sogod","NL_NAME_2":"NA","NAME_3":"Milagroso","VARNAME_3":"NA","NL_NAME_3":"NA","TYPE_3":"Barangay","ENGTYPE_3":"Village","CC_3":"NA","HASC_3":"NA"},"geometry":{"type":"MultiPolygon","coordinates":[[[[124.945053100000109,10.412500382000076],[124.941833497000175,10.417249680000111],[124.972343444000103,10.420319556999971],[124.971603394000113,10.419369697000093],[124.972862243000122,10.416440010000088],[124.975830077000182,10.411700250000138],[124.977577209000287,10.407010078000042],[124.957138061000023,10.403920173000074],[124.956230164000203,10.407600403000117],[124.954811097000061,10.410690308000028],[124.946548463000113,10.409629823000159],[124.945053100000109,10.412500382000076]]]]}},
{"type":"Feature","properties":{"fid":449,"GID_3":"PHL.71.18.25_1","GID_0":"PHL","COUNTRY":"Philippines","GID_1":"PHL.71_1","NAME_1":"Southern Leyte","NL_NAME_1":"NA","GID_2":"PHL.71.18_1","NAME_2":"Sogod","NL_NAME_2":"NA","NAME_3":"Olisihan","VARNAME_3":"NA","NL_NAME_3":"NA","TYPE_3":"Barangay","ENGTYPE_3":"Village","CC_3":"NA","HASC_3":"NA"},"geometry":{"type":"MultiPolygon","coordinates":[[[[125.074821471000178,10.439959526999985],[125.055770873000029,10.417400360000158],[125.047653198000148,10.421010019000107],[125.051902772000176,10.426119805000098],[125.053176879000034,10.42815971400006],[125.054916381000226,10.429300308000109],[125.064193726000212,10.437990189000118],[125.075233460000049,10.448430061000067],[125.074821471000178,10.439959526999985]]]]}},
{"type":"Feature","properties":{"fid":450,"GID_3":"PHL.71.18.26_1","GID_0":"PHL","COUNTRY":"Philippines","GID_1":"PHL.71_1","NAME_1":"Southern Leyte","NL_NAME_1":"NA","GID_2":"PHL.71.18_1","NAME_2":"Sogod","NL_NAME_2":"NA","NAME_3":"Pancho Villa","VARNAME_3":"NA","NL_NAME_3":"NA","TYPE_3":"Barangay","ENGTYPE_3":"Village","CC_3":"NA","HASC_3":"NA"},"geometry":{"type":"MultiPolygon","coordinates":[[[[125.001556396000069,10.441450119000081],[125.003013611000142,10.44211959800009],[125.005157471000075,10.441789627000105],[125.006820679000157,10.443019868000022],[125.007980346000068,10.444740296000077],[125.006370544000106,10.4474296570001],[125.004753113000106,10.449609757000189],[125.00466918900031,10.451899529000116],[125.003028869000104,10.453490258000159],[125.000991821000184,10.457340241000111],[124.999557494000101,10.45975971200005],[124.997001647000047,10.464670182000077],[124.997146606000229,10.469149590000143],[124.99648285,10.481340408000051],[125.010696411000026,10.488599778000093],[125.010673523000264,10.487219811000045],[125.009643554000036,10.486749649000046],[125.008506776000104,10.485819816000117],[125.009368896000069,10.48332977400014],[125.010162354000158,10.481240273000026],[125.012580872000058,10.479109764000043],[125.012069703000179,10.477950097000075],[125.010437012000011,10.477620124000055],[125.008720398000037,10.474659920000079],[125.00974273700001,10.473369600000069],[125.010711669000216,10.470680236000135],[125.010597229000041,10.468919754000126],[125.010986327000069,10.466529847],[125.011276246000307,10.464409828000043],[125.013130188000218,10.463139534999982],[125.01699829100005,10.463870049000036],[125.020713806000117,10.461609841000097],[125.023788452000304,10.462169647000053],[125.027290344000335,10.462530137000044],[125.030021667000142,10.459639549000144],[125.015502929000036,10.438819886000147],[125.000213623000036,10.438960075000068],[125.001556396000069,10.441450119000081]]]]}},
{"type":"Feature","properties":{"fid":451,"GID_3":"PHL.71.18.27_1","GID_0":"PHL","COUNTRY":"Philippines","GID_1":"PHL.71_1","NAME_1":"Southern Leyte","NL_NAME_1":"NA","GID_2":"PHL.71.18_1","NAME_2":"Sogod","NL_NAME_2":"NA","NAME_3":"Pandan","VARNAME_3":"NA","NL_NAME_3":"NA","TYPE_3":"Barangay","ENGTYPE_3":"Village","CC_3":"NA","HASC_3":"NA"},"geometry":{"type":"MultiPolygon","coordinates":[[[[124.999397277000071,10.412960052000074],[124.998458863000224,10.409090043000049],[124.997909547000063,10.407930374000159],[124.982299805000025,10.407779694000112],[124.98036193900009,10.412549972000079],[124.980209350000223,10.413889885],[124.999397277000071,10.412960052000074]]]]}},
{"type":"Feature","properties":{"fid":452,"GID_3":"PHL.71.18.28_1","GID_0":"PHL","COUNTRY":"Philippines","GID_1":"PHL.71_1","NAME_1":"Southern Leyte","NL_NAME_1":"NA","GID_2":"PHL.71.18_1","NAME_2":"Sogod","NL_NAME_2":"NA","NAME_3":"Rizal","VARNAME_3":"NA","NL_NAME_3":"NA","TYPE_3":"Barangay","ENGTYPE_3":"Village","CC_3":"NA","HASC_3":"NA"},"geometry":{"type":"MultiPolygon","coordinates":[[[[124.95776367100018,10.401479721000101],[124.957138061000023,10.403920173000074],[124.977577209000287,10.407010078000042],[124.978332520000208,10.405139923000092],[124.979621887,10.402379990999975],[124.978500367000152,10.395919800000058],[124.964859008000076,10.395899772000178],[124.961380005000024,10.399290086000065],[124.959533691000047,10.400420189000045],[124.95776367100018,10.401479721000101]]]]}},
{"type":"Feature","properties":{"fid":453,"GID_3":"PHL.71.18.29_1","GID_0":"PHL","COUNTRY":"Philippines","GID_1":"PHL.71_1","NAME_1":"Southern Leyte","NL_NAME_1":"NA","GID_2":"PHL.71.18_1","NAME_2":"Sogod","NL_NAME_2":"NA","NAME_3":"Salvacion","VARNAME_3":"NA","NL_NAME_3":"NA","TYPE_3":"Barangay","ENGTYPE_3":"Village","CC_3":"NA","HASC_3":"NA"},"geometry":{"type":"MultiPolygon","coordinates":[[[[124.994758607000108,10.390219689000162],[125.005676269000105,10.391180039],[125.004913330000022,10.38817978000003],[125.004066468000133,10.387049675000071],[124.993537902000071,10.38628959700003],[124.993713378000052,10.386960031000115],[124.993858337,10.387530327000036],[124.994529724000245,10.388750077000054],[124.994873047000169,10.389599800000099],[124.994812012000011,10.389920235000091],[124.994758607000108,10.390219689000162]]]]}},
{"type":"Feature","properties":{"fid":454,"GID_3":"PHL.71.18.30_1","GID_0":"PHL","COUNTRY":"Philippines","GID_1":"PHL.71_1","NAME_1":"Southern Leyte","NL_NAME_1":"NA","GID_2":"PHL.71.18_1","NAME_2":"Sogod","NL_NAME_2":"NA","NAME_3":"San Francisco Mabuhay","VARNAME_3":"NA","NL_NAME_3":"NA","TYPE_3":"Barangay","ENGTYPE_3":"Village","CC_3":"NA","HASC_3":"NA"},"geometry":{"type":"MultiPolygon","coordinates":[[[[125.058532715000297,10.514399530000105],[125.061836243000243,10.502550124999971],[125.030021667000142,10.459639549000144],[125.027290344000335,10.462530137000044],[125.023788452000304,10.462169647000053],[125.020713806000117,10.461609841000097],[125.01699829100005,10.463870049000036],[125.013130188000218,10.463139534999982],[125.011276246000307,10.464409828000043],[125.010986327000069,10.466529847],[125.010597229000041,10.468919754000126],[125.010711669000216,10.470680236000135],[125.00974273700001,10.473369600000069],[125.008720398000037,10.474659920000079],[125.010437012000011,10.477620124000055],[125.012069703000179,10.477950097000075],[125.012580872000058,10.479109764000043],[125.010162354000158,10.481240273000026],[125.009368896000069,10.48332977400014],[125.008506776000104,10.485819816000117],[125.009643554000036,10.486749649000046],[125.010673523000264,10.487219811000045],[125.010696411000026,10.488599778000093],[125.011436463000109,10.488980294000157],[125.058532715000297,10.514399530000105]]]]}},
{"type":"Feature","properties":{"fid":455,"GID_3":"PHL.71.18.31_1","GID_0":"PHL","COUNTRY":"Philippines","GID_1":"PHL.71_1","NAME_1":"Southern Leyte","NL_NAME_1":"NA","GID_2":"PHL.71.18_1","NAME_2":"Sogod","NL_NAME_2":"NA","NAME_3":"San Isidro","VARNAME_3":"NA","NL_NAME_3":"NA","TYPE_3":"Barangay","ENGTYPE_3":"Village","CC_3":"NA","HASC_3":"NA"},"geometry":{"type":"MultiPolygon","coordinates":[[[[124.972343444000103,10.420319556999971],[124.978752137000015,10.421099663000064],[124.979606629000159,10.419480324000119],[124.979660034000062,10.41695022600004],[124.980209350000223,10.413889885],[124.98036193900009,10.412549972000079],[124.982299805000025,10.407779694000112],[124.977577209000287,10.407010078000042],[124.975830077000182,10.411700250000138],[124.972862243000122,10.416440010000088],[124.971603394000113,10.419369697000093],[124.972343444000103,10.420319556999971]]]]}},
{"type":"Feature","properties":{"fid":456,"GID_3":"PHL.71.18.32_1","GID_0":"PHL","COUNTRY":"Philippines","GID_1":"PHL.71_1","NAME_1":"Southern Leyte","NL_NAME_1":"NA","GID_2":"PHL.71.18_1","NAME_2":"Sogod","NL_NAME_2":"NA","NAME_3":"San Jose","VARNAME_3":"NA","NL_NAME_3":"NA","TYPE_3":"Barangay","ENGTYPE_3":"Village","CC_3":"NA","HASC_3":"NA"},"geometry":{"type":"MultiPolygon","coordinates":[[[[124.967216491000158,10.381389616999968],[124.963981629000045,10.384209631999965],[124.97086334200003,10.388190271000099],[124.971977234000178,10.387029649000169],[124.972602844000221,10.386130334000086],[124.9754028320001,10.380290031000129],[124.973892212000123,10.379630090000148],[124.972137452000084,10.37887001100006],[124.97083282500023,10.3782501230001],[124.970428467000147,10.377679826000076],[124.967216491000158,10.381389616999968]]]]}},
{"type":"Feature","properties":{"fid":457,"GID_3":"PHL.71.18.33_1","GID_0":"PHL","COUNTRY":"Philippines","GID_1":"PHL.71_1","NAME_1":"Southern Leyte","NL_NAME_1":"NA","GID_2":"PHL.71.18_1","NAME_2":"Sogod","NL_NAME_2":"NA","NAME_3":"San Juan","VARNAME_3":"Agata","NL_NAME_3":"NA","TYPE_3":"Barangay","ENGTYPE_3":"Village","CC_3":"NA","HASC_3":"NA"},"geometry":{"type":"MultiPolygon","coordinates":[[[[124.985000610000156,10.446680069000081],[124.996932984000182,10.447640419000095],[124.998916626000096,10.444529533000093],[125.000228881000112,10.442310334000069],[125.001556396000069,10.441450119000081],[125.000213623000036,10.438960075000068],[124.990829468000015,10.438039779000121],[124.990333557000099,10.439629554000135],[124.988609314000314,10.441880227000127],[124.985000610000156,10.446680069000081]]]]}},
{"type":"Feature","properties":{"fid":458,"GID_3":"PHL.71.18.34_1","GID_0":"PHL","COUNTRY":"Philippines","GID_1":"PHL.71_1","NAME_1":"Southern Leyte","NL_NAME_1":"NA","GID_2":"PHL.71.18_1","NAME_2":"Sogod","NL_NAME_2":"NA","NAME_3":"San Miguel","VARNAME_3":"NA","NL_NAME_3":"NA","TYPE_3":"Barangay","ENGTYPE_3":"Village","CC_3":"NA","HASC_3":"NA"},"geometry":{"type":"MultiPolygon","coordinates":[[[[124.997909547000063,10.407930374000159],[124.998970032000102,10.404490472000077],[124.997436523000147,10.40299987800006],[124.979621887,10.402379990999975],[124.978332520000208,10.405139923000092],[124.977577209000287,10.407010078000042],[124.982299805000025,10.407779694000112],[124.997909547000063,10.407930374000159]]]]}},
{"type":"Feature","properties":{"fid":459,"GID_3":"PHL.71.18.35_1","GID_0":"PHL","COUNTRY":"Philippines","GID_1":"PHL.71_1","NAME_1":"Southern Leyte","NL_NAME_1":"NA","GID_2":"PHL.71.18_1","NAME_2":"Sogod","NL_NAME_2":"NA","NAME_3":"San Pedro","VARNAME_3":"NA","NL_NAME_3":"NA","TYPE_3":"Barangay","ENGTYPE_3":"Village","CC_3":"NA","HASC_3":"NA"},"geometry":{"type":"MultiPolygon","coordinates":[[[[124.963981629000045,10.384209631999965],[124.957519532000106,10.391860008000094],[124.964859008000076,10.395899772000178],[124.964942932000099,10.395079614],[124.967086792000146,10.392100334000077],[124.968399047000275,10.39074039500008],[124.97086334200003,10.388190271000099],[124.963981629000045,10.384209631999965]]]]}},
{"type":"Feature","properties":{"fid":460,"GID_3":"PHL.71.18.36_1","GID_0":"PHL","COUNTRY":"Philippines","GID_1":"PHL.71_1","NAME_1":"Southern Leyte","NL_NAME_1":"NA","GID_2":"PHL.71.18_1","NAME_2":"Sogod","NL_NAME_2":"NA","NAME_3":"San Roque","VARNAME_3":"NA","NL_NAME_3":"NA","TYPE_3":"Barangay","ENGTYPE_3":"Village","CC_3":"NA","HASC_3":"NA"},"geometry":{"type":"MultiPolygon","coordinates":[[[[124.957519532000106,10.391860008000094],[124.953002930000139,10.399319650000166],[124.95776367100018,10.401479721000101],[124.959533691000047,10.400420189000045],[124.961380005000024,10.399290086000065],[124.964859008000076,10.395899772000178],[124.957519532000106,10.391860008000094]]]]}},
{"type":"Feature","properties":{"fid":461,"GID_3":"PHL.71.18.37_1","GID_0":"PHL","COUNTRY":"Philippines","GID_1":"PHL.71_1","NAME_1":"Southern Leyte","NL_NAME_1":"NA","GID_2":"PHL.71.18_1","NAME_2":"Sogod","NL_NAME_2":"NA","NAME_3":"San Vicente","VARNAME_3":"NA","NL_NAME_3":"NA","TYPE_3":"Barangay","ENGTYPE_3":"Village","CC_3":"NA","HASC_3":"NA"},"geometry":{"type":"MultiPolygon","coordinates":[[[[125.061836243000243,10.502550124999971],[125.071273805000033,10.471759797],[125.075233460000049,10.448430061000067],[125.064193726000212,10.437990189000118],[125.015502929000036,10.438819886000147],[125.030021667000142,10.459639549000144],[125.061836243000243,10.502550124999971]]]]}},
{"type":"Feature","properties":{"fid":462,"GID_3":"PHL.71.18.38_1","GID_0":"PHL","COUNTRY":"Philippines","GID_1":"PHL.71_1","NAME_1":"Southern Leyte","NL_NAME_1":"NA","GID_2":"PHL.71.18_1","NAME_2":"Sogod","NL_NAME_2":"NA","NAME_3":"Santa Maria","VARNAME_3":"NA","NL_NAME_3":"NA","TYPE_3":"Barangay","ENGTYPE_3":"Village","CC_3":"NA","HASC_3":"NA"},"geometry":{"type":"MultiPolygon","coordinates":[[[[124.933883667000146,10.440819740000052],[124.971893310000155,10.445549966000101],[124.985000610000156,10.446680069000081],[124.988609314000314,10.441880227000127],[124.990333557000099,10.439629554000135],[124.990829468000015,10.438039779000121],[124.934196472000167,10.432009697000183],[124.933883667000146,10.440819740000052]]]]}},
{"type":"Feature","properties":{"fid":463,"GID_3":"PHL.71.18.39_1","GID_0":"PHL","COUNTRY":"Philippines","GID_1":"PHL.71_1","NAME_1":"Southern Leyte","NL_NAME_1":"NA","GID_2":"PHL.71.18_1","NAME_2":"Sogod","NL_NAME_2":"NA","NAME_3":"Suba","VARNAME_3":"NA","NL_NAME_3":"NA","TYPE_3":"Barangay","ENGTYPE_3":"Village","CC_3":"NA","HASC_3":"NA"},"geometry":{"type":"MultiPolygon","coordinates":[[[[125.007476808000206,10.420829773000094],[125.001441955000132,10.416669846000104],[124.999443054000039,10.414509774000066],[124.999397277000071,10.412960052000074],[124.980209350000223,10.413889885],[124.979660034000062,10.41695022600004],[124.979606629000159,10.419480324000119],[124.978752137000015,10.421099663000064],[124.982803344000104,10.420880318000115],[124.993469239000206,10.421899796000105],[125.007476808000206,10.420829773000094]]]]}},
{"type":"Feature","properties":{"fid":464,"GID_3":"PHL.71.18.40_1","GID_0":"PHL","COUNTRY":"Philippines","GID_1":"PHL.71_1","NAME_1":"Southern Leyte","NL_NAME_1":"NA","GID_2":"PHL.71.18_1","NAME_2":"Sogod","NL_NAME_2":"NA","NAME_3":"Tampoong","VARNAME_3":"NA","NL_NAME_3":"NA","TYPE_3":"Barangay","ENGTYPE_3":"Village","CC_3":"NA","HASC_3":"NA"},"geometry":{"type":"MultiPolygon","coordinates":[[[[124.97086334200003,10.388190271000099],[124.978347778000057,10.389829635000012],[124.978683471000181,10.384759903000145],[124.978942871000186,10.382089614999984],[124.978843689000087,10.382049561000031],[124.978141785000162,10.381699562000165],[124.977447510000161,10.381290435000153],[124.975631713000098,10.380390168000133],[124.9754028320001,10.380290031000129],[124.972602844000221,10.386130334000086],[124.971977234000178,10.387029649000169],[124.97086334200003,10.388190271000099]]]]}},
{"type":"Feature","properties":{"fid":465,"GID_3":"PHL.71.18.41_1","GID_0":"PHL","COUNTRY":"Philippines","GID_1":"PHL.71_1","NAME_1":"Southern Leyte","NL_NAME_1":"NA","GID_2":"PHL.71.18_1","NAME_2":"Sogod","NL_NAME_2":"NA","NAME_3":"Zone I","VARNAME_3":"Poblacion","NL_NAME_3":"NA","TYPE_3":"Barangay","ENGTYPE_3":"Village","CC_3":"NA","HASC_3":"NA"},"geometry":{"type":"MultiPolygon","coordinates":[[[[124.978347778000057,10.389829635000012],[124.978523254000152,10.394309998000097],[124.98233795200008,10.394439697999985],[124.98451232900004,10.39451980500013],[124.984497071000192,10.392959594000104],[124.983917236000025,10.391150475000074],[124.983520508000083,10.389200211000173],[124.983001709000064,10.388059617000124],[124.982208251000088,10.38584995399998],[124.98169708200021,10.38584995399998],[124.979736328000172,10.385219574000075],[124.978683471000181,10.384759903000145],[124.978347778000057,10.389829635000012]]]]}},
{"type":"Feature","properties":{"fid":466,"GID_3":"PHL.71.18.42_1","GID_0":"PHL","COUNTRY":"Philippines","GID_1":"PHL.71_1","NAME_1":"Southern Leyte","NL_NAME_1":"NA","GID_2":"PHL.71.18_1","NAME_2":"Sogod","NL_NAME_2":"NA","NAME_3":"Zone II","VARNAME_3":"Poblacion","NL_NAME_3":"NA","TYPE_3":"Barangay","ENGTYPE_3":"Village","CC_3":"NA","HASC_3":"NA"},"geometry":{"type":"MultiPolygon","coordinates":[[[[124.978942871000186,10.382089614999984],[124.978683471000181,10.384759903000145],[124.979736328000172,10.385219574000075],[124.98169708200021,10.38584995399998],[124.982208251000088,10.38584995399998],[124.981353759000172,10.383709908000014],[124.981307984000182,10.382619858000055],[124.981307984000182,10.382369996000023],[124.981109620000097,10.382220269000129],[124.980346679000149,10.382309913000086],[124.979537964000087,10.382390022000095],[124.978942871000186,10.382089614999984]]]]}},
{"type":"Feature","properties":{"fid":467,"GID_3":"PHL.71.18.43_1","GID_0":"PHL","COUNTRY":"Philippines","GID_1":"PHL.71_1","NAME_1":"Southern Leyte","NL_NAME_1":"NA","GID_2":"PHL.71.18_1","NAME_2":"Sogod","NL_NAME_2":"NA","NAME_3":"Zone III","VARNAME_3":"Poblacion","NL_NAME_3":"NA","TYPE_3":"Barangay","ENGTYPE_3":"Village","CC_3":"NA","HASC_3":"NA"},"geometry":{"type":"MultiPolygon","coordinates":[[[[124.985610963000113,10.385479927],[124.984443664000082,10.38364982600001],[124.983932495000204,10.382220269000129],[124.983818054000039,10.38191032400016],[124.983566285000052,10.382109643000035],[124.982597352000084,10.382450104000043],[124.981407166000054,10.382450104000043],[124.981307984000182,10.382369996000023],[124.981307984000182,10.382619858000055],[124.981353759000172,10.383709908000014],[124.982208251000088,10.38584995399998],[124.983856201000094,10.385649682000121],[124.985610963000113,10.385479927]]]]}},
{"type":"Feature","properties":{"fid":468,"GID_3":"PHL.71.18.44_1","GID_0":"PHL","COUNTRY":"Philippines","GID_1":"PHL.71_1","NAME_1":"Southern Leyte","NL_NAME_1":"NA","GID_2":"PHL.71.18_1","NAME_2":"Sogod","NL_NAME_2":"NA","NAME_3":"Zone IV","VARNAME_3":"Poblacion","NL_NAME_3":"NA","TYPE_3":"Barangay","ENGTYPE_3":"Village","CC_3":"NA","HASC_3":"NA"},"geometry":{"type":"MultiPolygon","coordinates":[[[[124.988708496000186,10.39570045500011],[124.988731384000289,10.393090248000078],[124.98825836200001,10.390700341000127],[124.985610963000113,10.385479927],[124.983856201000094,10.385649682000121],[124.982208251000088,10.38584995399998],[124.983001709000064,10.388059617000124],[124.983520508000083,10.389200211000173],[124.983917236000025,10.391150475000074],[124.984497071000192,10.392959594000104],[124.98451232900004,10.39451980500013],[124.985763550000229,10.395580292000034],[124.986816407000219,10.395730019000098],[124.988708496000186,10.39570045500011]]]]}},
{"type":"Feature","properties":{"fid":469,"GID_3":"PHL.71.18.45_1","GID_0":"PHL","COUNTRY":"Philippines","GID_1":"PHL.71_1","NAME_1":"Southern Leyte","NL_NAME_1":"NA","GID_2":"PHL.71.18_1","NAME_2":"Sogod","NL_NAME_2":"NA","NAME_3":"Zone V","VARNAME_3":"Poblacion","NL_NAME_3":"NA","TYPE_3":"Barangay","ENGTYPE_3":"Village","CC_3":"NA","HASC_3":"NA"},"geometry":{"type":"MultiPolygon","coordinates":[[[[124.997436523000147,10.40299987800006],[124.996940612000117,10.402299882000023],[124.994247436000023,10.399359704000119],[124.993347168000128,10.397890091000136],[124.994033813000215,10.395870208000076],[124.988708496000186,10.39570045500011],[124.986816407000219,10.395730019000098],[124.985763550000229,10.395580292000034],[124.98451232900004,10.39451980500013],[124.98233795200008,10.394439697999985],[124.978523254000152,10.394309998000097],[124.978500367000152,10.395919800000058],[124.979621887,10.402379990999975],[124.997436523000147,10.40299987800006]]]]}},
{"type":"Feature","properties":{"fid":470,"GID_3":"PHL.71.19.1_1","GID_0":"PHL","COUNTRY":"Philippines","GID_1":"PHL.71_1","NAME_1":"Southern Leyte","NL_NAME_1":"NA","GID_2":"PHL.71.19_1","NAME_2":"Tomas Oppus","NL_NAME_2":"NA","NAME_3":"Anahawan","VARNAME_3":"NA","NL_NAME_3":"NA","TYPE_3":"Barangay","ENGTYPE_3":"Village","CC_3":"NA","HASC_3":"NA"},"geometry":{"type":"MultiPolygon","coordinates":[[[[124.962249756000119,10.303259849000028],[124.962379455000132,10.302309989000094],[124.963249208000093,10.300620079999987],[124.965026856000236,10.299050331000046],[124.965171813000097,10.298230171000057],[124.96533203100023,10.297280311000179],[124.965400696000074,10.296489716000053],[124.960372925000229,10.295929910000098],[124.955680848000043,10.295410156000059],[124.948272706000125,10.292630196000061],[124.943260193000015,10.291099549000023],[124.940002441000161,10.290860175000091],[124.938438415000064,10.292389868999976],[124.938346863000106,10.295709610000131],[124.939277649000019,10.298279763000096],[124.939208984000174,10.301190377000012],[124.939636231,10.303850174000104],[124.939979553000057,10.305500031000122],[124.940940857000214,10.305359840000108],[124.943748474000017,10.305970193000121],[124.948303222000163,10.308309555000051],[124.953086854000162,10.3111495980001],[124.96083068900009,10.315620423000098],[124.961311340000179,10.315030098000022],[124.961929321000184,10.314279557000191],[124.962997436000023,10.312589646000049],[124.962707520000208,10.311320306000027],[124.960441589000197,10.30893039700004],[124.959419251000213,10.30657958900008],[124.959877015000075,10.304909705999989],[124.96013641400009,10.303950311000108],[124.961311340000179,10.303259849000028],[124.962249756000119,10.303259849000028]]]]}},
{"type":"Feature","properties":{"fid":471,"GID_3":"PHL.71.19.2_1","GID_0":"PHL","COUNTRY":"Philippines","GID_1":"PHL.71_1","NAME_1":"Southern Leyte","NL_NAME_1":"NA","GID_2":"PHL.71.19_1","NAME_2":"Tomas Oppus","NL_NAME_2":"NA","NAME_3":"Banday","VARNAME_3":"Poblacion","NL_NAME_3":"NA","TYPE_3":"Barangay","ENGTYPE_3":"Village","CC_3":"NA","HASC_3":"NA"},"geometry":{"type":"MultiPolygon","coordinates":[[[[124.965026856000236,10.299050331000046],[124.963249208000093,10.300620079999987],[124.962379455000132,10.302309989000094],[124.962249756000119,10.303259849000028],[124.963912964000087,10.305270195000105],[124.965393066000161,10.307649612000034],[124.968566894000219,10.30990982000003],[124.96896362300015,10.310190201000012],[124.970298768000021,10.3111495980001],[124.971260071000074,10.311730385000089],[124.971946716000275,10.312129974000015],[124.97257232700008,10.31254959100005],[124.97396850500013,10.31319046100009],[124.97576141400009,10.314339638000092],[124.975906371000065,10.314419747000045],[124.976219178000065,10.313300134000031],[124.976501464000194,10.312330246000101],[124.97663879300012,10.311429977000103],[124.976806641000167,10.310790062000024],[124.976196289000086,10.310500145000105],[124.97103119000019,10.307909966000125],[124.969200134000062,10.305080414000088],[124.968467712,10.301770211000019],[124.967056274000129,10.299710275000109],[124.965026856000236,10.299050331000046]]]]}},
{"type":"Feature","properties":{"fid":472,"GID_3":"PHL.71.19.3_1","GID_0":"PHL","COUNTRY":"Philippines","GID_1":"PHL.71_1","NAME_1":"Southern Leyte","NL_NAME_1":"NA","GID_2":"PHL.71.19_1","NAME_2":"Tomas Oppus","NL_NAME_2":"NA","NAME_3":"Biasong","VARNAME_3":"NA","NL_NAME_3":"NA","TYPE_3":"Barangay","ENGTYPE_3":"Village","CC_3":"NA","HASC_3":"NA"},"geometry":{"type":"MultiPolygon","coordinates":[[[[124.919677734000061,10.318429947000027],[124.92778015100032,10.32048988400004],[124.929336548000038,10.315050126000074],[124.930061340000179,10.313289643000132],[124.928878785000279,10.311679841000171],[124.927330017000031,10.310230255000135],[124.92542266800001,10.310290338000073],[124.924278259000175,10.311090470000181],[124.923683166000046,10.31324005100015],[124.922927856000229,10.315030098000022],[124.921783447000166,10.315859794000062],[124.92027282700019,10.316439629],[124.919677734000061,10.318429947000027]]]]}},
{"type":"Feature","properties":{"fid":473,"GID_3":"PHL.71.19.4_1","GID_0":"PHL","COUNTRY":"Philippines","GID_1":"PHL.71_1","NAME_1":"Southern Leyte","NL_NAME_1":"NA","GID_2":"PHL.71.19_1","NAME_2":"Tomas Oppus","NL_NAME_2":"NA","NAME_3":"Bogo","VARNAME_3":"Poblacion","NL_NAME_3":"NA","TYPE_3":"Barangay","ENGTYPE_3":"Village","CC_3":"NA","HASC_3":"NA"},"geometry":{"type":"MultiPolygon","coordinates":[[[[124.965400696000074,10.296489716000053],[124.96533203100023,10.297280311000179],[124.965171813000097,10.298230171000057],[124.965026856000236,10.299050331000046],[124.967056274000129,10.299710275000109],[124.968467712,10.301770211000019],[124.969200134000062,10.305080414000088],[124.97103119000019,10.307909966000125],[124.976196289000086,10.310500145000105],[124.976806641000167,10.310790062000024],[124.976913453000066,10.310400008000045],[124.977676391000159,10.309980393000103],[124.978523254000152,10.309709549000047],[124.979843140000071,10.30935955200016],[124.980262757000105,10.309009553000067],[124.9808197010002,10.308600426000055],[124.981391908000205,10.308059693000132],[124.981391908000205,10.307780266],[124.981941224000025,10.307220459000177],[124.981941224000025,10.305560112000023],[124.982223512000019,10.305279731000155],[124.982223512000019,10.305000305000135],[124.982460023000044,10.304759979000153],[124.982498170000099,10.304470063000167],[124.982498170000099,10.303660393000143],[124.982498170000099,10.301110268000059],[124.982345580000015,10.301011086000017],[124.974349975000109,10.299030305000031],[124.971290589000091,10.297109603000081],[124.968986512000129,10.296079635000126],[124.967597962000013,10.295550347000187],[124.965568542000142,10.29543972],[124.965400696000074,10.296489716000053]]]]}},
{"type":"Feature","properties":{"fid":474,"GID_3":"PHL.71.19.5_1","GID_0":"PHL","COUNTRY":"Philippines","GID_1":"PHL.71_1","NAME_1":"Southern Leyte","NL_NAME_1":"NA","GID_2":"PHL.71.19_1","NAME_2":"Tomas Oppus","NL_NAME_2":"NA","NAME_3":"Cabascan","VARNAME_3":"NA","NL_NAME_3":"NA","TYPE_3":"Barangay","ENGTYPE_3":"Village","CC_3":"NA","HASC_3":"NA"},"geometry":{"type":"MultiPolygon","coordinates":[[[[124.96083068900009,10.315620423000098],[124.953086854000162,10.3111495980001],[124.948303222000163,10.308309555000051],[124.943748474000017,10.305970193000121],[124.940940857000214,10.305359840000108],[124.939979553000057,10.305500031000122],[124.939620971000068,10.306509970999969],[124.93881225500013,10.309590340000057],[124.938217162000115,10.311329842000077],[124.937461852000183,10.314080238000088],[124.937683105000133,10.31478977200004],[124.938316345000089,10.316189767000139],[124.940650939000193,10.315250398000103],[124.94412994400011,10.315589904000149],[124.949172973000032,10.318679809000116],[124.955841065000072,10.323639871000125],[124.956420898000147,10.322170257000039],[124.957450866000272,10.320380211000099],[124.959083557000099,10.319270134000021],[124.960487366000166,10.317799568000169],[124.96083068900009,10.315620423000098]]]]}},
{"type":"Feature","properties":{"fid":475,"GID_3":"PHL.71.19.6_1","GID_0":"PHL","COUNTRY":"Philippines","GID_1":"PHL.71_1","NAME_1":"Southern Leyte","NL_NAME_1":"NA","GID_2":"PHL.71.19_1","NAME_2":"Tomas Oppus","NL_NAME_2":"NA","NAME_3":"Camansi","VARNAME_3":"NA","NL_NAME_3":"NA","TYPE_3":"Barangay","ENGTYPE_3":"Village","CC_3":"NA","HASC_3":"NA"},"geometry":{"type":"MultiPolygon","coordinates":[[[[124.924476623000032,10.29351043700018],[124.923751832000221,10.295399665000161],[124.922592163000104,10.297800065],[124.920738221000192,10.299209594],[124.920486449000123,10.301529885000036],[124.921836852000183,10.30338955000019],[124.923973083000078,10.305330276000177],[124.92558288500004,10.30755043],[124.927330017000031,10.310230255000135],[124.928756714000087,10.306180000000154],[124.928878785000279,10.303720475000091],[124.930107117000148,10.30025959],[124.931129455000018,10.298350334000133],[124.931236268000021,10.295610428000089],[124.930740357000104,10.294170380000139],[124.928497314000083,10.292880059000083],[124.92624664400023,10.293219566000175],[124.924476623000032,10.29351043700018]]]]}},
{"type":"Feature","properties":{"fid":476,"GID_3":"PHL.71.19.7_1","GID_0":"PHL","COUNTRY":"Philippines","GID_1":"PHL.71_1","NAME_1":"Southern Leyte","NL_NAME_1":"NA","GID_2":"PHL.71.19_1","NAME_2":"Tomas Oppus","NL_NAME_2":"NA","NAME_3":"Cambite","VARNAME_3":"Poblacion","NL_NAME_3":"NA","TYPE_3":"Barangay","ENGTYPE_3":"Village","CC_3":"NA","HASC_3":"NA"},"geometry":{"type":"MultiPolygon","coordinates":[[[[124.96083068900009,10.315620423000098],[124.960487366000166,10.317799568000169],[124.959083557000099,10.319270134000021],[124.957450866000272,10.320380211000099],[124.960662842000147,10.320969580999986],[124.964538573000254,10.322480202],[124.972633362000238,10.326990128000148],[124.972976684000059,10.326299668000047],[124.973533630000134,10.325329780000061],[124.974090576000208,10.324709892000158],[124.974510193000015,10.324090005000073],[124.974998474000017,10.323880195000129],[124.974998474000017,10.323329925999985],[124.975280762000125,10.323060036000072],[124.975280762000125,10.322779656000137],[124.970970154000156,10.320710182000141],[124.967483521000077,10.319029807999982],[124.963432312000123,10.316399574000172],[124.962089538000214,10.315990448000036],[124.96083068900009,10.315620423000098]]]]}},
{"type":"Feature","properties":{"fid":477,"GID_3":"PHL.71.19.8_1","GID_0":"PHL","COUNTRY":"Philippines","GID_1":"PHL.71_1","NAME_1":"Southern Leyte","NL_NAME_1":"NA","GID_2":"PHL.71.19_1","NAME_2":"Tomas Oppus","NL_NAME_2":"NA","NAME_3":"Canlupao","VARNAME_3":"NA","NL_NAME_3":"NA","TYPE_3":"Barangay","ENGTYPE_3":"Village","CC_3":"NA","HASC_3":"NA"},"geometry":{"type":"MultiPolygon","coordinates":[[[[124.953407287000118,10.232049942000174],[124.941398621000076,10.231599808000055],[124.937339783000084,10.231869698000025],[124.940032960000053,10.236100196999985],[124.942787171000191,10.237600327000109],[124.944976807000103,10.238949775000037],[124.946060180000018,10.240010262000112],[124.949127196000063,10.239529610000147],[124.958068848000039,10.241600037000126],[124.961959840000191,10.241849899000044],[124.962043761000245,10.24186038900018],[124.966346741000166,10.242139817],[124.972091675000115,10.241689681000082],[124.975929260000271,10.240759850000188],[124.976188659000172,10.240699767000081],[124.980056763000107,10.23981952600019],[124.979713439000079,10.239410401000157],[124.979431153000064,10.238089562000027],[124.979431153000064,10.236849784000128],[124.979232789000321,10.235469819000059],[124.979187012000011,10.235179901000038],[124.978439332000107,10.235520362000102],[124.976409912000122,10.236450195000032],[124.974319459000071,10.235400201000175],[124.97279358000003,10.235070228000154],[124.970626831000232,10.234589576000133],[124.967987060000041,10.233759880000093],[124.953407287000118,10.232049942000174]]]]}},
{"type":"Feature","properties":{"fid":478,"GID_3":"PHL.71.19.9_1","GID_0":"PHL","COUNTRY":"Philippines","GID_1":"PHL.71_1","NAME_1":"Southern Leyte","NL_NAME_1":"NA","GID_2":"PHL.71.19_1","NAME_2":"Tomas Oppus","NL_NAME_2":"NA","NAME_3":"Carnaga","VARNAME_3":"NA","NL_NAME_3":"NA","TYPE_3":"Barangay","ENGTYPE_3":"Village","CC_3":"NA","HASC_3":"NA"},"geometry":{"type":"MultiPolygon","coordinates":[[[[124.897323609000068,10.310480117000054],[124.905250550000233,10.314040183999964],[124.91758728100001,10.318180085000108],[124.919677734000061,10.318429947000027],[124.92027282700019,10.316439629],[124.921783447000166,10.315859794000062],[124.922927856000229,10.315030098000022],[124.923683166000046,10.31324005100015],[124.924278259000175,10.311090470000181],[124.92542266800001,10.310290338000073],[124.927330017000031,10.310230255000135],[124.92558288500004,10.30755043],[124.923973083000078,10.305330276000177],[124.921836852000183,10.30338955000019],[124.920486449000123,10.301529885000036],[124.920738221000192,10.299209594],[124.922592163000104,10.297800065],[124.923751832000221,10.295399665000161],[124.924476623000032,10.29351043700018],[124.922531127000184,10.293649673000118],[124.919113160000052,10.295700074000081],[124.916831970000317,10.295860291999986],[124.913307190000182,10.293250084000022],[124.910240174000251,10.292699814000173],[124.90747833200021,10.297730447000106],[124.904296875000114,10.30327987700008],[124.897323609000068,10.310480117000054]]]]}},
{"type":"Feature","properties":{"fid":479,"GID_3":"PHL.71.19.10_1","GID_0":"PHL","COUNTRY":"Philippines","GID_1":"PHL.71_1","NAME_1":"Southern Leyte","NL_NAME_1":"NA","GID_2":"PHL.71.19_1","NAME_2":"Tomas Oppus","NL_NAME_2":"NA","NAME_3":"Cawayan","VARNAME_3":"NA","NL_NAME_3":"NA","TYPE_3":"Barangay","ENGTYPE_3":"Village","CC_3":"NA","HASC_3":"NA"},"geometry":{"type":"MultiPolygon","coordinates":[[[[124.939979553000057,10.305500031000122],[124.939636231,10.303850174000104],[124.939208984000174,10.301190377000012],[124.936088562,10.299579620999964],[124.932678223000039,10.298890114000017],[124.931129455000018,10.298350334000133],[124.930107117000148,10.30025959],[124.928878785000279,10.303720475000091],[124.928756714000087,10.306180000000154],[124.927330017000031,10.310230255000135],[124.928878785000279,10.311679841000171],[124.930061340000179,10.313289643000132],[124.93155670200008,10.314459801000169],[124.933776855000019,10.315970422000021],[124.9352417,10.317660331000127],[124.936317443000121,10.317440033000025],[124.938316345000089,10.316189767000139],[124.937683105000133,10.31478977200004],[124.937461852000183,10.314080238000088],[124.938217162000115,10.311329842000077],[124.93881225500013,10.309590340000057],[124.939620971000068,10.306509970999969],[124.939979553000057,10.305500031000122]]]]}},
{"type":"Feature","properties":{"fid":480,"GID_3":"PHL.71.19.11_1","GID_0":"PHL","COUNTRY":"Philippines","GID_1":"PHL.71_1","NAME_1":"Southern Leyte","NL_NAME_1":"NA","GID_2":"PHL.71.19_1","NAME_2":"Tomas Oppus","NL_NAME_2":"NA","NAME_3":"Higosoan","VARNAME_3":"NA","NL_NAME_3":"NA","TYPE_3":"Barangay","ENGTYPE_3":"Village","CC_3":"NA","HASC_3":"NA"},"geometry":{"type":"MultiPolygon","coordinates":[[[[124.954658508000193,10.3275003440001],[124.972358704000044,10.333569527000179],[124.972518920000198,10.333680153999978],[124.972473145000095,10.333020211000189],[124.972366333000082,10.332920074000185],[124.972221375000345,10.332779884000104],[124.972221375000345,10.329500198000176],[124.969192504000148,10.328339576000076],[124.966117860000054,10.327360153000143],[124.962333680000029,10.326290130000132],[124.955841065000072,10.323639871000125],[124.954658508000193,10.3275003440001]]]]}},
{"type":"Feature","properties":{"fid":481,"GID_3":"PHL.71.19.12_1","GID_0":"PHL","COUNTRY":"Philippines","GID_1":"PHL.71_1","NAME_1":"Southern Leyte","NL_NAME_1":"NA","GID_2":"PHL.71.19_1","NAME_2":"Tomas Oppus","NL_NAME_2":"NA","NAME_3":"Hinagtikan","VARNAME_3":"NA","NL_NAME_3":"NA","TYPE_3":"Barangay","ENGTYPE_3":"Village","CC_3":"NA","HASC_3":"NA"},"geometry":{"type":"MultiPolygon","coordinates":[[[[124.941658021000194,10.27291965500018],[124.939773560000162,10.272629738000091],[124.938293456000224,10.271269799000095],[124.936927795000088,10.2687301630001],[124.934547425000346,10.265959741000017],[124.93173980600011,10.263110162000089],[124.926658631000123,10.258549691000098],[124.918617249000022,10.253540039000029],[124.911758423000038,10.249719620000064],[124.907180786000254,10.248419761000036],[124.918136596000068,10.265720367000142],[124.924682618000134,10.273229599000047],[124.928169251000213,10.278869628000166],[124.929771424000023,10.282460214000082],[124.932456970000089,10.287119865000079],[124.934371947000045,10.288450242000067],[124.936157226000091,10.28847026800014],[124.937576295000099,10.289270401000181],[124.93762970000023,10.288640023000085],[124.937637330000143,10.288490296000191],[124.937728882000101,10.287240028000156],[124.938583374000018,10.284079552000094],[124.940002441000161,10.282620429000076],[124.94080352800006,10.281129837000037],[124.94080352800006,10.279399873000102],[124.941017151000096,10.278479577000155],[124.941200257000105,10.277770042000157],[124.942390443000022,10.275210382000068],[124.941658021000194,10.27291965500018]]]]}},
{"type":"Feature","properties":{"fid":482,"GID_3":"PHL.71.19.13_1","GID_0":"PHL","COUNTRY":"Philippines","GID_1":"PHL.71_1","NAME_1":"Southern Leyte","NL_NAME_1":"NA","GID_2":"PHL.71.19_1","NAME_2":"Tomas Oppus","NL_NAME_2":"NA","NAME_3":"Hinapo","VARNAME_3":"NA","NL_NAME_3":"NA","TYPE_3":"Barangay","ENGTYPE_3":"Village","CC_3":"NA","HASC_3":"NA"},"geometry":{"type":"MultiPolygon","coordinates":[[[[124.909431458000313,10.229689598999983],[124.907707215000073,10.241900444],[124.907791137000231,10.243439675000104],[124.907180786000254,10.248419761000036],[124.911758423000038,10.249719620000064],[124.918617249000022,10.253540039000029],[124.926658631000123,10.258549691000098],[124.93173980600011,10.263110162000089],[124.934547425000346,10.265959741000017],[124.936927795000088,10.2687301630001],[124.938293456000224,10.271269799000095],[124.939773560000162,10.272629738000091],[124.941658021000194,10.27291965500018],[124.942001342000026,10.271719933000043],[124.942268372000171,10.270779609000044],[124.944198608000193,10.266730309000025],[124.945922851000091,10.263259887000117],[124.946113587000013,10.257840158000135],[124.946701050000115,10.254899980000062],[124.948158263000096,10.252929688000108],[124.948600769000109,10.252289772999973],[124.949867248000032,10.250459671999977],[124.949829101000205,10.249019622000048],[124.94893646200012,10.248450279999986],[124.947257996000189,10.248149871000123],[124.945800780000013,10.246500016000084],[124.945472717000143,10.245400430000075],[124.945442201000105,10.245300293000071],[124.944869994000101,10.24337005700005],[124.945442201000105,10.241419793000148],[124.946060180000018,10.240010262000112],[124.944976807000103,10.238949775000037],[124.942787171000191,10.237600327000109],[124.940032960000053,10.236100196999985],[124.937339783000084,10.231869698000025],[124.909431458000313,10.229689598999983]]]]}},
{"type":"Feature","properties":{"fid":483,"GID_3":"PHL.71.19.14_1","GID_0":"PHL","COUNTRY":"Philippines","GID_1":"PHL.71_1","NAME_1":"Southern Leyte","NL_NAME_1":"NA","GID_2":"PHL.71.19_1","NAME_2":"Tomas Oppus","NL_NAME_2":"NA","NAME_3":"Hugpa","VARNAME_3":"NA","NL_NAME_3":"NA","TYPE_3":"Barangay","ENGTYPE_3":"Village","CC_3":"NA","HASC_3":"NA"},"geometry":{"type":"MultiPolygon","coordinates":[[[[124.899887086000035,10.265020372000038],[124.89967346100002,10.283699990000173],[124.899497986000029,10.291110039000159],[124.898300172000177,10.3016796120001],[124.897323609000068,10.310480117000054],[124.904296875000114,10.30327987700008],[124.90747833200021,10.297730447000106],[124.910240174000251,10.292699814000173],[124.913307190000182,10.293250084000022],[124.916831970000317,10.295860291999986],[124.919113160000052,10.295700074000081],[124.922531127000184,10.293649673000118],[124.924476623000032,10.29351043700018],[124.924636841000165,10.291359901000021],[124.924217224000131,10.288240432000123],[124.920738221000192,10.28147983600013],[124.91497039800015,10.272629738000091],[124.909530640000185,10.266229631000158],[124.907493590000058,10.260990143000072],[124.899887086000035,10.265020372000038]]]]}},
{"type":"Feature","properties":{"fid":484,"GID_3":"PHL.71.19.15_1","GID_0":"PHL","COUNTRY":"Philippines","GID_1":"PHL.71_1","NAME_1":"Southern Leyte","NL_NAME_1":"NA","GID_2":"PHL.71.19_1","NAME_2":"Tomas Oppus","NL_NAME_2":"NA","NAME_3":"Iniguihan Poblacion","VARNAME_3":"Salvacion","NL_NAME_3":"NA","TYPE_3":"Barangay","ENGTYPE_3":"Village","CC_3":"NA","HASC_3":"NA"},"geometry":{"type":"MultiPolygon","coordinates":[[[[124.962997436000023,10.312589646000049],[124.961929321000184,10.314279557000191],[124.961311340000179,10.315030098000022],[124.96083068900009,10.315620423000098],[124.962089538000214,10.315990448000036],[124.963432312000123,10.316399574000172],[124.967483521000077,10.319029807999982],[124.970970154000156,10.320710182000141],[124.975280762000125,10.322779656000137],[124.975563050000346,10.322500230000117],[124.975563050000346,10.321940422000125],[124.975830077000182,10.321669579],[124.975830077000182,10.321390152999982],[124.976112366000166,10.32110977200017],[124.976188659000172,10.319669723000118],[124.976272583000195,10.31927967200005],[124.976387024000132,10.318699837000167],[124.976142884000183,10.318409921000125],[124.972221375000345,10.315699577000089],[124.96739196700014,10.313500404000081],[124.962997436000023,10.312589646000049]]]]}},
{"type":"Feature","properties":{"fid":485,"GID_3":"PHL.71.19.16_1","GID_0":"PHL","COUNTRY":"Philippines","GID_1":"PHL.71_1","NAME_1":"Southern Leyte","NL_NAME_1":"NA","GID_2":"PHL.71.19_1","NAME_2":"Tomas Oppus","NL_NAME_2":"NA","NAME_3":"Looc","VARNAME_3":"NA","NL_NAME_3":"NA","TYPE_3":"Barangay","ENGTYPE_3":"Village","CC_3":"NA","HASC_3":"NA"},"geometry":{"type":"MultiPolygon","coordinates":[[[[124.941658021000194,10.27291965500018],[124.942390443000022,10.275210382000068],[124.944641113000102,10.274869917999979],[124.950256347000163,10.272830010000121],[124.958450318000018,10.269880295000064],[124.96456146200012,10.269479751000119],[124.984443664000082,10.268239975000029],[124.984443664000082,10.266449929000089],[124.984443664000082,10.265000343000054],[124.984169006000116,10.263739587000032],[124.983963013000221,10.26264],[124.9835510260001,10.262720109000043],[124.968399047000275,10.264619828000093],[124.957260132000101,10.265279769000074],[124.949569702000076,10.265760422000142],[124.944198608000193,10.266730309000025],[124.942268372000171,10.270779609000044],[124.942001342000026,10.271719933000043],[124.941658021000194,10.27291965500018]]]]}},
{"type":"Feature","properties":{"fid":486,"GID_3":"PHL.71.19.17_1","GID_0":"PHL","COUNTRY":"Philippines","GID_1":"PHL.71_1","NAME_1":"Southern Leyte","NL_NAME_1":"NA","GID_2":"PHL.71.19_1","NAME_2":"Tomas Oppus","NL_NAME_2":"NA","NAME_3":"Luan","VARNAME_3":"NA","NL_NAME_3":"NA","TYPE_3":"Barangay","ENGTYPE_3":"Village","CC_3":"NA","HASC_3":"NA"},"geometry":{"type":"MultiPolygon","coordinates":[[[[124.92778015100032,10.32048988400004],[124.9339218140002,10.321929931000057],[124.934257507000211,10.32040977500003],[124.934928893000119,10.318949699000029],[124.9352417,10.317660331000127],[124.933776855000019,10.315970422000021],[124.93155670200008,10.314459801000169],[124.930061340000179,10.313289643000132],[124.929336548000038,10.315050126000074],[124.92778015100032,10.32048988400004]]]]}},
{"type":"Feature","properties":{"fid":487,"GID_3":"PHL.71.19.18_1","GID_0":"PHL","COUNTRY":"Philippines","GID_1":"PHL.71_1","NAME_1":"Southern Leyte","NL_NAME_1":"NA","GID_2":"PHL.71.19_1","NAME_2":"Tomas Oppus","NL_NAME_2":"NA","NAME_3":"Maanyag","VARNAME_3":"NA","NL_NAME_3":"NA","TYPE_3":"Barangay","ENGTYPE_3":"Village","CC_3":"NA","HASC_3":"NA"},"geometry":{"type":"MultiPolygon","coordinates":[[[[124.9339218140002,10.321929931000057],[124.94412994400011,10.323989868000069],[124.954658508000193,10.3275003440001],[124.955841065000072,10.323639871000125],[124.949172973000032,10.318679809000116],[124.94412994400011,10.315589904000149],[124.940650939000193,10.315250398000103],[124.938316345000089,10.316189767000139],[124.936317443000121,10.317440033000025],[124.9352417,10.317660331000127],[124.934928893000119,10.318949699000029],[124.934257507000211,10.32040977500003],[124.9339218140002,10.321929931000057]]]]}},
{"type":"Feature","properties":{"fid":488,"GID_3":"PHL.71.19.19_1","GID_0":"PHL","COUNTRY":"Philippines","GID_1":"PHL.71_1","NAME_1":"Southern Leyte","NL_NAME_1":"NA","GID_2":"PHL.71.19_1","NAME_2":"Tomas Oppus","NL_NAME_2":"NA","NAME_3":"Mag-Ata","VARNAME_3":"NA","NL_NAME_3":"NA","TYPE_3":"Barangay","ENGTYPE_3":"Village","CC_3":"NA","HASC_3":"NA"},"geometry":{"type":"MultiPolygon","coordinates":[[[[124.949867248000032,10.250459671999977],[124.948600769000109,10.252289772999973],[124.948158263000096,10.252929688000108],[124.946701050000115,10.254899980000062],[124.946113587000013,10.257840158000135],[124.954086303000167,10.257289887000184],[124.964599609000174,10.256440162000104],[124.980926514000089,10.255260467000085],[124.98676300000011,10.254630090000092],[124.986953736000146,10.254440308000028],[124.986953736000146,10.254050255000152],[124.986686706000228,10.252459526000109],[124.986366271000065,10.249939918000166],[124.986343385000168,10.249759674000188],[124.986389160000158,10.24833011700008],[124.985351563000108,10.246250152000016],[124.984970093000015,10.24639987900008],[124.977706910000279,10.248970032000045],[124.973556518000237,10.249429704000022],[124.967582703000062,10.250829697000142],[124.954338073000031,10.251099587000112],[124.949867248000032,10.250459671999977]]]]}},
{"type":"Feature","properties":{"fid":489,"GID_3":"PHL.71.19.20_1","GID_0":"PHL","COUNTRY":"Philippines","GID_1":"PHL.71_1","NAME_1":"Southern Leyte","NL_NAME_1":"NA","GID_2":"PHL.71.19_1","NAME_2":"Tomas Oppus","NL_NAME_2":"NA","NAME_3":"Mapgap","VARNAME_3":"NA","NL_NAME_3":"NA","TYPE_3":"Barangay","ENGTYPE_3":"Village","CC_3":"NA","HASC_3":"NA"},"geometry":{"type":"MultiPolygon","coordinates":[[[[124.939208984000174,10.301190377000012],[124.939277649000019,10.298279763000096],[124.938346863000106,10.295709610000131],[124.938438415000064,10.292389868999976],[124.936408997000058,10.290320397000187],[124.933471680000025,10.290900230000091],[124.931503295000198,10.291419984000129],[124.930946349000124,10.292699814000173],[124.930740357000104,10.294170380000139],[124.931236268000021,10.295610428000089],[124.931129455000018,10.298350334000133],[124.932678223000039,10.298890114000017],[124.936088562,10.299579620999964],[124.939208984000174,10.301190377000012]]]]}},
{"type":"Feature","properties":{"fid":490,"GID_3":"PHL.71.19.21_1","GID_0":"PHL","COUNTRY":"Philippines","GID_1":"PHL.71_1","NAME_1":"Southern Leyte","NL_NAME_1":"NA","GID_2":"PHL.71.19_1","NAME_2":"Tomas Oppus","NL_NAME_2":"NA","NAME_3":"Maslog","VARNAME_3":"NA","NL_NAME_3":"NA","TYPE_3":"Barangay","ENGTYPE_3":"Village","CC_3":"NA","HASC_3":"NA"},"geometry":{"type":"MultiPolygon","coordinates":[[[[124.981170655000255,10.285840035000035],[124.981307984000182,10.284890175000157],[124.981620789000203,10.284059524000043],[124.98172760100033,10.283789634000129],[124.982147216000158,10.282540322000102],[124.982307434000063,10.280469895000124],[124.982353210000156,10.279979705000073],[124.982490539000082,10.278949737000119],[124.982841491000158,10.278189659000134],[124.983047485000156,10.277250290000097],[124.975067139000089,10.276570320000189],[124.95826721200001,10.277139664],[124.950523376000319,10.278140069000131],[124.946601868000016,10.279899597000053],[124.945037842000147,10.281720162000113],[124.946228028000064,10.283280372000092],[124.949516297000059,10.285799979999979],[124.95310211200001,10.287980080000068],[124.954147339000087,10.28507995700005],[124.958053589000315,10.282620429000076],[124.961898804000043,10.282130241000061],[124.971977234000178,10.283960342],[124.981170655000255,10.285840035000035]]]]}},
{"type":"Feature","properties":{"fid":491,"GID_3":"PHL.71.19.22_1","GID_0":"PHL","COUNTRY":"Philippines","GID_1":"PHL.71_1","NAME_1":"Southern Leyte","NL_NAME_1":"NA","GID_2":"PHL.71.19_1","NAME_2":"Tomas Oppus","NL_NAME_2":"NA","NAME_3":"Ponong","VARNAME_3":"NA","NL_NAME_3":"NA","TYPE_3":"Barangay","ENGTYPE_3":"Village","CC_3":"NA","HASC_3":"NA"},"geometry":{"type":"MultiPolygon","coordinates":[[[[124.980056763000107,10.23981952600019],[124.976188659000172,10.240699767000081],[124.975929260000271,10.240759850000188],[124.972091675000115,10.241689681000082],[124.966346741000166,10.242139817],[124.962043761000245,10.24186038900018],[124.961959840000191,10.241849899000044],[124.958068848000039,10.241600037000126],[124.949127196000063,10.239529610000147],[124.946060180000018,10.240010262000112],[124.945442201000105,10.241419793000148],[124.944869994000101,10.24337005700005],[124.945442201000105,10.245300293000071],[124.945472717000143,10.245400430000075],[124.945800780000013,10.246500016000084],[124.947257996000189,10.248149871000123],[124.94893646200012,10.248450279999986],[124.949829101000205,10.249019622000048],[124.949867248000032,10.250459671999977],[124.954338073000031,10.251099587000112],[124.967582703000062,10.250829697000142],[124.973556518000237,10.249429704000022],[124.977706910000279,10.248970032000045],[124.984970093000015,10.24639987900008],[124.985351563000108,10.246250152000016],[124.985191346000306,10.245920182000077],[124.984733582000104,10.244449615000178],[124.984176636000029,10.244310379000012],[124.983413695000081,10.243209840000191],[124.982849121000072,10.243000030000076],[124.982498170000099,10.242449761000103],[124.981941224000025,10.242099763000112],[124.98117828300019,10.241479874000049],[124.980850220000093,10.241100311000025],[124.980758666000042,10.241000176000171],[124.980476380000141,10.240719796000064],[124.980056763000107,10.23981952600019]]]]}},
{"type":"Feature","properties":{"fid":492,"GID_3":"PHL.71.19.23_1","GID_0":"PHL","COUNTRY":"Philippines","GID_1":"PHL.71_1","NAME_1":"Southern Leyte","NL_NAME_1":"NA","GID_2":"PHL.71.19_1","NAME_2":"Tomas Oppus","NL_NAME_2":"NA","NAME_3":"Rizal","VARNAME_3":"NA","NL_NAME_3":"NA","TYPE_3":"Barangay","ENGTYPE_3":"Village","CC_3":"NA","HASC_3":"NA"},"geometry":{"type":"MultiPolygon","coordinates":[[[[124.907180786000254,10.248419761000036],[124.907203674000016,10.251700402000154],[124.906890869000335,10.253789903000097],[124.907409669000117,10.257320404000097],[124.907493590000058,10.260990143000072],[124.909530640000185,10.266229631000158],[124.91497039800015,10.272629738000091],[124.920738221000192,10.28147983600013],[124.924217224000131,10.288240432000123],[124.924636841000165,10.291359901000021],[124.924476623000032,10.29351043700018],[124.92624664400023,10.293219566000175],[124.928497314000083,10.292880059000083],[124.930740357000104,10.294170380000139],[124.930946349000124,10.292699814000173],[124.931503295000198,10.291419984000129],[124.933471680000025,10.290900230000091],[124.936408997000058,10.290320397000187],[124.936828612000227,10.289939880000077],[124.937576295000099,10.289270401000181],[124.936157226000091,10.28847026800014],[124.934371947000045,10.288450242000067],[124.932456970000089,10.287119865000079],[124.929771424000023,10.282460214000082],[124.928169251000213,10.278869628000166],[124.924682618000134,10.273229599000047],[124.918136596000068,10.265720367000142],[124.907180786000254,10.248419761000036]]]]}},
{"type":"Feature","properties":{"fid":493,"GID_3":"PHL.71.19.24_1","GID_0":"PHL","COUNTRY":"Philippines","GID_1":"PHL.71_1","NAME_1":"Southern Leyte","NL_NAME_1":"NA","GID_2":"PHL.71.19_1","NAME_2":"Tomas Oppus","NL_NAME_2":"NA","NAME_3":"San Agustin","VARNAME_3":"NA","NL_NAME_3":"NA","TYPE_3":"Barangay","ENGTYPE_3":"Village","CC_3":"NA","HASC_3":"NA"},"geometry":{"type":"MultiPolygon","coordinates":[[[[124.962249756000119,10.303259849000028],[124.961311340000179,10.303259849000028],[124.96013641400009,10.303950311000108],[124.959877015000075,10.304909705999989],[124.959419251000213,10.30657958900008],[124.960441589000197,10.30893039700004],[124.962707520000208,10.311320306000027],[124.962997436000023,10.312589646000049],[124.96739196700014,10.313500404000081],[124.972221375000345,10.315699577000089],[124.976142884000183,10.318409921000125],[124.976387024000132,10.318699837000167],[124.976509094000107,10.318160057000057],[124.976173401000096,10.317029954000077],[124.976150512000117,10.31696033500009],[124.976013183000077,10.316069604000063],[124.975799561000144,10.315099716000077],[124.97586822400001,10.314539910000121],[124.975906371000065,10.314419747000045],[124.97576141400009,10.314339638000092],[124.97396850500013,10.31319046100009],[124.97257232700008,10.31254959100005],[124.971946716000275,10.312129974000015],[124.971260071000074,10.311730385000089],[124.970298768000021,10.3111495980001],[124.96896362300015,10.310190201000012],[124.968566894000219,10.30990982000003],[124.965393066000161,10.307649612000034],[124.963912964000087,10.305270195000105],[124.962249756000119,10.303259849000028]]]]}},
{"type":"Feature","properties":{"fid":494,"GID_3":"PHL.71.19.25_1","GID_0":"PHL","COUNTRY":"Philippines","GID_1":"PHL.71_1","NAME_1":"Southern Leyte","NL_NAME_1":"NA","GID_2":"PHL.71.19_1","NAME_2":"Tomas Oppus","NL_NAME_2":"NA","NAME_3":"San Antonio","VARNAME_3":"NA","NL_NAME_3":"NA","TYPE_3":"Barangay","ENGTYPE_3":"Village","CC_3":"NA","HASC_3":"NA"},"geometry":{"type":"MultiPolygon","coordinates":[[[[124.938438415000064,10.292389868999976],[124.940002441000161,10.290860175000091],[124.943260193000015,10.291099549000023],[124.948272706000125,10.292630196000061],[124.955680848000043,10.295410156000059],[124.960372925000229,10.295929910000098],[124.965400696000074,10.296489716000053],[124.965568542000142,10.29543972],[124.967597962000013,10.295550347000187],[124.968986512000129,10.296079635000126],[124.971290589000091,10.297109603000081],[124.974349975000109,10.299030305000031],[124.982345580000015,10.301011086000017],[124.982223512000019,10.30082988700002],[124.982223512000019,10.30053043300012],[124.982223512000019,10.299719810000113],[124.981941224000025,10.299440385000025],[124.981941224000025,10.298330308000061],[124.981666566000172,10.298060417000045],[124.98169708200021,10.296119689000079],[124.981491090000077,10.294870378000155],[124.981208802000083,10.293350219000047],[124.981163025000114,10.293210030000068],[124.980873108000083,10.293390274000103],[124.978759765000063,10.294699670000057],[124.977890014000195,10.295109749000176],[124.976959228000055,10.29405975300017],[124.97715759200014,10.29273033200019],[124.976127624000014,10.29207992500011],[124.973739624000132,10.291720390000137],[124.968490601000212,10.290920257999971],[124.962677001000088,10.289879799000175],[124.956672669000113,10.288599969000131],[124.95310211200001,10.287980080000068],[124.949516297000059,10.285799979999979],[124.946228028000064,10.283280372000092],[124.945037842000147,10.281720162000113],[124.94377136300011,10.281379701000105],[124.94080352800006,10.281129837000037],[124.940002441000161,10.282620429000076],[124.938583374000018,10.284079552000094],[124.937728882000101,10.287240028000156],[124.937637330000143,10.288490296000191],[124.93762970000023,10.288640023000085],[124.937576295000099,10.289270401000181],[124.936828612000227,10.289939880000077],[124.936408997000058,10.290320397000187],[124.938438415000064,10.292389868999976]]]]}},
{"type":"Feature","properties":{"fid":495,"GID_3":"PHL.71.19.26_1","GID_0":"PHL","COUNTRY":"Philippines","GID_1":"PHL.71_1","NAME_1":"Southern Leyte","NL_NAME_1":"NA","GID_2":"PHL.71.19_1","NAME_2":"Tomas Oppus","NL_NAME_2":"NA","NAME_3":"San Isidro","VARNAME_3":"NA","NL_NAME_3":"NA","TYPE_3":"Barangay","ENGTYPE_3":"Village","CC_3":"NA","HASC_3":"NA"},"geometry":{"type":"MultiPolygon","coordinates":[[[[124.946113587000013,10.257840158000135],[124.945922851000091,10.263259887000117],[124.944198608000193,10.266730309000025],[124.949569702000076,10.265760422000142],[124.957260132000101,10.265279769000074],[124.968399047000275,10.264619828000093],[124.9835510260001,10.262720109000043],[124.983963013000221,10.26264],[124.983886720000214,10.262220383000056],[124.983886720000214,10.261110306000148],[124.983612060000041,10.260829925000166],[124.983612060000041,10.260560035000026],[124.983421326000098,10.260370254],[124.98332977400014,10.26027965500009],[124.98332977400014,10.259719848000032],[124.983047485000156,10.259440423000115],[124.983047485000156,10.257780075000028],[124.984733582000104,10.256110192000165],[124.985000610000156,10.256110192000165],[124.985282898000037,10.255829811000126],[124.985832214000084,10.255829811000126],[124.986656189000087,10.255000115000087],[124.986656189000087,10.254719734000048],[124.98676300000011,10.254630090000092],[124.980926514000089,10.255260467000085],[124.964599609000174,10.256440162000104],[124.954086303000167,10.257289887000184],[124.946113587000013,10.257840158000135]]]]}},
{"type":"Feature","properties":{"fid":496,"GID_3":"PHL.71.19.27_1","GID_0":"PHL","COUNTRY":"Philippines","GID_1":"PHL.71_1","NAME_1":"Southern Leyte","NL_NAME_1":"NA","GID_2":"PHL.71.19_1","NAME_2":"Tomas Oppus","NL_NAME_2":"NA","NAME_3":"San Miguel","VARNAME_3":"NA","NL_NAME_3":"NA","TYPE_3":"Barangay","ENGTYPE_3":"Village","CC_3":"NA","HASC_3":"NA"},"geometry":{"type":"MultiPolygon","coordinates":[[[[124.981170655000255,10.285840035000035],[124.971977234000178,10.283960342],[124.961898804000043,10.282130241000061],[124.958053589000315,10.282620429000076],[124.954147339000087,10.28507995700005],[124.95310211200001,10.287980080000068],[124.956672669000113,10.288599969000131],[124.962677001000088,10.289879799000175],[124.968490601000212,10.290920257999971],[124.973739624000132,10.291720390000137],[124.976127624000014,10.29207992500011],[124.97715759200014,10.29273033200019],[124.976959228000055,10.29405975300017],[124.977890014000195,10.295109749000176],[124.978759765000063,10.294699670000057],[124.980873108000083,10.293390274000103],[124.981163025000114,10.293210030000068],[124.980796815000076,10.292110444000059],[124.980827332000217,10.290829659000053],[124.980827332000217,10.289150238000104],[124.980827332000217,10.288060189000078],[124.981101989000081,10.286339760999965],[124.981170655000255,10.285840035000035]]]]}},
{"type":"Feature","properties":{"fid":497,"GID_3":"PHL.71.19.28_1","GID_0":"PHL","COUNTRY":"Philippines","GID_1":"PHL.71_1","NAME_1":"Southern Leyte","NL_NAME_1":"NA","GID_2":"PHL.71.19_1","NAME_2":"Tomas Oppus","NL_NAME_2":"NA","NAME_3":"San Roque","VARNAME_3":"NA","NL_NAME_3":"NA","TYPE_3":"Barangay","ENGTYPE_3":"Village","CC_3":"NA","HASC_3":"NA"},"geometry":{"type":"MultiPolygon","coordinates":[[[[124.942390443000022,10.275210382000068],[124.941200257000105,10.277770042000157],[124.941017151000096,10.278479577000155],[124.94080352800006,10.279399873000102],[124.94080352800006,10.281129837000037],[124.94377136300011,10.281379701000105],[124.945037842000147,10.281720162000113],[124.946601868000016,10.279899597000053],[124.950523376000319,10.278140069000131],[124.95826721200001,10.277139664],[124.975067139000089,10.276570320000189],[124.983047485000156,10.277250290000097],[124.983398437000233,10.276530266000066],[124.983398437000233,10.27528000000018],[124.983886720000214,10.274439813000185],[124.984169006000116,10.274169923000045],[124.984169006000116,10.2725000370001],[124.984413147000168,10.272250176000114],[124.984443664000082,10.271969795000132],[124.984443664000082,10.271430015000021],[124.984443664000082,10.269720077000102],[124.984733582000104,10.269439697],[124.984733582000104,10.268890381000062],[124.984443664000082,10.26861],[124.984443664000082,10.268239975000029],[124.96456146200012,10.269479751000119],[124.958450318000018,10.269880295000064],[124.950256347000163,10.272830010000121],[124.944641113000102,10.274869917999979],[124.942390443000022,10.275210382000068]]]]}},
{"type":"Feature","properties":{"fid":498,"GID_3":"PHL.71.19.29_1","GID_0":"PHL","COUNTRY":"Philippines","GID_1":"PHL.71_1","NAME_1":"Southern Leyte","NL_NAME_1":"NA","GID_2":"PHL.71.19_1","NAME_2":"Tomas Oppus","NL_NAME_2":"NA","NAME_3":"Tinago","VARNAME_3":"NA","NL_NAME_3":"NA","TYPE_3":"Barangay","ENGTYPE_3":"Village","CC_3":"NA","HASC_3":"NA"},"geometry":{"type":"MultiPolygon","coordinates":[[[[124.957450866000272,10.320380211000099],[124.956420898000147,10.322170257000039],[124.955841065000072,10.323639871000125],[124.962333680000029,10.326290130000132],[124.966117860000054,10.327360153000143],[124.969192504000148,10.328339576000076],[124.972221375000345,10.329500198000176],[124.972221375000345,10.329170228000066],[124.972503662,10.328889847000028],[124.972503662,10.328330041000072],[124.972488403000057,10.327819824000073],[124.972633362000238,10.326990128000148],[124.964538573000254,10.322480202],[124.960662842000147,10.320969580999986],[124.957450866000272,10.320380211000099]]]]}}
]
}
