{
"type": "FeatureCollection",
"name": "southern_leyte_municipalities",
"crs": { "type": "name", "properties": { "name": "urn:ogc:def:crs:OGC:1.3:CRS84" } },
"features": [
{"type":"Feature","properties":{"fid":1,"GID_2":"PHL.71.1_1","GID_0":"PHL","COUNTRY":"Philippines","GID_1":"PHL.71_1","NAME_1":"Southern Leyte","NL_NAME_1":"NA","NAME_2":"Anahawan","VARNAME_2":"NA","NL_NAME_2":"NA","TYPE_2":"Bayan|Munisipyo","ENGTYPE_2":"Municipality","CC_2":"86401","HASC_2":"PH.SL.AA"},"geometry":{"type":"MultiPolygon","coordinates":[[[[125.252227784000183,10.25714016000012],[125.251876830000015,10.256790161000026],[125.251502990000063,10.256489754000143],[125.251106262000121,10.256179810000049],[125.250938416000054,10.25603962100007],[125.234176636000143,10.266380310000102],[125.223007202000076,10.272709847000044],[125.222396851000099,10.273159981000163],[125.221893310000041,10.273550034000039],[125.219116210000152,10.275090218000116],[125.215393066000161,10.27668952900018],[125.212852479000162,10.278779984000039],[125.20855712800028,10.281279564000101],[125.205451965000179,10.282759666000175],[125.199256897000055,10.285670282000126],[125.1929931640002,10.288430214000016],[125.185562133000076,10.291709900000114],[125.183486938000215,10.29304027500018],[125.179023744000233,10.296680450000167],[125.172988891000159,10.299920081999971],[125.172828674000129,10.300009729000067],[125.172439575000226,10.300209998000184],[125.169342040000174,10.30187988400013],[125.154830933000198,10.310020448000103],[125.156181336000145,10.316040040000075],[125.160522462000131,10.334650040000156],[125.16898345900006,10.331020355000078],[125.178230286000144,10.32894039200005],[125.189872742000148,10.326270104000059],[125.198753356000225,10.324139595000133],[125.213958741000056,10.320229531000052],[125.218437196000082,10.320170403000134],[125.223106384000062,10.320619584000099],[125.229911804000039,10.3161401750001],[125.233222961000024,10.314259529000083],[125.236427306000223,10.312439918999985],[125.244461060000049,10.308939935000126],[125.247833253000067,10.307539939000151],[125.250366212000131,10.30603027300009],[125.252769470000203,10.305359840000108],[125.256721497000058,10.304550171000187],[125.259193420000088,10.304260253],[125.261840820000089,10.303939820000039],[125.264129639000203,10.303930283000057],[125.266983033000201,10.303930283000057],[125.267082215000073,10.30327987700008],[125.267211914000086,10.302659988000016],[125.267341615000191,10.302020073000108],[125.267501830000015,10.301389694000079],[125.267776490000074,10.301110268000059],[125.267776490000074,10.30082988700002],[125.268058776000089,10.300559997000107],[125.268058776000089,10.299110412000175],[125.268058776000089,10.298890114000017],[125.267951966000169,10.298789979],[125.267776490000074,10.298609733000035],[125.267776490000074,10.29823970800004],[125.267776490000074,10.297780037000109],[125.267547607000211,10.297550201000092],[125.267501830000015,10.297400474000085],[125.267501830000015,10.296389579],[125.267219544000113,10.296110154000075],[125.267219544000113,10.295829773000037],[125.266937256000233,10.295559883000124],[125.266937256000233,10.294949532000146],[125.266937256000233,10.294170380000139],[125.266387940000072,10.293609619000051],[125.266189576000215,10.293560029],[125.266052247000061,10.293140412000184],[125.266189576000215,10.29273033200019],[125.266120910000041,10.292449952000084],[125.265609741000048,10.291970252],[125.265373230000137,10.291740419000064],[125.26509857200017,10.291529656000137],[125.264747621000197,10.290980338000168],[125.264678955000022,10.29028987900017],[125.264678955000022,10.288840293000135],[125.264472961000024,10.288350105000063],[125.26416778600003,10.287500382000189],[125.26416778600003,10.287220002000083],[125.263893128000063,10.286939621000045],[125.263893128000063,10.285280227999976],[125.26416778600003,10.284999848000041],[125.26416778600003,10.284720420000042],[125.263610840000183,10.284170151000069],[125.263610840000183,10.283610345000113],[125.263046264000195,10.283060074000161],[125.262390138000228,10.282750130000068],[125.262107849000017,10.282469749000086],[125.261703491000162,10.282119751000039],[125.261413574000244,10.28164005300016],[125.261337281000237,10.280949593000059],[125.261276246000079,10.280599594000137],[125.261207580000132,10.280050278000147],[125.261199952000197,10.279970170000126],[125.261146545000088,10.279299736000041],[125.261108398000033,10.27888965700015],[125.260841370000207,10.278619766000077],[125.260276794000333,10.278059960000121],[125.260276794000333,10.276430131000041],[125.260002136000026,10.276109696000049],[125.259803772000282,10.275659561000055],[125.259803772000282,10.275059700000043],[125.259933472000171,10.274470330000156],[125.259956359000057,10.27388000500008],[125.259857177000185,10.27330017200012],[125.259719848000259,10.272749901000168],[125.259559630000012,10.272210121000114],[125.259422301000086,10.271679879000089],[125.259246826000208,10.271169662000091],[125.259117127000081,10.270669937000036],[125.25895690900029,10.270199777000016],[125.25879669200026,10.269720077000102],[125.258506776000104,10.269319535000022],[125.258247376000099,10.268890381000062],[125.258033753000291,10.268460273000187],[125.257858276000093,10.268070222000119],[125.257751465000069,10.267519951000168],[125.257637025,10.267040254000165],[125.2574462890002,10.266610146000119],[125.257270813000218,10.26616954800005],[125.257156372000054,10.265689850000172],[125.257003785000165,10.265210153],[125.256912231000229,10.264760017000071],[125.256736755000134,10.264209748000098],[125.256591796000066,10.263730049000117],[125.256393432000209,10.263259887000117],[125.256187440000076,10.262800218],[125.255950928000175,10.26233959100017],[125.255706787,10.261890412000071],[125.255493165000075,10.261360168000067],[125.255271912000126,10.260959626000101],[125.255020142000035,10.260519981000073],[125.254806518,10.260069847000125],[125.254592895000201,10.25961971400011],[125.254302979000158,10.259229660000187],[125.253959655000017,10.25887966199997],[125.253616334000071,10.258520127000168],[125.253479003000052,10.258370400000103],[125.253288269000222,10.258170128000074],[125.252937317000146,10.257820129000152],[125.252578736000032,10.257490159000042],[125.252227784000183,10.25714016000012]]]]}},
{"type":"Feature","properties":{"fid":2,"GID_2":"PHL.71.2_1","GID_0":"PHL","COUNTRY":"Philippines","GID_1":"PHL.71_1","NAME_1":"Southern Leyte","NL_NAME_1":"NA","NAME_2":"Bontoc","VARNAME_2":"NA","NL_NAME_2":"NA","TYPE_2":"Bayan|Munisipyo","ENGTYPE_2":"Municipality","CC_2":"86402","HASC_2":"PH.SL.BN"},"geometry":{"type":"MultiPolygon","coordinates":[[[[124.968933106,10.372240066000131],[124.969276428000171,10.37057972000008],[124.96938324000007,10.36956977799997],[124.96938324000007,10.368749620000131],[124.96938324000007,10.368670464],[124.969413757000211,10.368599893000123],[124.969650268,10.368049622000171],[124.970352173000038,10.366729738000174],[124.970909119000112,10.365839959000027],[124.971008301000211,10.365429879000033],[124.971107483000196,10.364999772000033],[124.971107483000196,10.362259865999988],[124.971099853000283,10.361220360000175],[124.970886231,10.360250474],[124.970260621000079,10.359490396000183],[124.969772339000087,10.358449937000159],[124.969642640000075,10.357150079000064],[124.969627379000144,10.357069970000111],[124.971733093000125,10.35515022300018],[124.972557069000231,10.35437965400007],[124.972702026000093,10.353549958000031],[124.973121643000013,10.352510452000161],[124.973609924000016,10.351389884000184],[124.973609924000016,10.351110458000164],[124.973892212000123,10.350830078000058],[124.973892212000123,10.350560188000088],[124.97416687000009,10.350279809000085],[124.97416687000009,10.350000381000029],[124.974693299000023,10.349470139000061],[124.975387574000024,10.348569870000063],[124.975669860000153,10.347949983000035],[124.975532531000226,10.347530366000058],[124.975112916000057,10.347330093999972],[124.974548340000069,10.34696960399998],[124.974342345000196,10.346839906000127],[124.974067687000343,10.346150398000077],[124.973953247000168,10.345769883000116],[124.973846435000155,10.345459939000079],[124.973846435000155,10.344840050000187],[124.974342345000196,10.344490051000093],[124.974693299000023,10.344699860000162],[124.975318908000077,10.344630242000051],[124.975669860000153,10.344289779000064],[124.97582244900002,10.343720437],[124.975883485000168,10.343520165000143],[124.975883485000168,10.343179704000136],[124.97560119700006,10.342419624000115],[124.975158691000047,10.341690064000147],[124.974761962000116,10.341039659000103],[124.974639892000027,10.340570450000087],[124.974342345000196,10.339449882000054],[124.974311829000158,10.338939668000137],[124.974273682000103,10.338339805000146],[124.973937989000092,10.338100434000182],[124.973510741000268,10.337789536],[124.973510741000268,10.337140084000112],[124.973510741000268,10.336199760000113],[124.973228455000026,10.335849763],[124.972953797000059,10.3346099850001],[124.972526550000111,10.333849907000115],[124.972518920000198,10.333680153999978],[124.972358704000044,10.333569527000179],[124.954658508000193,10.3275003440001],[124.94412994400011,10.323989868000069],[124.9339218140002,10.321929931000057],[124.92778015100032,10.32048988400004],[124.919677734000061,10.318429947000027],[124.91758728100001,10.318180085000108],[124.905250550000233,10.314040183999964],[124.897323609000068,10.310480117000054],[124.897010804000047,10.323080063000191],[124.895881653000174,10.32761955300009],[124.896171570000092,10.33094978400004],[124.895690917000024,10.336910248000095],[124.895416259000058,10.341779709000036],[124.894912720000207,10.347900391],[124.894531250000114,10.354889870000022],[124.892036438000105,10.363639833000036],[124.891120910000041,10.372039794000045],[124.89169311500018,10.3793602],[124.891731262,10.386360168000124],[124.892227172000048,10.39601040000008],[124.893211366000287,10.40028953500007],[124.893180847000167,10.404399873000159],[124.895652770000197,10.409110069000121],[124.898727417000259,10.41489029000013],[124.901969909000172,10.418970108000167],[124.904006959000071,10.422909738000158],[124.907112122000058,10.42730998899998],[124.909179687000346,10.431870460000141],[124.911613463000094,10.437540054000124],[124.917198182000106,10.44886970500005],[124.930313110000043,10.430789947000164],[124.932876587000123,10.42712021],[124.934837341000048,10.424249648],[124.938346863000106,10.420689584000172],[124.941833497000175,10.417249680000111],[124.945053100000109,10.412500382000076],[124.946548463000113,10.409629823000159],[124.952636718,10.40071010500003],[124.953002930000139,10.399319650000166],[124.957519532000106,10.391860008000094],[124.963981629000045,10.384209631999965],[124.967216491000158,10.381389616999968],[124.970428467000147,10.377679826000076],[124.970336915000075,10.37755966300017],[124.969169618000024,10.376390458000174],[124.969169618000024,10.376110077000135],[124.96888732900004,10.375829697000029],[124.96888732900004,10.375559807000059],[124.968612671000187,10.375280381000039],[124.968612671000187,10.375],[124.968650818000242,10.373970032000102],[124.968650818000242,10.373000144000116],[124.968711854000162,10.372850417000109],[124.968933106,10.372240066000131]]]]}},
{"type":"Feature","properties":{"fid":3,"GID_2":"PHL.71.3_1","GID_0":"PHL","COUNTRY":"Philippines","GID_1":"PHL.71_1","NAME_1":"Southern Leyte","NL_NAME_1":"NA","NAME_2":"Hinunangan","VARNAME_2":"NA","NL_NAME_2":"NA","TYPE_2":"Bayan|Munisipyo","ENGTYPE_2":"Municipality","CC_2":"86403","HASC_2":"PH.SL.HG"},"geometry":{"type":"MultiPolygon","coordinates":[[[[125.137130738000224,10.352809906000061],[125.134933473000046,10.358119964000139],[125.131858826000098,10.365710258000036],[125.129882813000108,10.372540475],[125.127723695000213,10.376640320000035],[125.111213684000063,10.375610350999978],[125.086036682000213,10.374859811000078],[125.083526611000138,10.387280464000071],[125.081871034000187,10.395030022000185],[125.081848145000095,10.395159722000074],[125.081787110000164,10.395420075],[125.080810547000056,10.4000196450001],[125.078598023000154,10.411370277000117],[125.077392579000048,10.425880432000099],[125.074821471000178,10.439959526999985],[125.083778381000116,10.448789598000076],[125.091583252000078,10.453370095000082],[125.09971618700024,10.45518970500018],[125.106536865000066,10.454819680000014],[125.114227295000092,10.45316028600007],[125.119781495000097,10.451510430000155],[125.128562927000189,10.448390007000171],[125.136016846000075,10.446049690000052],[125.139137267000024,10.445500374000062],[125.145843506000119,10.443460466000033],[125.15297699100006,10.441980362000152],[125.155937195000092,10.441969871000083],[125.156272888000217,10.441969871000083],[125.158897401000218,10.441960334999976],[125.16383361700025,10.441699981000113],[125.173576356000012,10.44476986],[125.17893982000021,10.446579934000056],[125.185836793000021,10.450030326000046],[125.185836793000021,10.449720383999988],[125.185546875000227,10.449440003000177],[125.185546875000227,10.448889733000101],[125.185279847000174,10.448610307000081],[125.185279847000174,10.448060036000129],[125.184997559000067,10.447779656000023],[125.184997559000067,10.447219849000135],[125.185279847000174,10.446940422000011],[125.185279847000174,10.445280076000131],[125.185546875000227,10.444999695000092],[125.185546875000227,10.444439888999966],[125.187271118000012,10.442720414000064],[125.187767029000042,10.442219735000151],[125.187767029000042,10.441940307000095],[125.18763733000003,10.441809654000053],[125.187500001000217,10.441670417000182],[125.187500001000217,10.441390039000055],[125.188056945000085,10.440830230000188],[125.187767029000042,10.440830230000188],[125.187232971000071,10.440279962000147],[125.186668397000062,10.440279962000147],[125.185836793000021,10.439439775000153],[125.185546875000227,10.439439775000153],[125.184997559000067,10.438890457000184],[125.182777405000024,10.438890457000184],[125.182220459000177,10.438329698000075],[125.181663513000103,10.438329698000075],[125.180557251000209,10.437219621000168],[125.180557251000209,10.436940193000112],[125.180000305000135,10.436389924000139],[125.1799926770002,10.436050416000114],[125.179908753000177,10.433259965000104],[125.179908753000177,10.432640076000041],[125.179489136000029,10.431539535000184],[125.179489136000029,10.430780411000114],[125.179206848000149,10.429260253000052],[125.180267334000064,10.428609848000178],[125.180267334000064,10.428330422000158],[125.180557251000209,10.428059579000035],[125.180557251000209,10.427780150999979],[125.180831909000176,10.4274997710001],[125.180831909000176,10.427220345000023],[125.181106567000029,10.426939964000042],[125.181106567000029,10.426670074000072],[125.181678771000065,10.426099777000047],[125.181953431000125,10.425829887000134],[125.181953431000125,10.425559997000164],[125.182777405000024,10.42471981],[125.182777405000024,10.42444038400015],[125.183891297000059,10.423330307000072],[125.183891297000059,10.423060417000102],[125.1847229010001,10.422220230000164],[125.1847229010001,10.421939850000058],[125.185546875000227,10.421110153000029],[125.185951233000083,10.420530319000022],[125.186378479000268,10.420089721000181],[125.186859131000119,10.419699670000114],[125.187232971000071,10.419170380000025],[125.187767029000042,10.418609619000108],[125.188056945000085,10.418609619000108],[125.18833160500003,10.418330193000088],[125.188606263000224,10.418330193000088],[125.188888549000126,10.418060303000118],[125.189163209000071,10.418060303000118],[125.189712525000118,10.417499541999973],[125.190551759000073,10.416669846000104],[125.190551759000073,10.416390420000084],[125.191673279000156,10.41528034300012],[125.191673279000156,10.414999962000138],[125.192222595000089,10.414440156000182],[125.192222595000089,10.414170266000042],[125.193046571000082,10.413330079000048],[125.193046571000082,10.413060189000134],[125.193893433000198,10.41222000200014],[125.193893433000198,10.411939621000101],[125.194168091000165,10.411669731000188],[125.194168091000165,10.410829544000023],[125.194442749000132,10.410559654000053],[125.194442749000132,10.410280228000033],[125.194717407000098,10.409999848000098],[125.194717407000098,10.409720422000078],[125.194877624000014,10.409569740000052],[125.195266723000145,10.409170151000126],[125.195266723000145,10.40861034500017],[125.19555664100028,10.408329964000131],[125.19555664100028,10.408060074000048],[125.195831299000133,10.407779694000112],[125.195831299000133,10.407500268000092],[125.196113587000013,10.407219887000053],[125.196113587000013,10.406940460000101],[125.196388245000207,10.406669616999977],[125.196388245000207,10.406390191000128],[125.196662903000174,10.406109810000146],[125.196662903000174,10.405830383000023],[125.196952819000217,10.40555954000007],[125.196952819000217,10.40528011400005],[125.197219849000021,10.404999733000011],[125.197219849000021,10.404720306000115],[125.197502137000015,10.404439927000055],[125.197502137000015,10.404170037000142],[125.197776795000095,10.403889656000104],[125.197776795000095,10.403610231000187],[125.198059081000224,10.403329850000148],[125.198059081000224,10.40305996],[125.198333741000056,10.402779580000129],[125.198333741000056,10.402500154000052],[125.199172973000032,10.401670455000101],[125.199172973000032,10.401390077000144],[125.199722291000171,10.400830268000107],[125.199722291000171,10.400560377999966],[125.200843811000027,10.399439813000072],[125.200843811000027,10.399169923000159],[125.201393127000074,10.398610114000064],[125.201393127000074,10.398329736000164],[125.201667785000041,10.398059846000024],[125.201667785000041,10.397780418000025],[125.20221710300018,10.397219659000086],[125.20221710300018,10.396940231000031],[125.202377318000231,10.396789550999983],[125.203903197000045,10.395270348000167],[125.204437255000016,10.394720076999988],[125.204963684000177,10.394720076999988],[125.205177307000099,10.39453983300001],[125.206108093000239,10.39361],[125.206306457000096,10.39361],[125.206390381000119,10.39361],[125.206596374000014,10.393400193000048],[125.207496643000013,10.392499923000173],[125.207496643000013,10.392310144000021],[125.207496643000013,10.39221954400017],[125.208053589000087,10.391670227000077],[125.20834350500013,10.391670227000077],[125.208610535000162,10.391389846000095],[125.208610535000162,10.391110420000018],[125.209167481000236,10.390560150000169],[125.209716797000056,10.390560150000169],[125.209999085000163,10.390279771000166],[125.209999085000163,10.390000343000111],[125.210563659000172,10.389439582000023],[125.210563659000172,10.389169694000032],[125.210830689000204,10.388890266000033],[125.210830689000204,10.388609886000097],[125.211387635000051,10.388059617000124],[125.21166992100018,10.388059617000124],[125.211822511000037,10.387900352000031],[125.212501525000107,10.387220383000169],[125.213279724000017,10.386670112],[125.21376800500002,10.386190414999987],[125.214187622000054,10.385700227000143],[125.214599609000061,10.385290145000113],[125.216110229000037,10.384719848000088],[125.216300963000208,10.384719848000088],[125.216392517000145,10.384719848000088],[125.216621398000143,10.384490013000175],[125.216941833000078,10.384440423000171],[125.217163086000028,10.384240151000142],[125.21778106700026,10.383609771000181],[125.218063355000027,10.383609771000181],[125.21833038300008,10.383330346000093],[125.219169617000034,10.383330346000093],[125.219718933000195,10.382780075000085],[125.220001221000075,10.382780075000085],[125.220283507000204,10.382499694000103],[125.220413208000195,10.382450104000043],[125.221527100000117,10.382010461],[125.222023011000033,10.381810189000134],[125.222091675000229,10.382080079000104],[125.222221375000117,10.382499694000103],[125.222671509000065,10.383609771000181],[125.222816468000246,10.383760453000036],[125.222976684000173,10.383769989000143],[125.221687318000249,10.37662029400019],[125.220832825000343,10.372320175000084],[125.217987060000155,10.368009568000048],[125.216239930000029,10.365750312000159],[125.213760376000209,10.361599922000096],[125.208190918000014,10.356209755000066],[125.205322266000167,10.353910447000089],[125.201957703000062,10.351349832000039],[125.197486877000301,10.348850250000169],[125.190399169000102,10.34566021],[125.183609009000065,10.343110086000081],[125.176353454000264,10.34138012000011],[125.173500060000038,10.340620042000069],[125.160522462000131,10.334650040000156],[125.156181336000145,10.316040040000075],[125.154830933000198,10.310020448000103],[125.150138855000137,10.32227993000015],[125.148361207000107,10.32732009900019],[125.143852233000075,10.337530137000158],[125.143180847000167,10.339229584000122],[125.137130738000224,10.352809906000061]]]]}},
{"type":"Feature","properties":{"fid":4,"GID_2":"PHL.71.4_1","GID_0":"PHL","COUNTRY":"Philippines","GID_1":"PHL.71_1","NAME_1":"Southern Leyte","NL_NAME_1":"NA","NAME_2":"Hinundayan","VARNAME_2":"NA","NL_NAME_2":"NA","TYPE_2":"Bayan|Munisipyo","ENGTYPE_2":"Municipality","CC_2":"86404","HASC_2":"PH.SL.HD"},"geometry":{"type":"MultiPolygon","coordinates":[[[[125.256721497000058,10.304550171000187],[125.252769470000203,10.305359840000108],[125.250366212000131,10.30603027300009],[125.247833253000067,10.307539939000151],[125.244461060000049,10.308939935000126],[125.236427306000223,10.312439918999985],[125.233222961000024,10.314259529000083],[125.229911804000039,10.3161401750001],[125.223106384000062,10.320619584000099],[125.218437196000082,10.320170403000134],[125.213958741000056,10.320229531000052],[125.198753356000225,10.324139595000133],[125.189872742000148,10.326270104000059],[125.178230286000144,10.32894039200005],[125.16898345900006,10.331020355000078],[125.160522462000131,10.334650040000156],[125.173500060000038,10.340620042000069],[125.176353454000264,10.34138012000011],[125.183609009000065,10.343110086000081],[125.190399169000102,10.34566021],[125.197486877000301,10.348850250000169],[125.201957703000062,10.351349832000039],[125.205322266000167,10.353910447000089],[125.208190918000014,10.356209755000066],[125.213760376000209,10.361599922000096],[125.216239930000029,10.365750312000159],[125.217987060000155,10.368009568000048],[125.220832825000343,10.372320175000084],[125.221687318000249,10.37662029400019],[125.222976684000173,10.383769989000143],[125.222816468000246,10.383760453000036],[125.222953797000173,10.383879661000151],[125.22322845500014,10.384900094000102],[125.223793029000149,10.385450363000075],[125.223793029000149,10.385930062000057],[125.22392273000014,10.386280059000171],[125.224166869000328,10.387220383000169],[125.224380494000116,10.387109758000122],[125.224517823000042,10.387319564999984],[125.224800109000171,10.387530327000036],[125.225082397000051,10.387729644000103],[125.225563050000119,10.388059617000124],[125.226387023000029,10.388890266000033],[125.226669311000137,10.388890266000033],[125.226936341000169,10.389169694000032],[125.22721862700007,10.389169694000032],[125.227500915000178,10.389439582000023],[125.227783204000161,10.389439582000023],[125.228332519000219,10.390000343000111],[125.228607177000072,10.390000343000111],[125.230552673000034,10.39194965400003],[125.230827331000228,10.39194965400003],[125.231109619000108,10.39221954400017],[125.231391908000091,10.39221954400017],[125.231666565000069,10.392499923000173],[125.231941223000035,10.392499923000173],[125.23361206200002,10.394169808000072],[125.23361206200002,10.394439697999985],[125.234169006000229,10.395000458000027],[125.234443666000061,10.395000458000027],[125.234733582000217,10.39527988500015],[125.235557556000231,10.39527988500015],[125.235832214000197,10.395560264000153],[125.23610687300004,10.39527988500015],[125.236389160000044,10.39527988500015],[125.23671722500012,10.394940377000125],[125.236953736000032,10.394720076999988],[125.238128661000019,10.394720076999988],[125.238540650000118,10.394860268000173],[125.23882293600002,10.394860268000173],[125.239112854000041,10.394860268000173],[125.239440918000014,10.394720076999988],[125.239723206000235,10.394720076999988],[125.239997864000088,10.394439697999985],[125.240280152000309,10.394439697999985],[125.240280152000309,10.393329621000078],[125.240112304000149,10.393170357000031],[125.239997864000088,10.393059731000108],[125.240280152000309,10.392780303999984],[125.240280152000309,10.39194965400003],[125.240547179000146,10.391670227000077],[125.240547179000146,10.391110420000018],[125.241111756,10.390560150000169],[125.241111756,10.390279771000166],[125.241386414000203,10.390000343000111],[125.241386414000203,10.389719963],[125.242500306000011,10.388609886000097],[125.242767333000302,10.388609886000097],[125.243606568000018,10.387780189000125],[125.243888856000126,10.387780189000125],[125.244453430000135,10.387220383000169],[125.244720460000167,10.387220383000169],[125.245552064000094,10.386389732000055],[125.245826722000061,10.386389732000055],[125.246673584000177,10.385560035000083],[125.246948242000144,10.385560035000083],[125.248046876000103,10.384440423000171],[125.248046876000103,10.384169580000048],[125.248336792000032,10.383890152000049],[125.248336792000032,10.383609771000181],[125.249168396000186,10.382780075000085],[125.249168396000186,10.382499694000103],[125.250556946000074,10.381110192000051],[125.250556946000074,10.380829811000012],[125.251106262000121,10.38027954000006],[125.251106262000121,10.379719734000105],[125.251663208000195,10.379170418000115],[125.251663208000195,10.378890038],[125.25195312600033,10.378609657000027],[125.25195312600033,10.378060341000037],[125.25250244200015,10.377499580000062],[125.25250244200015,10.377360344000124],[125.25250244200015,10.377220154000042],[125.253890992000265,10.375829697000029],[125.254173278000167,10.375829697000029],[125.257766724000135,10.372220040000059],[125.257766724000135,10.37193965900002],[125.258331298000144,10.371390344000133],[125.258331298000144,10.371109963000151],[125.258613586000024,10.370829582000113],[125.258613586000024,10.370559691999972],[125.259162902000185,10.369999886000016],[125.259162902000185,10.36972046],[125.259452820000206,10.369449615000065],[125.259452820000206,10.369170190000148],[125.259719848000259,10.368889809000109],[125.259719848000259,10.368610383000089],[125.260002136000026,10.368330003000153],[125.260002136000026,10.368060113000013],[125.260276794000333,10.367779732000031],[125.260276794000333,10.367500306000181],[125.26053619400011,10.367250442000113],[125.2605590820001,10.367099763000169],[125.2605590820001,10.366939545000037],[125.260833740000066,10.366669655000123],[125.260833740000066,10.365509988000156],[125.260833740000066,10.364720344000034],[125.2605590820001,10.364439964999974],[125.2605590820001,10.36250019199997],[125.260276794000333,10.362219811000159],[125.260276794000333,10.361940384000036],[125.259719848000259,10.361390115000063],[125.259307861000025,10.360730172000103],[125.258888244000218,10.360280038000155],[125.258613586000024,10.359999657000117],[125.258331298000144,10.359999657000117],[125.257766724000135,10.359439851],[125.257499694000103,10.359439851],[125.257217408000201,10.359169961000077],[125.256668090000176,10.359169961000077],[125.255912782000223,10.358889580000039],[125.255493165000075,10.35867977099997],[125.255142211000134,10.358130455000037],[125.254913330000136,10.357769966000149],[125.254646302000083,10.357370377],[125.254302979000158,10.356949807000035],[125.254440308000085,10.356539726000108],[125.254508971000178,10.35618972900005],[125.254722596000192,10.355560302000072],[125.254722596000192,10.354439737000178],[125.254997254000159,10.354169847000037],[125.254997254000159,10.353610038],[125.255348205000132,10.352720261],[125.255416871000307,10.352160455000046],[125.255622863000099,10.351200105000032],[125.25611114600008,10.351059914000018],[125.257499694000103,10.350279809000085],[125.257766724000135,10.350000381000029],[125.257766724000135,10.349720001000094],[125.257873536000261,10.349619866000069],[125.258056640000177,10.349439620000112],[125.258056640000177,10.349169732000121],[125.258331298000144,10.348890304000122],[125.258346558000198,10.348420143000055],[125.258522034000066,10.34794044500012],[125.258857727000077,10.347550392000073],[125.259246826000208,10.347229959000117],[125.259666443000015,10.346910477000165],[125.260070801000097,10.346559525000089],[125.260406495000325,10.346139908000112],[125.260726930000146,10.345689774000164],[125.260971069000107,10.34514999400011],[125.261207580000132,10.344610214],[125.261413574000244,10.344050408000044],[125.261672974000021,10.343509675000178],[125.261917113000095,10.342980385000089],[125.262153626000213,10.342450142000189],[125.262351989000194,10.341919900000164],[125.262519836000138,10.34138965600016],[125.262687684000184,10.340889932000039],[125.262756348000153,10.340370178],[125.262779236000142,10.339859962999981],[125.262779236000142,10.339349747000028],[125.262779236000142,10.338850021000098],[125.262786866000056,10.338339805000146],[125.262840271000073,10.337829591000059],[125.262992859000065,10.337329865000072],[125.263046264000195,10.33677959400012],[125.26312255900018,10.336210250000079],[125.263343810000265,10.335659982000038],[125.263610840000183,10.335129737000102],[125.263870240000301,10.334580421000169],[125.264060974000131,10.334019660000024],[125.264137267000137,10.333450318000189],[125.26416778600003,10.332909585000095],[125.264228821000074,10.332400322000126],[125.264396667000028,10.331939698000042],[125.264587403000064,10.331480026],[125.264686585000049,10.330940246000125],[125.264717102000077,10.330280305000144],[125.264717102000077,10.329999924000163],[125.264999390000071,10.329719544000056],[125.264999390000071,10.329449652999983],[125.26526641800001,10.329170228000066],[125.26526641800001,10.32777977000012],[125.265419007000105,10.327639581000142],[125.265556336000031,10.3275003440001],[125.265556336000031,10.327219964000165],[125.265800475000219,10.326979638000182],[125.266113282000106,10.326669693000042],[125.265846252000188,10.326399803000072],[125.265556336000031,10.326109887000086],[125.265556336000031,10.325830459000031],[125.264999390000071,10.325280190000058],[125.264999390000071,10.324999810000122],[125.26526641800001,10.324720382000123],[125.26526641800001,10.32444000300012],[125.264999390000071,10.32417011300015],[125.264999390000071,10.323889733000044],[125.265556336000031,10.323329925999985],[125.265556336000031,10.322779656000137],[125.26526641800001,10.322500230000117],[125.26526641800001,10.321940422000125],[125.265556336000031,10.321669579],[125.265556336000031,10.32110977200017],[125.265830994000225,10.320830345000047],[125.265556336000031,10.320560455000077],[125.265556336000031,10.318329812000172],[125.265830994000225,10.318059922000032],[125.265830994000225,10.317219735000094],[125.266113282000106,10.316940307000039],[125.266113282000106,10.315830230000131],[125.266387940000072,10.31556034],[125.266670226000201,10.315279962000091],[125.266670226000201,10.312239647000126],[125.266670226000201,10.311670303000085],[125.266433715000062,10.311090470000181],[125.266403198000262,10.310569764000093],[125.266387940000072,10.310040474000175],[125.266357421000293,10.309530258000052],[125.266258239000081,10.30904006999998],[125.266143799000019,10.308549881000033],[125.266128540000068,10.308039665000081],[125.266250611000032,10.30755043],[125.26651001100015,10.30710983400013],[125.266799927000193,10.306690217000153],[125.267097473000035,10.306280135000179],[125.267158509000183,10.30576038300012],[125.267013550000115,10.305139542],[125.266952514000081,10.30451965300017],[125.266983033000201,10.303930283000057],[125.264129639000203,10.303930283000057],[125.261840820000089,10.303939820000039],[125.259193420000088,10.304260253],[125.256721497000058,10.304550171000187]]]]}},
{"type":"Feature","properties":{"fid":5,"GID_2":"PHL.71.5_1","GID_0":"PHL","COUNTRY":"Philippines","GID_1":"PHL.71_1","NAME_1":"Southern Leyte","NL_NAME_1":"NA","NAME_2":"Libagon","VARNAME_2":"NA","NL_NAME_2":"NA","TYPE_2":"Bayan|Munisipyo","ENGTYPE_2":"Municipality","CC_2":"86405","HASC_2":"PH.SL.LB"},"geometry":{"type":"MultiPolygon","coordinates":[[[[125.078887939000197,10.227680207],[125.078887939000197,10.227780342000017],[125.078613281000344,10.228059770000073],[125.078613281000344,10.228329660000043],[125.078330993000122,10.228610038000113],[125.078330993000122,10.228890419000152],[125.078056335000269,10.22916984699998],[125.078056335000269,10.229439735000142],[125.077766419000113,10.229720115000021],[125.077766419000113,10.230030060000047],[125.077766419000113,10.231670379000093],[125.077499389000195,10.231940269000063],[125.077499389000195,10.232219697000119],[125.076942443000121,10.232780456000057],[125.076667785000154,10.232780456000057],[125.076690674000019,10.233889580000152],[125.076393127000188,10.234169960999964],[125.076393127000188,10.235560417000102],[125.07611083900008,10.235830307000072],[125.07611083900008,10.236109733999967],[125.075637817000029,10.236590385000056],[125.075546265000071,10.236669541000026],[125.075546265000071,10.23694038400015],[125.075843811000027,10.237219811000102],[125.075546265000071,10.237500192000084],[125.075546265000071,10.237779618000161],[125.075279235000039,10.23805999800004],[125.075279235000039,10.23832988800018],[125.074996949000138,10.238610267000013],[125.074996949000138,10.239170075000175],[125.074722289000078,10.239439965000088],[125.074722289000078,10.239720344000148],[125.074447631000112,10.239999772000147],[125.074447631000112,10.240280152000082],[125.074172973000145,10.240559578000102],[125.074172973000145,10.24166965500001],[125.073890685000038,10.24193954500015],[125.073890685000038,10.242219926000189],[125.073608399000136,10.242779732000145],[125.07333374100017,10.243060113000126],[125.07333374100017,10.243889809000052],[125.07305908100011,10.244170190000091],[125.07305908100011,10.245280267000169],[125.072776795000095,10.245559692000086],[125.072776795000095,10.246390344000076],[125.07305908100011,10.24666976900005],[125.07305908100011,10.247779846000128],[125.072776795000095,10.248060227000167],[125.072776795000095,10.2486095430001],[125.072616578000066,10.24876976000013],[125.072502137000129,10.248889923000036],[125.072502137000129,10.249440194000044],[125.072219849000021,10.249719620000064],[125.072219849000021,10.250280380999982],[125.068611145000204,10.253890038000122],[125.068611145000204,10.254170418000058],[125.06833648700001,10.254440308000028],[125.06833648700001,10.256079673000045],[125.068321229000048,10.257240295000145],[125.068046571000195,10.257499694000046],[125.068061829000044,10.257780075000028],[125.067779541000164,10.258060456000067],[125.067779541000164,10.25833034599998],[125.067718506000119,10.258399964000091],[125.066947937000236,10.259169578000183],[125.066673279000042,10.259169578000183],[125.066390991000162,10.259440423000115],[125.066108703000054,10.259440423000115],[125.065826417000039,10.259719848000032],[125.065551757000208,10.259719848000032],[125.063888549000239,10.261389732],[125.064163209000071,10.261670112000104],[125.064163209000071,10.263330460000191],[125.065002441000047,10.264169693999975],[125.065277099000014,10.264169693999975],[125.065551757000208,10.264439582000136],[125.065628052000193,10.264519691000089],[125.065826417000039,10.264719963000118],[125.065826417000039,10.265000343000054],[125.066108703000054,10.265279769000074],[125.066108703000054,10.266670227000191],[125.065826417000039,10.266949654000143],[125.065826417000039,10.267499923000116],[125.065589906000014,10.267740249000099],[125.065551757000208,10.267829896000137],[125.065551757000208,10.268059731000051],[125.065376281000226,10.268230439000149],[125.065277099000014,10.268329622000124],[125.065277099000014,10.268469811000045],[125.065277099000014,10.269169808000186],[125.065002441000047,10.269439697],[125.065002441000047,10.270279885000093],[125.064720153000167,10.270560264000096],[125.064720153000167,10.271670341],[125.064453125000227,10.271940231000144],[125.064453125000227,10.272219658999973],[125.063606263000111,10.273059846000137],[125.06333160500003,10.273059846000137],[125.062232971000071,10.274169923000045],[125.061943055000029,10.274439813000185],[125.061668397000062,10.274439813000185],[125.06139373700023,10.274720191000142],[125.061073304000274,10.274720191000142],[125.060836793000021,10.274720191000142],[125.059722901000214,10.27583026800005],[125.059722901000214,10.276109696000049],[125.05944824300002,10.276390077000087],[125.05944824300002,10.277219773000184],[125.059173583000074,10.277500154],[125.059173583000074,10.277779580000015],[125.059471129000144,10.278079986000023],[125.059722901000214,10.278329850000091],[125.059722901000214,10.27888965700015],[125.060279847000061,10.279439927],[125.060279847000061,10.281940460000044],[125.060546875000114,10.2822198880001],[125.060546875000114,10.282779694000055],[125.060279847000061,10.283889771000133],[125.05999755900018,10.284170151000069],[125.05999755900018,10.284440042000085],[125.059722901000214,10.285280227999976],[125.058609009000065,10.287220002000083],[125.058326721000299,10.287500382000189],[125.058326721000299,10.287779808000039],[125.057777405000024,10.288370133000114],[125.057777405000024,10.288610459000097],[125.056663513000217,10.289719582000146],[125.056388855000023,10.289719582000146],[125.055557251000096,10.290559769000083],[125.055267335000167,10.290559769000083],[125.054733277000196,10.291110039000159],[125.054168701000208,10.291110039000159],[125.0538864130001,10.291390419999971],[125.053611755000134,10.291390419999971],[125.053337097000281,10.291669846000048],[125.052780151000206,10.291669846000048],[125.052352906000124,10.292099953000161],[125.051391601000091,10.293060303000061],[125.051391601000091,10.293330192999974],[125.050827027000082,10.29389],[125.050827027000082,10.294440270000109],[125.050552369000116,10.294719696000129],[125.050552369000116,10.295000077000168],[125.050277711000149,10.295280457000047],[125.050277711000149,10.295559883000124],[125.05000305100009,10.295829773000037],[125.05000305100009,10.296110154000075],[125.049453735000156,10.296669960000031],[125.04860687300004,10.297780037000109],[125.047233581000114,10.300279617000172],[125.047233581000114,10.300559997000107],[125.046669007000105,10.301110268000059],[125.046669007000105,10.301389694000079],[125.04656982500012,10.30148983100014],[125.045822144000113,10.302229881000073],[125.044441223000035,10.303609848000121],[125.044441223000035,10.303890228000057],[125.043891907000216,10.304439544],[125.043899537000129,10.305000305000135],[125.042503357000101,10.306389808000063],[125.042503357000101,10.306670189000101],[125.042350769000109,10.306819916000165],[125.041656494000108,10.307499885000027],[125.041656494000108,10.307589531000133],[125.041656494000108,10.307780266],[125.041557312,10.307889938000017],[125.041389465000066,10.308059693000132],[125.041389465000066,10.308250427000132],[125.041389465000066,10.308329583000102],[125.041313171000184,10.308409690000076],[125.040832519000219,10.308890343000144],[125.040832519000219,10.30916977000004],[125.040557861000025,10.309439658000031],[125.040557861000025,10.31005001200009],[125.040557861000025,10.310279847000174],[125.040359496000065,10.310469627000032],[125.040283203000058,10.310560226000177],[125.040283203000058,10.310720443000037],[125.040229798000155,10.311710357000038],[125.040000915000178,10.311940193000055],[125.040000915000178,10.313329698000189],[125.040161132000208,10.313489913000012],[125.040283203000058,10.313610076000089],[125.040283203000058,10.314439775000096],[125.040557861000025,10.314720153000053],[125.040283203000058,10.31610965800013],[125.039886474000014,10.316499711000176],[125.038612367000042,10.31777954100005],[125.038612367000042,10.318059922000032],[125.038063049000016,10.318610191],[125.038063049000016,10.318889618000128],[125.037780763000114,10.320830345000047],[125.037780763000114,10.32110977200017],[125.037590026000089,10.321499826000093],[125.037132263000103,10.322409631000141],[125.036956787,10.322759628000085],[125.03639221300034,10.323889733000044],[125.036109924000016,10.32417011300015],[125.036109924000016,10.326390266999965],[125.035842895000201,10.326669693000042],[125.035842895000201,10.32777977000012],[125.036109924000016,10.328330041000072],[125.036109924000016,10.328610421000178],[125.03639221300034,10.328889847000028],[125.03666687000009,10.329170228000066],[125.03666687000009,10.329719544000056],[125.036941528000057,10.329999924000163],[125.036941528000057,10.330280305000144],[125.037216186000023,10.330559730000118],[125.037216186000023,10.330829621000134],[125.037498474000131,10.33111000100007],[125.037498474000131,10.331390382000052],[125.037780763000114,10.331669807000026],[125.037780763000114,10.33417034200005],[125.037498474000131,10.33444023200019],[125.037498474000131,10.33471965800004],[125.037322999000253,10.334899903000121],[125.037216186000023,10.335000038000146],[125.037216186000023,10.335160256000052],[125.037216186000023,10.335829735000118],[125.036941528000057,10.336110115000054],[125.036941528000057,10.336629867000056],[125.03666687000009,10.336939812000026],[125.03666687000009,10.337220192000132],[125.036941528000057,10.337499617999981],[125.036941528000057,10.338060379000126],[125.03639221300034,10.338609695000116],[125.036109924000016,10.338609695000116],[125.035842895000201,10.338890076000098],[125.035842895000201,10.339170456000033],[125.035636902000078,10.339349747000028],[125.035552978000055,10.339440346000174],[125.035552978000055,10.339670182000191],[125.035530090000179,10.339750291000144],[125.035278320000089,10.340000153000062],[125.035278320000089,10.340579987000069],[125.035278320000089,10.34138965600016],[125.035003663000225,10.341670036000096],[125.035003663000225,10.342220307000048],[125.034523010000157,10.342700004000051],[125.032783509000183,10.344449996000094],[125.032783509000183,10.34471988700011],[125.032501220000199,10.345000267000046],[125.032501220000199,10.345279693000066],[125.032218932000092,10.345560073000172],[125.032173157000102,10.345879556000057],[125.03193664600019,10.346179962000065],[125.03193664600019,10.346389769999973],[125.031669616000158,10.34667015000008],[125.031669616000158,10.348329542999977],[125.031249999000124,10.349169732000121],[125.030830382000318,10.350279809000085],[125.030563355000027,10.350560188000088],[125.030563355000027,10.350830078000058],[125.029716492000034,10.351670265],[125.029457093000133,10.351670265],[125.029167174,10.351670265],[125.028503418000014,10.352330208000183],[125.028343201000098,10.352499961000092],[125.028343201000098,10.352780342000131],[125.027496338000105,10.353610038],[125.027496338000105,10.354439737000178],[125.027221680000025,10.354720115000134],[125.027221680000025,10.354999543000133],[125.026390076000098,10.357219697000176],[125.026390076000098,10.357500076000179],[125.026107788000218,10.357780456000114],[125.026107788000218,10.359999657000117],[125.026390076000098,10.360280038000155],[125.026390076000098,10.360879899000111],[125.026390076000098,10.361390115000063],[125.026107788000218,10.361669541000083],[125.026107788000218,10.361940384000036],[125.025627136000026,10.362429619000125],[125.02528381400009,10.362779618000047],[125.025291443000015,10.363149642999986],[125.024436950000108,10.363889695000125],[125.024169922000056,10.363889695000125],[125.023887634000175,10.364170075000061],[125.023887634000175,10.364720344000034],[125.024169922000056,10.364999772000033],[125.024169922000056,10.365830421000112],[125.024436950000108,10.366109849000168],[125.024436950000108,10.366390229000046],[125.024559021000073,10.366499901999987],[125.024719238000102,10.366669655000123],[125.024719238000102,10.367400169000121],[125.024719238000102,10.368180276000146],[125.024719238000102,10.368330003000153],[125.024627686000144,10.368430138000178],[125.024436950000108,10.368610383000089],[125.024436950000108,10.368889809000109],[125.023330688000101,10.369999886000016],[125.022781372000168,10.369999886000016],[125.02249908400006,10.370280267000055],[125.021667480000019,10.370280267000055],[125.021392822000166,10.370559691999972],[125.020553588000212,10.370559691999972],[125.020278930000018,10.370829582000113],[125.018890380000016,10.370829582000113],[125.017501830000128,10.372220040000059],[125.017219544000227,10.372220040000059],[125.016349793000245,10.373089790999984],[125.017173767000031,10.373950004000051],[125.041236877000074,10.396929741000065],[125.042938232000097,10.399660111],[125.050659179000036,10.409090043000049],[125.053283692000036,10.413339615000154],[125.053436279000152,10.413610458999983],[125.055770873000029,10.417400360000158],[125.074821471000178,10.439959526999985],[125.077392579000048,10.425880432000099],[125.078598023000154,10.411370277000117],[125.080810547000056,10.4000196450001],[125.081787110000164,10.395420075],[125.081848145000095,10.395159722000074],[125.081871034000187,10.395030022000185],[125.083526611000138,10.387280464000071],[125.086036682000213,10.374859811000078],[125.08659362800006,10.369890213000133],[125.088783265000188,10.361960412000087],[125.088653564000197,10.35848045400013],[125.090057373000036,10.354720115000134],[125.090667724000014,10.350480079000135],[125.091400146000069,10.345399856000142],[125.092346192000036,10.342800141000055],[125.094482422000056,10.331310273000099],[125.094757080000022,10.328109741000162],[125.095809937000013,10.319939613000031],[125.096397400000228,10.31544971500017],[125.09693908700001,10.311869622000188],[125.098960877000081,10.30253982500011],[125.099441527000067,10.30037021600009],[125.102043152000306,10.289750100000163],[125.102119445000312,10.288279533999969],[125.102127075000112,10.288089753000179],[125.102218627000184,10.286399841000161],[125.10343170200008,10.276849746000039],[125.104049683000198,10.271960259000025],[125.106689454000161,10.258859635000022],[125.107536316000051,10.255900384000029],[125.108413695000081,10.250340461000178],[125.109626770000204,10.243129731000067],[125.096412658000077,10.236410141000079],[125.079231263000111,10.227840424000021],[125.078887939000197,10.227680207]]]]}},
{"type":"Feature","properties":{"fid":6,"GID_2":"PHL.71.6_1","GID_0":"PHL","COUNTRY":"Philippines","GID_1":"PHL.71_1","NAME_1":"Southern Leyte","NL_NAME_1":"NA","NAME_2":"Liloan","VARNAME_2":"NA","NL_NAME_2":"NA","TYPE_2":"Bayan|Munisipyo","ENGTYPE_2":"Municipality","CC_2":"86406","HASC_2":"PH.SL.LL"},"geometry":{"type":"MultiPolygon","coordinates":[[[[125.224166869000328,10.092499733000125],[125.224441527000181,10.092220307000105],[125.224441527000181,10.091939926000123],[125.224716187000126,10.091670036000153],[125.224716187000126,10.091389656000047],[125.224998473000028,10.091110230000027],[125.224998473000028,10.090829848999988],[125.227783204000161,10.088060379000183],[125.228057861000025,10.088060379000183],[125.228332519000219,10.087779999000077],[125.228607177000072,10.087779999000077],[125.22972106900022,10.086669922000169],[125.22972106900022,10.086389541000131],[125.230827331000228,10.085280419000014],[125.230827331000228,10.085000039000079],[125.231391908000091,10.084440232000077],[125.231666565000069,10.084440232000077],[125.231941223000035,10.084170342000107],[125.231941223000035,10.083889962000171],[125.232780456000114,10.083060265000029],[125.23249816900011,10.082779885000093],[125.232780456000114,10.082500459000073],[125.232780456000114,10.082220078000034],[125.233047485000043,10.081939698000099],[125.233047485000043,10.081749916000035],[125.233047485000043,10.081669808000129],[125.233383179000157,10.081339837000144],[125.23361206200002,10.081110001000127],[125.234169006000229,10.080559731000051],[125.234169006000229,10.080360413999983],[125.234169006000229,10.079999924],[125.234352112000124,10.079810143000032],[125.234443666000061,10.079719544000056],[125.234443666000061,10.0795898450001],[125.234306335000156,10.077830314999972],[125.234169006000229,10.07728004400002],[125.233886719000225,10.076860427000042],[125.233818054000153,10.076169967000112],[125.233818054000153,10.074859619000051],[125.233886719000225,10.074370385000066],[125.233886719000225,10.073060036000072],[125.234443666000061,10.072500228000138],[125.234443666000061,10.07221985000001],[125.235000610000156,10.071669579000059],[125.235282898000037,10.071669579000059],[125.235832214000197,10.071109773000103],[125.23610687300004,10.071109773000103],[125.236389160000044,10.070830345000104],[125.236656189000087,10.070830345000104],[125.236953736000032,10.070560455000134],[125.238052368000012,10.068329812000059],[125.238052368000012,10.068059922000089],[125.238327025000103,10.067779541999982],[125.238327025000103,10.067500114000154],[125.238609314000087,10.067219735000151],[125.238609314000087,10.066940307000095],[125.231323242000144,10.060270310000021],[125.222473145000208,10.052240371000096],[125.218383788000097,10.049599647000093],[125.208312989000092,10.058199883000043],[125.207061768000017,10.059590340000113],[125.205436707000104,10.061409951000087],[125.198829652000086,10.066889763000177],[125.194099425000331,10.072360038999989],[125.18733215300017,10.078749656000127],[125.185386657000095,10.080019950000064],[125.185050964000084,10.080249786000081],[125.183937072000163,10.080980300000135],[125.183036804000267,10.081500054000117],[125.182800293000014,10.081640244000027],[125.181259156000124,10.082539558000178],[125.17870330900007,10.086460114000033],[125.173301696000181,10.090809823000143],[125.165229797000165,10.099089624000158],[125.161186218000012,10.10029983600009],[125.156608581000228,10.107290268000099],[125.153808595000214,10.107839584000089],[125.149696350000227,10.112019540000063],[125.140136719000111,10.121150017000105],[125.140136719000111,10.122380258000021],[125.133216857000093,10.127209664000134],[125.130653382000219,10.130430222000143],[125.128303527000185,10.132300377000092],[125.12513732900004,10.133740425000042],[125.119049073000042,10.135219574000132],[125.118606568000132,10.135330200000055],[125.118606568000132,10.135829926000156],[125.120277406000014,10.137499809000019],[125.120277406000014,10.137780189000125],[125.120826722000174,10.138330460000134],[125.120826722000174,10.138449668000021],[125.120857238000212,10.13860130300003],[125.119453430000021,10.140000343000168],[125.119163514000206,10.140000343000168],[125.118057252000199,10.141110420000075],[125.118057252000199,10.141389846000095],[125.117767334000177,10.141670227000134],[125.117767334000177,10.14194965500019],[125.117233276000206,10.142499923000059],[125.117233276000206,10.142780304000041],[125.11694336000005,10.143059732000097],[125.11694336000005,10.143329620000031],[125.11638641400009,10.143890381000176],[125.11638641400009,10.144169809000175],[125.116111756000123,10.144439697000109],[125.116111756000123,10.144720077000045],[125.115837098000156,10.145000458000084],[125.115837098000156,10.14583015400018],[125.116111756000123,10.146109582000179],[125.116111756000123,10.146389961000011],[125.116180419000216,10.146969795000018],[125.116317748000142,10.147540092000042],[125.11657714800026,10.148099900000034],[125.116676330000132,10.148739815000113],[125.11657714800026,10.149490356000115],[125.116676330000132,10.150190353000085],[125.116836547000162,10.150899887000151],[125.117012023000143,10.15163993900012],[125.117210387000341,10.152389526000036],[125.11724090600012,10.152549744000169],[125.117362977000198,10.153149605000124],[125.117286683000088,10.153909683000109],[125.117187501000103,10.154629707000026],[125.117027284000073,10.155309678000037],[125.116859436000027,10.155940055000087],[125.116668702000197,10.156390191000014],[125.11638641400009,10.156669617000034],[125.11638641400009,10.156940460000158],[125.116668702000197,10.157219888000043],[125.116668702000197,10.157779694000169],[125.11694336000005,10.15806007499998],[125.11694336000005,10.158610343000021],[125.117233276000206,10.158889771000077],[125.117233276000206,10.159170152000115],[125.117767334000177,10.159720420000156],[125.118331910000165,10.159720420000156],[125.118331910000165,10.159440042000028],[125.118888856000012,10.158889771000077],[125.118888856000012,10.158610343000021],[125.119163514000206,10.158329965000121],[125.119163514000206,10.157919883000091],[125.119163514000206,10.157779694000169],[125.119453430000021,10.157500268000149],[125.119453430000021,10.156940460000158],[125.119712830000026,10.156680107000057],[125.120552064000208,10.156669617000034],[125.120826722000174,10.156390191000014],[125.121673584000064,10.156390191000014],[125.12194824200003,10.156669617000034],[125.122779846000071,10.156669617000034],[125.123893738000106,10.157779694000169],[125.123893738000106,10.15806007499998],[125.124168396000073,10.158349991000023],[125.124168396000073,10.159170152000115],[125.125267030000032,10.160280229000023],[125.125556946000074,10.160280229000023],[125.126388550000115,10.161109925000119],[125.126388550000115,10.161669731000075],[125.125923156000113,10.162139893000074],[125.12584686200023,10.162199974000146],[125.125267030000032,10.162779808000153],[125.125000000000114,10.162500383],[125.124443054000039,10.163060188999964],[125.124443054000039,10.16388988500006],[125.124732972000061,10.164170266000099],[125.125000000000114,10.164170266000099],[125.125267030000032,10.164440156000012],[125.125556946000074,10.164440156000012],[125.126388550000115,10.165280343000177],[125.126388550000115,10.166390420000084],[125.126106262,10.166669846000161],[125.126106262,10.166939736000074],[125.125831604000041,10.16722011600018],[125.125831604000041,10.16749954200003],[125.124526978000063,10.168809891000024],[125.124168396000073,10.169170380000082],[125.123893738000106,10.169170380000082],[125.123611450000226,10.169440270000052],[125.122703552000189,10.169440270000052],[125.122222900000224,10.169440270000052],[125.121673584000064,10.168890000000147],[125.121109010000055,10.168890000000147],[125.120826722000174,10.169170380000082],[125.120552064000208,10.169170380000082],[125.118606568000132,10.171110154000189],[125.118606568000132,10.172220231000097],[125.119163514000206,10.172780037000052],[125.118888856000012,10.173060418000091],[125.118888856000012,10.173330308],[125.119453430000021,10.17389011400013],[125.119918824000024,10.174280167000177],[125.120330811000031,10.174719810000056],[125.120826722000174,10.175279617000115],[125.121109010000055,10.17555999700005],[125.121109010000055,10.175829887000134],[125.121673584000064,10.176389694000022],[125.121673584000064,10.176670074000128],[125.12194824200003,10.176939964000098],[125.12194824200003,10.17722034500008],[125.122222900000224,10.1774997710001],[125.122222900000224,10.177780151000036],[125.12194824200003,10.178059579000092],[125.12194824200003,10.178330422000045],[125.121696472000053,10.178589822000163],[125.121391296000184,10.178890228000171],[125.120956420000084,10.178890228000171],[125.120849610000278,10.178936958000122],[125.120323181000117,10.178370476000111],[125.120002746000068,10.178330422000045],[125.119720460000281,10.178059579000092],[125.119163514000206,10.178059579000092],[125.118606568000132,10.1774997710001],[125.118331910000165,10.1774997710001],[125.118057252000199,10.177780151000036],[125.118057252000199,10.178059579000092],[125.117767334000177,10.178330422000045],[125.117767334000177,10.178609848000065],[125.117500306000125,10.178890228000171],[125.117500306000125,10.180279731000098],[125.117233276000206,10.180560112000137],[125.117233276000206,10.181670189000045],[125.11694336000005,10.181949616000168],[125.116668702000197,10.181949616000168],[125.116249085000049,10.182359696000162],[125.116127014000199,10.182519913000021],[125.11504364100017,10.182499885000141],[125.114723206,10.182780266000123],[125.1136093140002,10.182780266000123],[125.112777710000159,10.183609962000048],[125.112777710000159,10.184169769999983],[125.112220764000085,10.184720039000126],[125.112220764000085,10.185000420000165],[125.111389160000044,10.185830116000091],[125.111389160000044,10.186670303000028],[125.111106874000143,10.186940193000169],[125.111106874000143,10.187100411000074],[125.111106874000143,10.187219621],[125.110832214000084,10.187509537000039],[125.110832214000084,10.187780380000163],[125.110557556000117,10.188059808000162],[125.110557556000117,10.188329698000132],[125.110832214000084,10.188610076000032],[125.110832214000084,10.189999581000166],[125.110557556000117,10.190279962000034],[125.110557556000117,10.190830230000074],[125.109878541000171,10.191510200000039],[125.109878541000171,10.191599846000145],[125.109733582000331,10.191650391000167],[125.109443664000196,10.191940307000152],[125.109169006000116,10.191940307000152],[125.1088867200001,10.192219735000037],[125.108612060000041,10.192219735000037],[125.108009339000091,10.192460058999984],[125.107383727000183,10.19250011400004],[125.106750487000113,10.192480088000138],[125.106643677000193,10.19246959700007],[125.106140136000022,10.192390443000079],[125.105537415000185,10.192259790000037],[125.104896545000088,10.192230226000106],[125.104156493000119,10.192219735000037],[125.103607177000185,10.192779542000039],[125.103302003000067,10.192810058000077],[125.102500916000167,10.193610191000118],[125.102500916000167,10.193889619000174],[125.102218627000184,10.19416999900011],[125.102218627000184,10.194439889000023],[125.101936341000055,10.194720268000026],[125.101936341000055,10.194999694999979],[125.101669312000126,10.195280076000188],[125.101669312000126,10.195560455000191],[125.099441527000067,10.19777965600008],[125.099441527000067,10.198060036000186],[125.099128723000149,10.198380471000121],[125.098052979000158,10.199720382000066],[125.097778319000099,10.199999810000065],[125.097778319000099,10.200559616000021],[125.097503662000236,10.200830459000144],[125.097503662000236,10.201109886999973],[125.096382141000049,10.202230454000073],[125.096267701000215,10.202349663000064],[125.095832825000116,10.202779770000063],[125.095703125000227,10.202779770000063],[125.095558167000149,10.202779770000063],[125.09512329000006,10.203220368000075],[125.094963075000123,10.203330041000186],[125.094718933000308,10.203330041000186],[125.094436645000087,10.203610421000121],[125.09388732900004,10.203610421000121],[125.093063354000037,10.20444965400003],[125.092781067000033,10.20444965400003],[125.0925674450001,10.204649925000183],[125.092498779000152,10.20471954400017],[125.092483521000077,10.20530033100016],[125.092216491000045,10.205559731000108],[125.091941833000078,10.205559731000108],[125.091667175000225,10.205829621000078],[125.091667175000225,10.206110001000184],[125.091110229000151,10.206669808000015],[125.091110229000151,10.206939698000156],[125.08999633700023,10.208060265000086],[125.089706421000187,10.208640099999968],[125.089416505000031,10.209150314000112],[125.089111328000058,10.209630013000094],[125.088890075000108,10.210000038000089],[125.088607787000228,10.210280419000071],[125.088607787000228,10.210829735000061],[125.088333129000034,10.211110115000167],[125.088333129000034,10.211389541000187],[125.088058471000068,10.211669922000056],[125.088058471000068,10.211939811999969],[125.087768555000025,10.212229728000182],[125.087501525000221,10.212499618000095],[125.086936951000212,10.212499618000095],[125.08583068900009,10.213609695000059],[125.08583068900009,10.213890076000041],[125.085563659000059,10.214170455999977],[125.085563659000059,10.214440346000117],[125.085281371000178,10.214719772000137],[125.085281371000178,10.215000153000176],[125.084716797000169,10.215559959000132],[125.084716797000169,10.215829849000045],[125.083892821000063,10.216670036000039],[125.083892821000063,10.21693992600018],[125.083343505000016,10.217499733000011],[125.083343505000016,10.217780113000117],[125.083053589000201,10.218059541000173],[125.083053589000201,10.218609810000146],[125.082778931,10.218890190000081],[125.082778931,10.219440461000033],[125.082496643000127,10.219719887000053],[125.082496643000127,10.22000026700016],[125.08222198500016,10.22027969300018],[125.08222198500016,10.220560074000048],[125.081947327000194,10.220829964000131],[125.081947327000194,10.221110344000067],[125.081390381000119,10.221670151000126],[125.081390381000119,10.221940041000096],[125.081108093000012,10.222220420999975],[125.081108093000012,10.222499847000051],[125.080558777000192,10.223059655000156],[125.080558777000192,10.223329543000091],[125.080001831000118,10.223890304000065],[125.080001831000118,10.224720001000037],[125.07971954300001,10.225000381000143],[125.07971954300001,10.225830078000172],[125.07943725500013,10.226110458000051],[125.07943725500013,10.226670265000109],[125.079170227000077,10.226940155000079],[125.079170227000077,10.227219583000078],[125.078887939000197,10.227499961000035],[125.078887939000197,10.227680207],[125.079231263000111,10.227840424000021],[125.096412658000077,10.236410141000079],[125.109626770000204,10.243129731000067],[125.110237121000182,10.239439965000088],[125.114311219000115,10.21335983300014],[125.115989685000045,10.202699661000111],[125.120216370000094,10.201499940000019],[125.122222900000224,10.201049804000093],[125.128952027000196,10.200220108],[125.132431030000021,10.199629785000127],[125.133888244000104,10.199410440000179],[125.133888244000104,10.199170113000093],[125.134162902000298,10.198889733000158],[125.134162902000298,10.19777965600008],[125.134452820000092,10.19750023],[125.134452820000092,10.196109772000113],[125.135002136000139,10.195560455000191],[125.134719848000032,10.195280076000188],[125.134719848000032,10.194999694999979],[125.134452820000092,10.194720268000026],[125.134452820000092,10.192779542000039],[125.133888244000104,10.192219735000037],[125.133888244000104,10.189169885000069],[125.133613586000024,10.18889045700007],[125.133888244000104,10.188610076000032],[125.133880616000056,10.186940193000169],[125.134162902000298,10.186670303000028],[125.134162902000298,10.18649005900005],[125.134162902000298,10.186109544000089],[125.134803772000055,10.185469626999975],[125.136108398000033,10.184169769999983],[125.136108398000033,10.181949616000168],[125.13583374000018,10.181670189000045],[125.13583374000018,10.181389808],[125.136108398000033,10.181110381999986],[125.136108398000033,10.180109978000189],[125.136108398000033,10.179719925000143],[125.136367798000151,10.179459571999985],[125.136390686000027,10.179169654000191],[125.136672974000021,10.178890228000171],[125.136672974000021,10.178330422000045],[125.136947632000101,10.178059579000092],[125.136947632000101,10.177780151000036],[125.137222290000182,10.1774997710001],[125.137222290000182,10.176939964000098],[125.137496948000148,10.176670074000128],[125.137496948000148,10.176389694000022],[125.138046264000081,10.175829887000134],[125.138046264000081,10.17555999700005],[125.138343810000038,10.175279617000115],[125.138343810000038,10.175000191000095],[125.13944244400011,10.17389011400013],[125.13944244400011,10.173609733000148],[125.139686585000049,10.173609733000148],[125.139717102000191,10.173060418000091],[125.13944244400011,10.172780037000052],[125.13944244400011,10.172499656000014],[125.13916778600003,10.172220231000097],[125.13916778600003,10.171939850000058],[125.138977050000221,10.17175960600008],[125.138893128000177,10.171669960000145],[125.138893128000177,10.17055988300001],[125.138610840000069,10.170280457],[125.138610840000069,10.169719696000072],[125.137496948000148,10.168609619000165],[125.137496948000148,10.168330193000088],[125.137222290000182,10.168060303000175],[125.137222290000182,10.167779923000069],[125.136390686000027,10.166939736000074],[125.136108398000033,10.166939736000074],[125.134452820000092,10.165280343000177],[125.134452820000092,10.164999961999968],[125.133888244000104,10.164440156000012],[125.133613586000024,10.164440156000012],[125.13333129800003,10.164170266000099],[125.132766724000248,10.164170266000099],[125.132499694000217,10.16388988500006],[125.131668090000289,10.16388988500006],[125.131393432000095,10.163610460000143],[125.13111114600008,10.163610460000143],[125.130836486000021,10.163330079000104],[125.130546570000092,10.163330079000104],[125.130279542000153,10.163060188999964],[125.129722596000079,10.163060188999964],[125.12917327800028,10.162500383],[125.12917327800028,10.162220002000026],[125.129722596000079,10.161669731000075],[125.129997254000045,10.161669731000075],[125.130279542000153,10.161390306000101],[125.130569458000195,10.161390306000101],[125.130836486000021,10.161390306000101],[125.13111114600008,10.161109925000119],[125.131942750000121,10.161109925000119],[125.132766724000248,10.160280229000023],[125.133056640000063,10.160280229000023],[125.134719848000032,10.158610343000021],[125.134719848000032,10.158329965000121],[125.13583374000018,10.157219888000043],[125.136108398000033,10.157219888000043],[125.136390686000027,10.156940460000158],[125.136672974000021,10.156940460000158],[125.136947632000101,10.156669617000034],[125.137222290000182,10.156669617000034],[125.137496948000148,10.156390191000014],[125.137779236000029,10.156390191000014],[125.138046264000081,10.156109811000078],[125.138343810000038,10.156109811000078],[125.138473511000029,10.155980110000087],[125.138893128000177,10.155559540000127],[125.13916778600003,10.155559540000127],[125.142776490000188,10.151940346000174],[125.143058776000089,10.151940346000174],[125.143333434000056,10.151670455000158],[125.143608094000228,10.151670455000158],[125.143676758000197,10.151599884000063],[125.14389038000013,10.15139007700003],[125.144157410000048,10.15139007700003],[125.144447326000204,10.151109696],[125.144996642000024,10.151109696],[125.145553588000098,10.150560378000023],[125.146110534000172,10.150560378000023],[125.146392822000053,10.150280000000123],[125.146492004000038,10.150280000000123],[125.146667480000019,10.150280000000123],[125.147346497000171,10.149589537999987],[125.148063660000048,10.148889542000177],[125.148063660000048,10.148610115000054],[125.148330688000328,10.148329736000051],[125.148330688000328,10.147219659000086],[125.148887634000062,10.146670341000117],[125.149169922000169,10.146670341000117],[125.150833130000137,10.145000458000084],[125.150833130000137,10.144720077000045],[125.151390076000212,10.144169809000175],[125.151390076000212,10.143890381000176],[125.152221680000025,10.143059732000097],[125.152496338000219,10.143059732000097],[125.155281066000043,10.140279769000188],[125.155563354000151,10.140279769000188],[125.156669616000045,10.13916969200011],[125.156936646000077,10.13916969200011],[125.158332824000126,10.137780189000125],[125.159156800000119,10.137780189000125],[125.159446716000275,10.137499809000019],[125.159721374000128,10.137499809000019],[125.162498474000017,10.134719849000078],[125.162780762000125,10.134719849000078],[125.163887024000019,10.13360977200017],[125.164436340000293,10.13360977200017],[125.16471862800006,10.133330346000093],[125.165283203000286,10.133330346000093],[125.165557861000138,10.13306045600018],[125.166656494000108,10.13306045600018],[125.166946411000026,10.132780075000142],[125.167221068000117,10.132780075000142],[125.167503357000101,10.132499695000035],[125.167778015000295,10.132499695000035],[125.168052672000044,10.132780075000142],[125.168609619000222,10.132780075000142],[125.168891907000102,10.13306045600018],[125.169166565000069,10.13306045600018],[125.16944122200016,10.133330346000093],[125.170547484000053,10.133330346000093],[125.170829772000161,10.13360977200017],[125.171669007000219,10.13360977200017],[125.171943665000185,10.133890152000049],[125.172500611000032,10.133890152000049],[125.172782899000026,10.134169578000126],[125.174453735000043,10.134169578000126],[125.174720765000075,10.134440423000058],[125.175003053000182,10.134440423000058],[125.175277711000035,10.134719849000078],[125.175827026000093,10.134719849000078],[125.176109315000076,10.134440423000058],[125.177223205000018,10.134440423000058],[125.177497865000191,10.134719849000078],[125.177780151000093,10.134449958],[125.179168701000094,10.134440423000058],[125.179443359000061,10.134719849000078],[125.180000305000135,10.134719849000078],[125.180267334000064,10.135000229000184],[125.181106567000029,10.135000229000184],[125.18138885500025,10.135279655000033],[125.182777405000024,10.135279655000033],[125.183052063000218,10.135000229000184],[125.183326721000185,10.135000229000184],[125.183609009000065,10.134719849000078],[125.183891297000059,10.134719849000078],[125.187500001000217,10.131110192000108],[125.187767029000042,10.131110192000108],[125.188056945000085,10.130829811000069],[125.188606263000224,10.130829811000069],[125.188888549000126,10.130559921000156],[125.189163209000071,10.130559921000156],[125.189453125000114,10.13027954100005],[125.190002441000274,10.13027954100005],[125.190277099000127,10.130000114999973],[125.190826417000039,10.130000114999973],[125.191108703000168,10.129719734000162],[125.19277954100005,10.129719734000162],[125.193412781,10.12973022500006],[125.193893433000198,10.129719734000162],[125.194717407000098,10.129719734000162],[125.194999695000206,10.130000114999973],[125.195266723000145,10.130000114999973],[125.19555664100028,10.129719734000162],[125.196952819000217,10.129719734000162],[125.197113037000122,10.129549981000082],[125.197219849000021,10.129440308000142],[125.197502137000015,10.129440308000142],[125.197776795000095,10.129170418000172],[125.198059081000224,10.129170418000172],[125.198333741000056,10.128890038000065],[125.198608399000022,10.128890038000065],[125.199172973000032,10.128330231],[125.199722291000171,10.128330231],[125.199996949000024,10.128060341000094],[125.200279235000039,10.128060341000094],[125.200546265000298,10.127779961000158],[125.200843811000027,10.127779961000158],[125.20111083900008,10.127499580000119],[125.201667785000041,10.127499580000119],[125.20221710300018,10.126939774],[125.202308655000138,10.126939774],[125.202499389000081,10.126939774],[125.202766419000113,10.12666988400008],[125.204719543000124,10.12666988400008],[125.205001831000232,10.126939774],[125.205558777000078,10.126939774],[125.205833435000045,10.127220154000099],[125.206108093000239,10.127220154000099],[125.206306457000096,10.127429962000065],[125.206390381000119,10.127499580000119],[125.206672669000227,10.127510071000017],[125.207221985000047,10.128060341000094],[125.207778931000121,10.128060341000094],[125.207946777000188,10.127880096000183],[125.208053589000087,10.127779961000158],[125.20834350500013,10.127779961000158],[125.208610535000162,10.128060341000094],[125.209167481000236,10.128060341000094],[125.209289550000108,10.128179550000084],[125.209442139000089,10.128330231],[125.209716797000056,10.128330231],[125.209999085000163,10.128609657000084],[125.210563659000172,10.128609657000084],[125.210830689000204,10.128890038000065],[125.211112975000106,10.128890038000065],[125.211387635000051,10.128609657000084],[125.212219239000319,10.128609657000084],[125.212440490000063,10.128390312000136],[125.212783813000101,10.128060341000094],[125.212783813000101,10.127779961000158],[125.213333129000148,10.127220154000099],[125.213333129000148,10.12666988400008],[125.213172912000118,10.126500131000114],[125.213058471000181,10.126390458],[125.213058471000181,10.124939918000109],[125.213058471000181,10.124170304000188],[125.213333129000148,10.123889922999979],[125.213333129000148,10.123609543000043],[125.213607787000115,10.123330117000023],[125.213607787000115,10.120829583000102],[125.213890075000222,10.120559692000029],[125.213890075000222,10.120280267000112],[125.214157105000254,10.119999886000073],[125.214157105000254,10.119170190000034],[125.21555328300019,10.117779732000088],[125.215843201000325,10.117779732000088],[125.216110229000037,10.117500306000068],[125.216392517000145,10.117500306000068],[125.216743469000221,10.117150308000021],[125.216941833000078,10.116939545000093],[125.216941833000078,10.116209984000022],[125.216941833000078,10.116109849],[125.217216491000045,10.115830421000169],[125.217216491000045,10.115280152000025],[125.217498779000039,10.11499977200009],[125.217498779000039,10.114720344000091],[125.21778106700026,10.114439965000031],[125.21778106700026,10.113329888000123],[125.218063355000027,10.113059997999983],[125.218063355000027,10.111940384000093],[125.21778106700026,10.11166954100014],[125.21778106700026,10.110560417000045],[125.217857361000029,10.110480308000092],[125.218063355000027,10.110280038000042],[125.218063355000027,10.109169961000077],[125.21833038300008,10.108889580000096],[125.21833038300008,10.108610153000143],[125.218063355000027,10.10832977400014],[125.218063355000027,10.107219697],[125.21833038300008,10.106940269000177],[125.21833038300008,10.105560302000129],[125.218887329000154,10.10499954300019],[125.218887329000154,10.104439735000028],[125.219169617000034,10.104169847000094],[125.219169617000034,10.103890419000095],[125.219436645000087,10.103610038000056],[125.219886779000035,10.103170395000177],[125.220558167000036,10.102499961000149],[125.220558167000036,10.102219583000021],[125.220832825000343,10.101940155000023],[125.220832825000343,10.101670265000052],[125.221389771000077,10.101110459000097],[125.221389771000077,10.100830078000058],[125.221946715000172,10.100279807000106],[125.221946715000172,10.100000382000189],[125.222221375000117,10.099720001000151],[125.222221375000117,10.099169732],[125.222503661000019,10.098890305000054],[125.222503661000019,10.098329543000034],[125.222778319000213,10.0980596550001],[125.222778319000213,10.096940040999982],[125.223052979000045,10.096670151000069],[125.223342896000077,10.096670151000069],[125.223342896000077,10.093890189999968],[125.223533630000247,10.093680383000105],[125.223609923000254,10.093609810000089],[125.223609923000254,10.093330384000012],[125.224166869000328,10.09278011300006],[125.224166869000328,10.092499733000125]]]]}},
{"type":"Feature","properties":{"fid":7,"GID_2":"PHL.71.7_1","GID_0":"PHL","COUNTRY":"Philippines","GID_1":"PHL.71_1","NAME_1":"Southern Leyte","NL_NAME_1":"NA","NAME_2":"Limasawa","VARNAME_2":"NA","NL_NAME_2":"NA","TYPE_2":"Bayan|Munisipyo","ENGTYPE_2":"Municipality","CC_2":"86419","HASC_2":"PH.SL.LM"},"geometry":{"type":"MultiPolygon","coordinates":[[[[125.073402405000138,9.921440124000185],[125.073600769000222,9.924409866000019],[125.07305908100011,9.925559997000107],[125.073013306,9.925829888000123],[125.072906494000222,9.926139832],[125.072418213000105,9.926529885000036],[125.072006226000212,9.92687988400013],[125.071701050000115,9.927049637000039],[125.071388245000094,9.927220345000137],[125.070976258000087,9.927330018000077],[125.070907593000129,9.927680017000171],[125.070831299000019,9.928059577000113],[125.070831299000019,9.928330422000045],[125.070266723000032,9.928890228],[125.069931030000021,9.931209565000188],[125.069793701000208,9.931429863000119],[125.069679260000044,9.931779861000109],[125.069442749000245,9.93249988499997],[125.069358825000108,9.933130265000102],[125.068649292000032,9.933919907000075],[125.06841278100012,9.935239791000015],[125.06833648700001,9.935560226000177],[125.068077087000233,9.935810090000075],[125.067779541000164,9.936389923000149],[125.067512511000018,9.937919617000091],[125.067497253000056,9.938329696000153],[125.067352296000081,9.939020158000119],[125.067253114000209,9.939510346000134],[125.067222595000089,9.939999581000052],[125.067222595000089,9.941390037000133],[125.066947937000236,9.941670417000068],[125.066993714000205,9.942139627000188],[125.06701660300007,9.942520142000149],[125.066963195000085,9.942950250000024],[125.066711426000097,9.943490028000099],[125.066513062000013,9.943750382000133],[125.066436768000131,9.944129945000043],[125.066390991000162,9.944439887000101],[125.066116333000195,9.944689751000169],[125.065620422000052,9.945380211000099],[125.065277099000014,9.945830345000047],[125.064796449000028,9.946260452000161],[125.064453125000227,9.947219850000124],[125.064056397000058,9.947939873000109],[125.063621521000186,9.948479654000096],[125.062652588000219,9.949669837000101],[125.062400819000118,9.950400354000067],[125.061721802000079,9.951290131000064],[125.061439514000199,9.951919555000075],[125.061279297000169,9.952139854999984],[125.061111451000102,9.952500344999976],[125.060913087000245,9.95293045000011],[125.060836793000021,9.953330041000072],[125.06067657500023,9.953619957000058],[125.060546875000114,9.954170228000066],[125.060173035000162,9.957289697000135],[125.05999755900018,9.958609581000076],[125.059837341000048,9.95917034200005],[125.059829711000134,9.959959984000022],[125.059669494000104,9.960260391000077],[125.059669494000104,9.96057033500017],[125.059593200000222,9.960809707000067],[125.059593200000222,9.96107959699998],[125.059402466000051,9.96185016600009],[125.059349061000034,9.962809563000121],[125.059371947000272,9.963170052000066],[125.059471129000144,9.963600160000112],[125.05944824300002,9.964170457000137],[125.059638977000191,9.964509965000161],[125.059722901000214,9.964719772000024],[125.061943055000029,9.964719772000024],[125.062232971000071,9.96444034700005],[125.063888549000239,9.964170457000137],[125.065002441000047,9.963609695000116],[125.065277099000014,9.963330270000142],[125.065277099000014,9.96306038],[125.065551757000208,9.96277999900019],[125.065551757000208,9.962499617999981],[125.066108703000054,9.962220193000064],[125.067993164000086,9.960339547000046],[125.068046571000195,9.960280419000128],[125.068046571000195,9.960000039000022],[125.068290710000042,9.959770203],[125.06833648700001,9.959659578000185],[125.06833648700001,9.95944023200019],[125.068450928000175,9.959329605000164],[125.068611145000204,9.95917034200005],[125.068603515000063,9.958889962000114],[125.069068909000066,9.958200455000167],[125.069152833000089,9.957360268],[125.069168091000051,9.957220078000148],[125.069183349000127,9.956990243000064],[125.069168091000051,9.956669808000072],[125.069168091000051,9.95611000100007],[125.069442749000245,9.955829621000134],[125.069442749000245,9.955280305000144],[125.070053100000223,9.954669952000188],[125.070556641000053,9.954170228000066],[125.070556641000053,9.95277977000012],[125.071113587000127,9.952219964000165],[125.071113587000127,9.951939583000126],[125.07166290300006,9.951390268000068],[125.07166290300006,9.95110988700003],[125.071113587000127,9.950830459000031],[125.071113587000127,9.950280191000161],[125.071952819000103,9.949440004000166],[125.071952819000103,9.948289872000032],[125.071952819000103,9.947850227000174],[125.071952819000103,9.947500228000081],[125.073379516000159,9.946069718000047],[125.073608399000136,9.945830345000047],[125.073608399000136,9.945650101000012],[125.073608399000136,9.944999696000139],[125.074890137000125,9.943719864000116],[125.075279235000039,9.943329812000172],[125.075279235000039,9.943059922000032],[125.075546265000071,9.942779542000096],[125.075546265000071,9.942379951000021],[125.075546265000071,9.942219735000037],[125.075653075000218,9.942170143000055],[125.076667785000154,9.941670417000068],[125.076667785000154,9.941390037000133],[125.07611083900008,9.940830231],[125.07611083900008,9.939539910000121],[125.07611083900008,9.938890457000127],[125.075843811000027,9.938610077000021],[125.076667785000154,9.93778038],[125.077766419000113,9.9375],[125.078613281000344,9.937219619000075],[125.078727722000167,9.937109948000113],[125.079170227000077,9.936670303000085],[125.079170227000077,9.936389923000149],[125.07943725500013,9.936109544000146],[125.07943725500013,9.935830116000091],[125.07971954300001,9.935560226000177],[125.07971954300001,9.935000420000051],[125.080001831000118,9.934720039000183],[125.080001831000118,9.932909967000171],[125.080001831000118,9.931940079000015],[125.07971954300001,9.931670189000101],[125.080001831000118,9.931389808000063],[125.080001831000118,9.931110382000043],[125.080276489000084,9.930830002000107],[125.080276489000084,9.925559997000107],[125.080001831000118,9.925279617000172],[125.080001831000118,9.924169540000037],[125.07971954300001,9.923890114000017],[125.07971954300001,9.922780037000109],[125.07943725500013,9.922499657000174],[125.07971954300001,9.922220231000153],[125.07971954300001,9.921389580000096],[125.079170227000077,9.920829773000037],[125.07943725500013,9.920559883000067],[125.07943725500013,9.918609619],[125.079170227000077,9.918330192999974],[125.079170227000077,9.918060303000061],[125.078887939000197,9.917779923000126],[125.078887939000197,9.917499542000087],[125.078613281000344,9.917220116000067],[125.078613281000344,9.914170266000156],[125.078330993000122,9.913889885000117],[125.078330993000122,9.913610458],[125.078056335000269,9.913330079000161],[125.078056335000269,9.913060189000021],[125.077766419000113,9.912779808000039],[125.078056335000269,9.912500383000065],[125.078056335000269,9.912220002000083],[125.077499389000195,9.911669731000075],[125.077499389000195,9.909170152000115],[125.077766419000113,9.908889771000133],[125.077766419000113,9.908329965000178],[125.078056335000269,9.908060075000037],[125.078056335000269,9.90388965700015],[125.077766419000113,9.903610229000094],[125.077766419000113,9.903059960000121],[125.077789307000216,9.902830125000037],[125.078056335000269,9.902500152000187],[125.078330993000122,9.902219773000184],[125.078330993000122,9.901390075000052],[125.079170227000077,9.901109696000049],[125.079170227000077,9.900560379000183],[125.078887939000197,9.900279998000144],[125.078887939000197,9.899999619000141],[125.077766419000113,9.898889542000063],[125.076789856000232,9.898599624000042],[125.076393127000188,9.898059846000137],[125.07611083900008,9.897780418000082],[125.075111389000313,9.897150041000089],[125.074996949000138,9.896109582000065],[125.074172973000145,9.895279884000161],[125.073822022000172,9.89500045800014],[125.073608399000136,9.894720077000102],[125.07333374100017,9.894720077000102],[125.073036195000213,9.89507961400011],[125.072883605000015,9.895290374000126],[125.072540284000297,9.895460129000071],[125.07166290300006,9.895830154],[125.071510316000172,9.896069528000112],[125.071388245000094,9.896389961000068],[125.071113587000127,9.896759988000042],[125.070960998000032,9.897219657000164],[125.070808410000041,9.897509575000186],[125.070686340000066,9.897850037000069],[125.070503234000171,9.898280144000069],[125.070373535000044,9.898674965000112],[125.070320130000141,9.898759842000118],[125.070320130000141,9.898900033000132],[125.070266723000032,9.899169923000045],[125.069862366000052,9.899669647],[125.069709779000164,9.900059700000043],[125.069602966000275,9.900320052000097],[125.069412232000104,9.900600433000136],[125.069122314000083,9.900930406000157],[125.068893433000085,9.901399612999967],[125.068778993000024,9.90174961200006],[125.068611145000204,9.902219773000184],[125.06841278100012,9.902350425000122],[125.067779541000164,9.903329850000091],[125.067527772000176,9.903900147000115],[125.067512511000018,9.904529572000058],[125.067428589000087,9.90493965100012],[125.067382812000119,9.905790329000183],[125.067306519000113,9.906530381000152],[125.067390443000136,9.909170152000115],[125.068389892000141,9.909460068000158],[125.069877624000128,9.910180092000019],[125.071098327000072,9.911620139000092],[125.071388245000094,9.914170266000156],[125.071510316000172,9.914560318999975],[125.07166290300006,9.914999962000024],[125.071853637000117,9.915349961000118],[125.071952819000103,9.915829659000053],[125.071861267000031,9.916130066000107],[125.071907044000113,9.916819573000055],[125.07218170200008,9.917400360000045],[125.072418213000105,9.917779923000126],[125.072502137000129,9.918060303000061],[125.072776795000095,9.918330192999974],[125.072776795000095,9.918609619],[125.072860717000253,9.918999672000041],[125.07305908100011,9.919440270000109],[125.073081970000203,9.919830322000053],[125.07333374100017,9.920559883000067],[125.07335662800017,9.920949936000113],[125.073402405000138,9.921440124000185]]]]}},
{"type":"Feature","properties":{"fid":8,"GID_2":"PHL.71.8_1","GID_0":"PHL","COUNTRY":"Philippines","GID_1":"PHL.71_1","NAME_1":"Southern Leyte","NL_NAME_1":"NA","NAME_2":"Maasin City","VARNAME_2":"NA","NL_NAME_2":"NA","TYPE_2":"Lungsod|Siyudad","ENGTYPE_2":"City","CC_2":"86407","HASC_2":"PH.SL.MA"},"geometry":{"type":"MultiPolygon","coordinates":[[[[124.893920899000136,10.113340379000022],[124.893882752000081,10.113960266000049],[124.893806458000199,10.114279748],[124.89366912800017,10.114529610000091],[124.89359283400006,10.114780427000142],[124.893463135000047,10.115010262000055],[124.893348695000213,10.115249634000179],[124.893272399000125,10.115539551999973],[124.893157959000064,10.11585044900005],[124.892997741000158,10.116189957000074],[124.892791749000139,10.116580009000188],[124.892608643000244,10.117030144000069],[124.892509460000156,10.117529870000169],[124.892433167000149,10.11802959400012],[124.892288208000082,10.118450166000116],[124.892013550000115,10.118789672000162],[124.891731262,10.11919021600005],[124.891441345000089,10.119520188000024],[124.891143799000019,10.119899749000069],[124.890823364000084,10.120269776000043],[124.890411377000191,10.120550157000082],[124.889976502000195,10.12090015400014],[124.889816284000062,10.120980262000046],[124.889472961000024,10.121159553000041],[124.88894653300008,10.121299744000169],[124.88852691600016,10.121439934000023],[124.888183593,10.12162971500004],[124.887802125000121,10.121789933000116],[124.887443543000131,10.121950149999975],[124.887123108000196,10.122110367000175],[124.886810303000289,10.122249604000046],[124.886520385000154,10.122400284000094],[124.886207580000246,10.122529985000085],[124.885879517000035,10.122670174000064],[124.88553619400011,10.12279033700014],[124.885223389000089,10.122949600000084],[124.884872437000013,10.123110772000075],[124.884559631000229,10.12325000800007],[124.88414001600006,10.123370171000147],[124.883712768000237,10.123609543000043],[124.883216858000083,10.123889922999979],[124.882713319000231,10.124159814000052],[124.882186889000195,10.124429703999965],[124.88168335000023,10.124629975000119],[124.881118774000015,10.124750139000128],[124.880607605000137,10.12495994600016],[124.880081176000317,10.12512969900007],[124.879531860000156,10.125289917000032],[124.878967286000034,10.125499726000044],[124.878341674000126,10.125659944000176],[124.877670288000104,10.125849723000158],[124.877456665000182,10.125929832000111],[124.877029420000099,10.126079559000175],[124.876373292000153,10.126239775999977],[124.87574005200031,10.126379968000037],[124.875450134000175,10.126420022000161],[124.875137329000268,10.126469612],[124.873626708000074,10.126890182000182],[124.872726441000054,10.126959800000066],[124.871726989000194,10.127249718000087],[124.871437073000038,10.127349853000112],[124.870826722000061,10.127479554000104],[124.87014770500025,10.127499580000119],[124.869461060000049,10.127490044000069],[124.868766785000048,10.12744045200003],[124.868141174000016,10.127289773000086],[124.867553711000028,10.127380372000061],[124.866981507000105,10.127490044000069],[124.866432191000172,10.127539635000176],[124.86589050300006,10.127530099000069],[124.865356446000078,10.127590179000094],[124.864807130000031,10.127860070000111],[124.864257812000119,10.12802982300002],[124.86369323800011,10.128129960000081],[124.863159180000139,10.128279687000088],[124.862632751000206,10.128370286000063],[124.862106323000148,10.128549577000058],[124.861549377000074,10.128600121000147],[124.86102295000012,10.128620148000152],[124.86094665600001,10.128620148000152],[124.86036682200006,10.128689766000036],[124.85986328100023,10.128849983000066],[124.859382628000162,10.128970147000018],[124.858978272000058,10.129110336],[124.858428956000125,10.129249572000163],[124.857681274000015,10.129449844000021],[124.857360841000059,10.129409790000068],[124.85722351000004,10.129409790000068],[124.856933593000122,10.129429818000176],[124.856376647000047,10.129469872000072],[124.854316711000138,10.130209922000063],[124.853202819000103,10.130339623],[124.852172851000205,10.13035964900007],[124.851600646000179,10.130570412],[124.851043700000105,10.130829811000069],[124.850440979000041,10.131039619000035],[124.850143433000085,10.131090164000057],[124.849822998000036,10.131139756000039],[124.849243163000097,10.131310464000137],[124.848678589000087,10.131460191000031],[124.848159790000068,10.131669998000064],[124.847648621000076,10.131879808000178],[124.847076416000277,10.131959916000085],[124.846542359000068,10.13206958700016],[124.846023560000049,10.132140160000063],[124.845497132000219,10.132169724],[124.844993591000161,10.132209778000117],[124.844482422000056,10.132249833000174],[124.84422302300004,10.132300377000092],[124.843368530000134,10.132459640000036],[124.842529296000066,10.132180214000186],[124.841972350000219,10.131759645000102],[124.841903687000126,10.131580354000107],[124.841766358000086,10.131279945000188],[124.841346741000052,10.130940437000163],[124.840927124000018,10.130940437000163],[124.840232849000131,10.130999563999978],[124.839752198000042,10.130949973999975],[124.83934020900017,10.131050109],[124.839210510000157,10.131079673000158],[124.838676453000062,10.131110192000108],[124.838012695000089,10.131110192000108],[124.837356568000018,10.131110192000108],[124.836990356000115,10.131110192000108],[124.836708068,10.131110192000108],[124.836067200000116,10.131110192000108],[124.83547210800009,10.131099701000039],[124.834922790000064,10.131110192000108],[124.834541321000074,10.131150246000061],[124.834419251000099,10.131170272000077],[124.834007264000206,10.131429672000081],[124.833633424000027,10.131830215999969],[124.833267212000123,10.132269859000019],[124.832839967000041,10.132610322000062],[124.832588195000085,10.132820129000095],[124.831466675000229,10.132749558],[124.830841064000083,10.132459640000036],[124.83042907700019,10.132269859000019],[124.829376220000199,10.13179016100014],[124.828681945000085,10.13136959100018],[124.82848358300032,10.131299973000068],[124.827713012000117,10.131030083000155],[124.827178954000146,10.130579949000037],[124.826690674000019,10.130559921000156],[124.826232910000044,10.130559921000156],[124.82581329300001,10.130559921000156],[124.825439453000172,10.130559921000156],[124.825080871000182,10.130559921000156],[124.824699403000068,10.130550385000049],[124.824302674000023,10.130490303000045],[124.824043275000122,10.130379677000121],[124.82391357400013,10.130310059000067],[124.822807312000236,10.130350114000066],[124.822433472000057,10.130270005000114],[124.821800232000101,10.129850388000136],[124.820396424000251,10.129850388000136],[124.81984710800009,10.129980087000092],[124.819152833000089,10.130189896000161],[124.818618775000118,10.130249977000062],[124.818412781,10.130270005000114],[124.818000794000113,10.130370140000139],[124.817657471000075,10.130519867000032],[124.817283630000134,10.130559921000156],[124.816833497000061,10.130579949000037],[124.816322328000183,10.13062953900004],[124.816192627000191,10.13062953900004],[124.81571960500014,10.13062953900004],[124.815040588000102,10.130570412],[124.814796449000141,10.130570412],[124.814346313000328,10.130559921000156],[124.813713073000031,10.130519867000032],[124.813163757000211,10.130390168000019],[124.813056945000085,10.13035964900007],[124.812667847000057,10.130249977000062],[124.812240601000212,10.130049705000033],[124.811782838000227,10.129929544000106],[124.811370849000014,10.129759789],[124.81095886200012,10.129719734000162],[124.809959412000012,10.12969017],[124.809379578000176,10.129590034999978],[124.808853150000118,10.129650116000107],[124.808326721000185,10.129529952999974],[124.807853699000134,10.129549981000082],[124.807739258000197,10.129540443000167],[124.807319641000163,10.129520417000094],[124.806961059000173,10.129670144000158],[124.806472779000046,10.129779817000042],[124.806007385000157,10.129750253000111],[124.805473327000186,10.129870414000038],[124.804862976000209,10.129980087000092],[124.804222106000111,10.130029679000131],[124.803619385000047,10.130180358000075],[124.80300903400007,10.130370140000139],[124.80251312300004,10.13082027500019],[124.801948547000052,10.131099701000039],[124.801460266000049,10.131310464000137],[124.800903320000316,10.13179016100014],[124.80063629100016,10.131990433],[124.800003051000203,10.132479668000087],[124.799468993000232,10.132619858000112],[124.79937,10.132650000000126],[124.799217000000226,10.13269],[124.798248000000171,10.133030000000133],[124.797058000000106,10.13314],[124.796623000000181,10.133350000000121],[124.796143000000257,10.133580000000165],[124.795624,10.133790000000147],[124.795036000000323,10.13398],[124.794922000000156,10.134030000000109],[124.794693,10.134120000000109],[124.794518000000153,10.134200000000135],[124.794037000000117,10.13445],[124.793617000000154,10.13471],[124.793213000000151,10.13499000000013],[124.792809000000148,10.13526],[124.7924730000002,10.13555],[124.792122,10.135800000000188],[124.791748,10.13597],[124.791634,10.136],[124.79136700000015,10.13608],[124.790962,10.136130000000151],[124.790527000000111,10.136130000000151],[124.790077000000224,10.136120000000176],[124.78961900000013,10.13611],[124.789162000000147,10.13614],[124.788742,10.13626],[124.788322000000107,10.13638],[124.787903,10.13643],[124.787727000000245,10.136510000000101],[124.787514000000215,10.13661],[124.787071000000196,10.13666000000012],[124.786591,10.13667],[124.786133000000177,10.136710000000164],[124.7855,10.13711],[124.784943000000112,10.137560000000121],[124.784630000000334,10.137470000000178],[124.784264000000121,10.137330000000134],[124.783859,10.1372],[124.783478,10.13699],[124.783073000000286,10.136800000000164],[124.782692000000225,10.136500000000183],[124.782463000000121,10.13595000000015],[124.782120000000305,10.13541],[124.781616000000213,10.13506],[124.780777,10.13498],[124.780273,10.134720000000186],[124.780220031000226,10.134249687000079],[124.780097961000251,10.134070396000084],[124.779899596000064,10.133859635000135],[124.77970886200012,10.13360977200017],[124.779472351000209,10.133399964000034],[124.779113769000219,10.133339881000097],[124.778686524000136,10.133279801000128],[124.778266907000102,10.133099555000115],[124.777801513000099,10.133110046000184],[124.777359009000293,10.133370400000047],[124.7769775390002,10.133790017000024],[124.776657104000037,10.134289741000032],[124.776367188000222,10.134790422000151],[124.77604675300006,10.135219574000132],[124.775749207000104,10.13558959900007],[124.775321961000145,10.136210441000117],[124.775123597000061,10.137040139000021],[124.774757385000157,10.137450219000016],[124.774276733000193,10.137519837000127],[124.77365112300015,10.137660026000049],[124.773086547000275,10.137929916000189],[124.772758484000065,10.138369560000172],[124.772583008000083,10.138549805000082],[124.772438049000129,10.138970375000042],[124.77223205700011,10.139410018000092],[124.772018432000095,10.139989853000031],[124.771987915000182,10.140290260000086],[124.771583557000099,10.141739845000018],[124.771583557000099,10.142919540000037],[124.771781921000184,10.143400193000105],[124.771850586000028,10.143750191000095],[124.771499633000076,10.144300460000068],[124.771293640000181,10.144579888000123],[124.770736694000107,10.144920349000131],[124.77052307200006,10.14519977700013],[124.770248414000207,10.145680427000116],[124.769973756000013,10.146030426000038],[124.769546509000293,10.146069528000055],[124.769287109000174,10.146389961000011],[124.769020081000122,10.146679879000033],[124.768791198000031,10.146940231000087],[124.768592834000174,10.147130013000151],[124.76837158100011,10.147239685000159],[124.768157959000177,10.147390365000035],[124.767868042000032,10.147549630000128],[124.767578124000238,10.147809982000183],[124.767402648000143,10.148070336000046],[124.767341613000099,10.148170471000071],[124.767181397000058,10.148599624000155],[124.766876221000189,10.148859978000019],[124.765808106,10.149040222],[124.764968872000168,10.149869919000025],[124.764717102000304,10.150509834000104],[124.764640809000298,10.150699615000121],[124.763603210000156,10.151809692000029],[124.763038636000033,10.152429581000035],[124.76183319200004,10.15318012299997],[124.761268616000052,10.153929710999989],[124.760787963000212,10.154569626000125],[124.760559082000213,10.154850007000107],[124.760017395000204,10.155529975999968],[124.758903503000056,10.155719757000156],[124.758743287000129,10.155570030000092],[124.758468627000184,10.155550002000041],[124.758041382000215,10.155650139000102],[124.757568360000164,10.156080247000148],[124.757469178000179,10.156660079000176],[124.757316590000073,10.157139779000033],[124.757217408000088,10.157569886000033],[124.757049560000041,10.158020020000151],[124.756759644000226,10.158519746000081],[124.756690979000155,10.159179687000062],[124.756797791000054,10.159870147],[124.757110596000302,10.160460472000068],[124.75742340100021,10.16156005900001],[124.757377624000014,10.162719728000127],[124.757362365000063,10.163100243000088],[124.757156373000271,10.163479806000169],[124.756866455000136,10.163900376000129],[124.756576538000218,10.164440156000012],[124.756866455000136,10.165149689000032],[124.757026672000279,10.165900230000034],[124.757278441000039,10.166489602000127],[124.757446289000086,10.167010307000169],[124.757476806000227,10.167530060999979],[124.757392884000069,10.168020249000051],[124.757217408000088,10.168439866000028],[124.757217408000088,10.169870376000119],[124.756828308000081,10.171259881000026],[124.756813049000129,10.171750069000097],[124.75668335100022,10.172100068000191],[124.756538391000163,10.172360420000075],[124.756408691000047,10.172550201000035],[124.75626373300031,10.172710419000168],[124.755996704000154,10.172719956000151],[124.755699157000095,10.172559739000121],[124.755409241000166,10.172189712000147],[124.75505828900009,10.171589850999965],[124.754806518000123,10.171480179000127],[124.754432678000057,10.171319961000052],[124.753883362000124,10.171520233000081],[124.753738403000057,10.172080039000036],[124.753807068000015,10.173460006000084],[124.753807068000015,10.174770355000078],[124.753738403000057,10.175880432000156],[124.753639221000071,10.17613983200016],[124.753356933000191,10.176850320000142],[124.75316619900002,10.177379608000024],[124.75332641600005,10.177969933000099],[124.753547669000113,10.178489685000159],[124.753608704000271,10.178999901000054],[124.753616332000206,10.179510117],[124.753631593000136,10.180120468000155],[124.753898620000086,10.180789947000051],[124.754150390000177,10.181220055000097],[124.754272460000152,10.18152999900019],[124.754409789000078,10.181719781000083],[124.754447936000133,10.181969643000116],[124.754501343000015,10.182259559000158],[124.754638672000056,10.182510376000039],[124.75467681900011,10.182789803000105],[124.754592895000087,10.18313026400017],[124.754478455000026,10.183509827000023],[124.754333496000072,10.183890343000087],[124.754058838000219,10.184260368000025],[124.753852843000118,10.184749603000114],[124.753646851000326,10.185239793000164],[124.753562927000303,10.185759545000167],[124.753440856000111,10.186289787000021],[124.753356933000191,10.186880112000097],[124.753387451000208,10.187509537000039],[124.753616332000206,10.188030244],[124.753852843000118,10.188520432000075],[124.754089356000122,10.188819885999976],[124.754547118000119,10.188960075000125],[124.754837037000016,10.18937015500012],[124.75511169500021,10.189590455000086],[124.755180358000075,10.189649582000072],[124.755203247000168,10.189749717000097],[124.755332947000056,10.19040966100016],[124.755531312000016,10.19067955100013],[124.755836486000021,10.190910339000027],[124.75637054400022,10.191309930000159],[124.757400512000117,10.191710472000068],[124.757766724000021,10.19180965400011],[124.757873534000055,10.191849708000063],[124.758209228000055,10.19196987100014],[124.759063720000086,10.192020416000105],[124.75940704300001,10.192119597999977],[124.759269714000084,10.191849708000063],[124.760360718000129,10.187879561999978],[124.761001588000227,10.185500145000049],[124.76367187600033,10.183119773999977],[124.764770507000208,10.184049607000077],[124.770317077000072,10.184940339000093],[124.771408081000118,10.185000420000165],[124.772758484000065,10.185070038000049],[124.775283813000215,10.185330390000104],[124.778640747000168,10.188679695000019],[124.78114318900009,10.193539620000081],[124.782356261000018,10.195899963000045],[124.783836365000298,10.197739601000023],[124.788681030000134,10.202230454000073],[124.791442872000061,10.203929902000027],[124.794410706000122,10.206399917000169],[124.801681519000113,10.215239523999969],[124.803138733000083,10.216210365000109],[124.805313110000156,10.219710351000174],[124.808143615000176,10.220820428000081],[124.810913087000131,10.221630096000069],[124.814773560000049,10.22420978700012],[124.820823669000333,10.227760316000172],[124.825447083000086,10.231710434000149],[124.827949523000029,10.2343397140001],[124.832717896000077,10.236980438000103],[124.835372925000115,10.239669799000126],[124.838432312,10.243980408000027],[124.839111328000058,10.246850013000028],[124.845466614000316,10.252759934999972],[124.847381591000044,10.253769875000046],[124.853469849000021,10.256369591000066],[124.859550476000322,10.259300231000054],[124.863563537000118,10.261719704000143],[124.871803283000077,10.265190125000117],[124.874931335000269,10.266449929000089],[124.88098907500023,10.266869546000066],[124.888839721000181,10.267979623000031],[124.899887086000035,10.265020372000038],[124.907493590000058,10.260990143000072],[124.907409669000117,10.257320404000097],[124.906890869000335,10.253789903000097],[124.907203674000016,10.251700402000154],[124.907180786000254,10.248419761000036],[124.907791137000231,10.243439675000104],[124.907707215000073,10.241900444],[124.909431458000313,10.229689598999983],[124.910346984000057,10.223219871000083],[124.911361694000107,10.220040321999988],[124.913223266000159,10.21154975900015],[124.914413452000076,10.206629753000186],[124.915977478000173,10.202630043],[124.917297364000092,10.199660301000165],[124.920883178000167,10.190219879000097],[124.922851562000119,10.18432045000003],[124.925132752000081,10.178739549000056],[124.928657532000216,10.172280311000122],[124.93755340600012,10.156990052000026],[124.938926696000067,10.154339790000108],[124.930458069000224,10.146730424000054],[124.918891907000102,10.13442993200016],[124.915687561000027,10.131239891000064],[124.915206909000062,10.1307697310001],[124.908203126000103,10.123780251000142],[124.895339966000051,10.110939979000023],[124.894416810000052,10.111579894000101],[124.894340516000284,10.111639977000038],[124.894287109000061,10.111760140000115],[124.893989562000229,10.112400055000023],[124.893920899000136,10.113340379000022]]],[[[124.791655999000227,10.130280000000141],[124.79194600000028,10.130000001000155],[124.792221000000154,10.130000001000155],[124.792502999000135,10.129719999000088],[124.793610000000285,10.129719999000088],[124.793891999000266,10.130000001000155],[124.794724,10.130000001000155],[124.796112000000221,10.128609999000105],[124.794998,10.127500001000101],[124.794724,10.127500001000101],[124.794441001000223,10.12778],[124.794067000000268,10.128280001000121],[124.793663,10.128490001000102],[124.793243000000302,10.128490001000102],[124.79303,10.128350000000182],[124.792777999000123,10.128060000000119],[124.791107,10.128060000000119],[124.790833,10.128330000000119],[124.790389999000013,10.128639999000086],[124.790039001000196,10.12877],[124.789436001000013,10.128330000000119],[124.788611999000068,10.129170000000158],[124.788611999000068,10.129440000000102],[124.78833,10.129719999000088],[124.78833,10.13056],[124.788611999000068,10.130830000000174],[124.789169,10.131390001000057],[124.789436001000013,10.131390001000057],[124.789786999000057,10.131319999000141],[124.789932000000135,10.131319999000141],[124.790000999000199,10.131109999000159],[124.790192001000037,10.13023],[124.790833,10.130280000000141],[124.791655999000227,10.130280000000141]]],[[[124.784897000000228,10.132950000000108],[124.785294,10.13341000000014],[124.785797000000116,10.13383],[124.786453,10.13404],[124.787003,10.133870000000172],[124.787437,10.13354],[124.787773,10.133150000000114],[124.787979000000178,10.132740000000126],[124.787811000000147,10.132270000000119],[124.787468000000104,10.131800000000169],[124.786949,10.131420000000162],[124.786324,10.13117],[124.786003,10.13111],[124.785667000000331,10.13112],[124.785141000000181,10.13129],[124.784622,10.131860000000131],[124.784653000000276,10.13244],[124.784897000000228,10.132950000000108]]]]}},
{"type":"Feature","properties":{"fid":9,"GID_2":"PHL.71.9_1","GID_0":"PHL","COUNTRY":"Philippines","GID_1":"PHL.71_1","NAME_1":"Southern Leyte","NL_NAME_1":"NA","NAME_2":"Macrohon","VARNAME_2":"NA","NL_NAME_2":"NA","TYPE_2":"Bayan|Munisipyo","ENGTYPE_2":"Municipality","CC_2":"86408","HASC_2":"PH.SL.MC"},"geometry":{"type":"MultiPolygon","coordinates":[[[[125.007217408000201,10.029720306000058],[125.006668090000062,10.03028011400005],[125.006393432000095,10.03028011400005],[125.006111144000329,10.03055954000007],[125.005836486000021,10.03055954000007],[125.005546570000206,10.030830383000023],[125.00527954000006,10.030830383000023],[125.004997254000045,10.031109811000022],[125.00444793600002,10.031109811000022],[125.003608704000044,10.031940460000101],[125.003326416000164,10.031940460000101],[125.003051758000197,10.032219888000157],[125.002777100000344,10.032219888000157],[125.00222015400027,10.032779694000112],[125.001953124000011,10.032779694000112],[125.001663208000195,10.033060075000094],[125.001106262000121,10.033060075000094],[125.000000000000114,10.034170152],[124.999336244000233,10.033969880000143],[124.998443604000045,10.034170152],[124.998107911000147,10.03415966100016],[124.997428894000109,10.034119607000036],[124.996940612000117,10.034190178000074],[124.996437073000038,10.034290315000135],[124.995910644000105,10.034339905000138],[124.995323181000117,10.03431034099998],[124.994659424000019,10.034319879000066],[124.993980408000084,10.034290315000135],[124.993370057000106,10.034410478000041],[124.99284362700007,10.03458023100012],[124.992362977000084,10.034689904000061],[124.991897583000195,10.034720420000099],[124.99144744900002,10.034760475000098],[124.991043090000062,10.034899711000094],[124.990623473000255,10.034770012000081],[124.990188598000032,10.034729958000185],[124.989723206000122,10.034720420000099],[124.989166260000047,10.034779548000188],[124.988731384000289,10.034939766000093],[124.988227843000118,10.034990310000012],[124.98657989600008,10.035059929],[124.986167907000208,10.03485012100009],[124.984977721000178,10.034709930000076],[124.983726502000081,10.034709930000076],[124.98362732000021,10.03474044800015],[124.98332977400014,10.034819602000141],[124.982948303000057,10.035030365000068],[124.982597352000084,10.035300254999981],[124.982276917000149,10.035590171000024],[124.982002259000183,10.035889625000095],[124.981773376000092,10.036199569000189],[124.981529237000132,10.036470414000121],[124.98132324200003,10.036689758000136],[124.980659484000171,10.037010193000071],[124.97998809700016,10.03722953800002],[124.979606629000159,10.037320137000165],[124.979331971000192,10.037389755000049],[124.978988648000154,10.037520409000024],[124.978637696000192,10.037719726000091],[124.978248596000185,10.037969590000159],[124.977821351000102,10.038220406000107],[124.977478027000075,10.038550377000149],[124.977142334000064,10.03884983100005],[124.976783752000074,10.039099693000139],[124.976417542000036,10.039310455000191],[124.976066589000197,10.039560319000032],[124.975708007000208,10.039790153000069],[124.975288392000039,10.040010452999979],[124.974853516000053,10.04028034300012],[124.974388122000164,10.04055976900014],[124.973907470000199,10.040860175000148],[124.97350311300022,10.041270257000122],[124.973083496000186,10.041689874000156],[124.972976684000059,10.04179954500006],[124.972686768000017,10.042110444000116],[124.972442626000088,10.042300225000076],[124.972221375000345,10.042469978000042],[124.971717835000049,10.042819977000136],[124.971221924000019,10.043180466000024],[124.970771790000072,10.043519975000095],[124.970252991000052,10.043740273000026],[124.970176697000284,10.043769837000184],[124.969703675000233,10.043930054000043],[124.96922302300004,10.044179916000076],[124.968772889000093,10.044449806000046],[124.968353272000172,10.044759751000015],[124.967948913000214,10.045069695000109],[124.967567443,10.045379639000146],[124.967163086000028,10.045590402000073],[124.966781616000162,10.045749664000141],[124.966430664000086,10.045809747000021],[124.965316772000051,10.046039581000059],[124.964889527000196,10.046130179999977],[124.964759826000204,10.046159744000136],[124.964729310000166,10.046290397],[124.964683533000198,10.046500207000122],[124.964897155000131,10.046990395000023],[124.965278625000224,10.04784965500005],[124.965248109000186,10.048239708000096],[124.965087891000053,10.048560143000032],[124.964942932000099,10.048939706000112],[124.964607239000088,10.049300193000022],[124.964256287000012,10.049690247000115],[124.963882447000174,10.050029755000139],[124.963546752000184,10.050470353000037],[124.96330261300011,10.050789833000181],[124.962936401000206,10.051130294000188],[124.962593079000044,10.051429748000089],[124.96222686700014,10.051799775000063],[124.961883544000216,10.05218029100007],[124.961486815000171,10.052510261000066],[124.961112975000106,10.052829743000189],[124.960731507000219,10.053150176000145],[124.960319518000119,10.053460121000114],[124.959930420000092,10.053810120000037],[124.959487914000078,10.054109574000108],[124.959266663000108,10.054459572000098],[124.959152221000068,10.054650307000031],[124.958732606000126,10.054929734000098],[124.958168030000138,10.055179596000187],[124.957473755000137,10.055740357000161],[124.956626892000145,10.056079866000061],[124.956558227000073,10.056980133000025],[124.956443786000136,10.057669639999972],[124.956352234000178,10.058159828000043],[124.956420898000147,10.058919907000131],[124.956039430000033,10.059309960000178],[124.955902099000127,10.059450149000156],[124.955688476000091,10.059709549000104],[124.955421448000038,10.059929849000014],[124.955116272000055,10.060110092000116],[124.954872130000126,10.060339928000133],[124.954620361000138,10.06058979],[124.954307556000117,10.060859680000135],[124.954200744000104,10.060979843000041],[124.953987121000296,10.061209679000058],[124.95364379800003,10.061559678000151],[124.953308105000247,10.061980247000065],[124.952903748000153,10.062370301000158],[124.952430726000216,10.062740326000153],[124.951881408000077,10.06305027000019],[124.951278687000013,10.063289644000122],[124.950653075000105,10.063389778000044],[124.950202942000146,10.063650131000031],[124.949867248000032,10.063940049],[124.949577332000217,10.064129830000184],[124.949256897000055,10.06429004600011],[124.949012756000229,10.064499855000122],[124.948722840000073,10.064740182000037],[124.948333741000056,10.065019607000181],[124.947853089000091,10.065349580000031],[124.947349548000261,10.065759659000094],[124.947036743000012,10.065970422000078],[124.94682312000009,10.066120149000085],[124.946418762,10.066639901000087],[124.945877076000102,10.067729950000171],[124.945106505000012,10.068120003],[124.944831847000046,10.068590164999989],[124.944480896000073,10.069089890000043],[124.944206238000106,10.069660187000068],[124.944122314000083,10.07017993900007],[124.943946838000102,10.070529938],[124.943870545000095,10.070810319000032],[124.943740844000104,10.071049690000052],[124.943420411000147,10.071260452000047],[124.943222047000063,10.071330071000034],[124.943046569000103,10.071399689000145],[124.942733764000081,10.071800232000157],[124.942672729000151,10.07188034100011],[124.942253114000096,10.072090149000076],[124.942123413000104,10.07215976700013],[124.941459657000109,10.072549820000177],[124.940818787000012,10.073479653999982],[124.940406800000119,10.073940278000123],[124.94022369400011,10.074509622000107],[124.940017699,10.075019836000081],[124.939872742000034,10.075510026000131],[124.939727783000194,10.075960160000079],[124.939613343000133,10.076410294000027],[124.939521789000196,10.076600075000158],[124.939437867000152,10.076809883000124],[124.939247131000229,10.077179910000098],[124.939132690000065,10.077599527000075],[124.938941956000235,10.077939988000082],[124.93868255700022,10.078249932000176],[124.938499451000098,10.078680038000073],[124.938247681000121,10.079130173000067],[124.937957763000099,10.079560281000113],[124.937728882000101,10.080030441000133],[124.937423705000128,10.080470086],[124.936943055000143,10.080840111000157],[124.936393737000344,10.081210136000152],[124.935806274000015,10.081589699000176],[124.935211181000227,10.081939698000099],[124.934638977000077,10.082220078000034],[124.934143066000047,10.082489968000175],[124.933692933000202,10.082739830000037],[124.933273316000168,10.082940102000123],[124.932838440000069,10.083120346000101],[124.932441712000127,10.083339691000049],[124.932067872000061,10.083580017000031],[124.931663513000103,10.083769798],[124.931228637000231,10.083930016000124],[124.930847167000252,10.084139823000157],[124.930358887000011,10.084360123000067],[124.929893495000215,10.084569931000033],[124.929481506000116,10.084850312000071],[124.929122924000012,10.085180282000181],[124.928710937000119,10.085430146000078],[124.92820739800004,10.085599899000158],[124.927696227000183,10.085829735000175],[124.927192688000105,10.086079597000094],[124.926666259000172,10.086310386999969],[124.92617035000012,10.086520195000105],[124.925697326000204,10.086790085000075],[124.925216675000115,10.086999892999984],[124.924758912000016,10.087209702000052],[124.924278259000175,10.087380410000151],[124.923812867000038,10.087519647000022],[124.923347473000035,10.087659836000171],[124.921958923000034,10.088580131000185],[124.921180724000124,10.088769913000078],[124.919792176000101,10.089130401999967],[124.918472290000182,10.089269639000065],[124.917419433000191,10.089269639000065],[124.916656494000222,10.088970185000164],[124.916030883000076,10.088709832000177],[124.914840699000138,10.088089943000114],[124.913597106000225,10.088049889000047],[124.913360595000086,10.088020325000059],[124.912200928000175,10.088029861000166],[124.911399841000048,10.088029861000166],[124.910537720000207,10.088159562000101],[124.910171508000076,10.088299751000079],[124.90973663300008,10.088339805000032],[124.909286499000132,10.088299751000079],[124.908920287000228,10.088350296000101],[124.908157349000135,10.088450433000105],[124.907707215000073,10.088500023000165],[124.906753540000068,10.088609695000173],[124.906173706000232,10.088890075999984],[124.90553283600002,10.089220047000026],[124.905036927000083,10.089550019000171],[124.90457153300008,10.090009689000169],[124.904113769000105,10.090470315000118],[124.903648377000081,10.090920449],[124.903213502000085,10.091389656000047],[124.902770996000072,10.091859818000046],[124.902351379000038,10.092300416000057],[124.90196228100001,10.092720033000091],[124.901618957000096,10.093159676000141],[124.901397705000022,10.093400002000124],[124.901252747000171,10.093620300000055],[124.901191712000013,10.094050408000101],[124.900886536000144,10.09422016100001],[124.900703430000021,10.094329834000121],[124.900291443000015,10.094809533000102],[124.900009155000134,10.095499993000033],[124.89945220900006,10.095780374000071],[124.898902893000013,10.096819878000076],[124.898750305000021,10.097709657000109],[124.898406982000097,10.098130225999967],[124.898399354000048,10.098710061000077],[124.898620605000133,10.099300384000173],[124.898872376000099,10.099820137999984],[124.899017333000074,10.100270272000103],[124.899192811000034,10.100660325000149],[124.899307251000096,10.100910187000068],[124.899299621000182,10.101819992000117],[124.899368287000016,10.102450371000145],[124.899436950000108,10.10375976500012],[124.899436950000108,10.103839874000073],[124.899513244000218,10.104729653000049],[124.899589539000203,10.106100082000012],[124.89945220900006,10.106499671000165],[124.899330140000302,10.106989861000045],[124.899139404000152,10.107489585000167],[124.898918151000089,10.107930183],[124.89871215900007,10.108300209999982],[124.898551941000164,10.108670235000147],[124.898216248000153,10.108960151000133],[124.897888183000077,10.109259605000034],[124.8976364130001,10.109620095000025],[124.897346497000058,10.109889985000166],[124.896972657000219,10.110090257000024],[124.896583557000326,10.110280038000042],[124.896156311000027,10.110449791000121],[124.895736694000334,10.110610009000084],[124.895439148000037,10.110870361000082],[124.895339966000051,10.110939979000023],[124.908203126000103,10.123780251000142],[124.915206909000062,10.1307697310001],[124.915687561000027,10.131239891000064],[124.918891907000102,10.13442993200016],[124.930458069000224,10.146730424000054],[124.938926696000067,10.154339790000108],[124.947631836000028,10.137630462000118],[124.953376770000204,10.128060341000094],[124.958282470000199,10.120220184],[124.96922302300004,10.101420403000191],[124.971153258000186,10.09825992500015],[124.978172302000075,10.085330009000018],[124.982009887000231,10.079620362000071],[124.984092712,10.075360299000067],[124.987213136000037,10.071180344000027],[124.989059447000159,10.067749978000052],[124.989433290000079,10.067070008000087],[124.991409302000193,10.063420295000185],[124.996856690000072,10.053099632000055],[124.998786926000093,10.049460411000098],[125.000709533000077,10.046429634000106],[125.009178162000126,10.029450416000145],[125.008613586000138,10.029439927000055],[125.00833129800003,10.029720306000058],[125.007217408000201,10.029720306000058]]]]}},
{"type":"Feature","properties":{"fid":10,"GID_2":"PHL.71.10_1","GID_0":"PHL","COUNTRY":"Philippines","GID_1":"PHL.71_1","NAME_1":"Southern Leyte","NL_NAME_1":"NA","NAME_2":"Malitbog","VARNAME_2":"NA","NL_NAME_2":"NA","TYPE_2":"Bayan|Munisipyo","ENGTYPE_2":"Municipality","CC_2":"86409","HASC_2":"PH.SL.ML"},"geometry":{"type":"MultiPolygon","coordinates":[[[[125.008613586000138,10.119999886000073],[125.008888244000104,10.119720458000074],[125.008888244000104,10.119170190000034],[125.009147644000222,10.118900300000064],[125.009162902000071,10.118729592000136],[125.009162902000071,10.117580412999985],[125.009162902000071,10.116669655000123],[125.009078980000027,10.116580009000188],[125.008888244000104,10.116390229000103],[125.008888244000104,10.115559578000045],[125.00898742600009,10.115460396],[125.008972168000128,10.115349771000183],[125.000732422000056,10.117280006000101],[124.992149352000297,10.119170190000034],[124.977836609000065,10.122329713000056],[124.953376770000204,10.128060341000094],[124.947631836000028,10.137630462000118],[124.938926696000067,10.154339790000108],[124.93755340600012,10.156990052000026],[124.928657532000216,10.172280311000122],[124.925132752000081,10.178739549000056],[124.922851562000119,10.18432045000003],[124.920883178000167,10.190219879000097],[124.917297364000092,10.199660301000165],[124.915977478000173,10.202630043],[124.914413452000076,10.206629753000186],[124.913223266000159,10.21154975900015],[124.911361694000107,10.220040321999988],[124.910346984000057,10.223219871000083],[124.909431458000313,10.229689598999983],[124.937339783000084,10.231869698000025],[124.941398621000076,10.231599808000055],[124.953407287000118,10.232049942000174],[124.967987060000041,10.233759880000093],[124.970626831000232,10.234589576000133],[124.97279358000003,10.235070228000154],[124.974319459000071,10.235400201000175],[124.976409912000122,10.236450195000032],[124.978439332000107,10.235520362000102],[124.979187012000011,10.235179901000038],[124.979156493000232,10.234780312000112],[124.978668213000105,10.234219551000024],[124.978393555000025,10.233389855000098],[124.978111267000031,10.232150079],[124.978248596000185,10.231180191000078],[124.97817993200033,10.230420113000037],[124.978027343000235,10.22980022400003],[124.97817993200033,10.228899957000067],[124.978446960000042,10.227860451000026],[124.97901153600003,10.226690293],[124.979713439000079,10.226340294000067],[124.980163575000233,10.225589752000133],[124.980201722000288,10.22550964300018],[124.980621337000116,10.224060060000056],[124.980827332000217,10.222889900000041],[124.981109620000097,10.221989633000078],[124.980957030000127,10.22115993400007],[124.980476380000141,10.220540047000043],[124.97998809700016,10.219849587000112],[124.979431153000064,10.219019891000016],[124.979301453000176,10.218549729000017],[124.979156493000232,10.218059541000173],[124.978591919000223,10.217049599000063],[124.978416443000128,10.216730119000147],[124.978027343000235,10.216010095000058],[124.977500916000281,10.214440346000117],[124.977500916000281,10.213060379000069],[124.978607178000175,10.211939811999969],[124.978607178000175,10.211669922000056],[124.978813172000173,10.21146964999997],[124.979156493000232,10.211110115000167],[124.979156493000232,10.210829735000061],[124.979446412000016,10.210559845000091],[124.979446412000016,10.210280419000071],[124.979721070000096,10.210000038000089],[124.979721070000096,10.209440232000134],[124.98000335800009,10.209170342000164],[124.98000335800009,10.208880423999972],[124.97978210500014,10.208470344000148],[124.979583741000056,10.207639695000069],[124.97937011800002,10.206740381000088],[124.979232789000321,10.20479965200019],[124.979232789000321,10.204660416000024],[124.979438781000113,10.204319955000017],[124.97937011800002,10.203140259000122],[124.979393005000247,10.20300960600008],[124.979507447000174,10.202449800000124],[124.979637146000073,10.201760292000074],[124.980476380000141,10.200860023000132],[124.981391908000205,10.200280190000171],[124.98168182400002,10.19999027199998],[124.981941224000025,10.199720382000066],[124.981941224000025,10.199440003],[124.982368469000107,10.199020386000029],[124.982498170000099,10.198889733000158],[124.982482909000169,10.198610305000102],[124.982780456000114,10.198329926000099],[124.982780456000114,10.198060036000186],[124.983139037000228,10.19769954700007],[124.983261108000079,10.196990014000107],[124.983123779000039,10.19666004100003],[124.983047485000156,10.196510316],[124.983047485000156,10.196089744],[124.98332977400014,10.195819854000092],[124.98332977400014,10.195549964000122],[124.98332977400014,10.19250011400004],[124.983413695000081,10.191880227000183],[124.983688355000027,10.191390039000112],[124.983543396000073,10.190699576999975],[124.983757019000222,10.189869880000174],[124.983802796000191,10.189259529000026],[124.983833312000229,10.188770294000165],[124.983833312000229,10.187870026000098],[124.983772277000071,10.187140465000027],[124.983757019000222,10.186900139000045],[124.983909606000111,10.186479569000085],[124.984031677000189,10.18614006100006],[124.984176636000029,10.185520172000167],[124.984611511000026,10.184849740000118],[124.984802245000196,10.184550286000047],[124.98536682200006,10.183870316000082],[124.985427857000104,10.183790208000062],[124.985847474000025,10.18303013000002],[124.986656189000087,10.181389808],[124.987503052000079,10.180560112000137],[124.987777710000046,10.180560112000137],[124.98805236800024,10.180279731000098],[124.988327026000093,10.180279731000098],[124.988891602000081,10.179719925000143],[124.989166260000047,10.179719925000143],[124.989440918000014,10.179439544000104],[124.989723206000122,10.179439544000104],[124.989997864000088,10.179169654000191],[124.990280152000196,10.179169654000191],[124.990554810000162,10.178845406000164],[124.990837098000043,10.178890228000171],[124.991943360000164,10.177780151000036],[124.991943360000164,10.1774997710001],[124.992233276000093,10.17722034500008],[124.992233276000093,10.176939964000098],[124.992500306000011,10.176670074000128],[124.992500306000011,10.176389694000022],[124.992767334000064,10.176110268000173],[124.992767334000064,10.175829887000134],[124.993057252000085,10.17555999700005],[124.993057252000085,10.175279617000115],[124.993331910000052,10.175000191000095],[124.993331910000052,10.174719810000056],[124.993606568000246,10.174440385000139],[124.993606568000246,10.17416953999998],[124.993721008000307,10.174059867000096],[124.993888856000012,10.17389011400013],[124.993888856000012,10.173609733000148],[124.99416351400032,10.173330308],[124.99416351400032,10.173060418000091],[124.994453430000021,10.172780037000052],[124.994453430000021,10.172499656000014],[124.995002746000182,10.171939850000058],[124.995002746000182,10.171389579000106],[124.995277404000149,10.171110154000189],[124.995277404000149,10.170680046000143],[124.995277404000149,10.17055988300001],[124.995552064000094,10.170280457],[124.995552064000094,10.170000077000054],[124.995826722000061,10.169719696000072],[124.995826722000061,10.169440270000052],[124.99610900800019,10.169170380000082],[124.99610900800019,10.168890000000147],[124.997772218000136,10.167229652000117],[124.998611450000112,10.166390420000084],[124.999732972000174,10.165829659000167],[125.000000000000114,10.165559769000026],[125.000831604000155,10.164999961999968],[125.000831604000155,10.16388988500006],[125.001388550000229,10.163330079000104],[125.001388550000229,10.162779808000153],[125.00222015400027,10.161939620999988],[125.00222015400027,10.161669731000075],[125.002349853000055,10.161540032000062],[125.002433777000078,10.161457061000021],[125.002502442000036,10.161390306000101],[125.002502442000036,10.16082954400008],[125.003051758000197,10.160280229000023],[125.003051758000197,10.159440042000028],[125.003326416000164,10.159170152000115],[125.003326416000164,10.158610343000021],[125.003608704000044,10.158329965000121],[125.003608704000044,10.15806007499998],[125.003890992000152,10.157779694000169],[125.003890992000152,10.157219888000043],[125.004173278000053,10.156940460000158],[125.003936767000141,10.156709671000158],[125.003936767000141,10.156229973999984],[125.00404357900004,10.156069756000079],[125.004173278000053,10.15583038300008],[125.004173278000053,10.155559540000127],[125.003890992000152,10.155280114000107],[125.003890992000152,10.154720306000172],[125.003608704000044,10.154439927000112],[125.003608704000044,10.154170037000029],[125.00335693400018,10.153920173000131],[125.003326416000164,10.153610229000037],[125.001106262000121,10.15139007700003],[125.001106262000121,10.151109696],[125.000892639000085,10.150890351000044],[125.000831604000155,10.150830269000096],[125.000831604000155,10.150560378000023],[125.000679017000039,10.150409699000079],[125.000556946000188,10.150280000000123],[125.000556946000188,10.149720192000132],[125.000267030000145,10.149720192000132],[125.000267030000145,10.14943981100015],[125.000267030000145,10.147979737000128],[125.000267030000145,10.146940231000087],[125.000556946000188,10.146670341000117],[125.000556946000188,10.145350457000177],[125.000556946000188,10.144439697000109],[125.000717163000218,10.144269943000097],[125.000831604000155,10.144169809000175],[125.000831604000155,10.143890381000176],[125.001106262000121,10.143610000000137],[125.001106262000121,10.143059732000097],[125.001953124000011,10.142219545000103],[125.001953124000011,10.14194965500019],[125.002502442000036,10.141389846000095],[125.002502442000036,10.141110420000075],[125.003326416000164,10.140279769000188],[125.003326416000164,10.140000343000168],[125.003608704000044,10.139719963000061],[125.003608704000044,10.139439582000023],[125.003890992000152,10.13916969200011],[125.003890992000152,10.138890266000089],[125.004722596000192,10.138059617000181],[125.004722596000192,10.137780189000125],[125.00527954000006,10.137220383],[125.00527954000006,10.136940003000063],[125.005546570000206,10.136670112000047],[125.005546570000206,10.136110306000091],[125.005836486000021,10.135829926000156],[125.005836486000021,10.13556003500014],[125.006668090000062,10.134719849000078],[125.006668090000062,10.134169578000126],[125.00694275,10.133890152000049],[125.007339477000073,10.133489608000161],[125.007720947000053,10.133009911000158],[125.007972718000019,10.132410049999976],[125.008186341000169,10.131779671000174],[125.008232116000158,10.131469725999978],[125.008262635000051,10.131199836000064],[125.008270263000213,10.131099701000039],[125.008293151000089,10.130439758000023],[125.008270263000213,10.129790307000064],[125.008277893000127,10.129179954000108],[125.008323670000095,10.128600121000147],[125.00833129800003,10.12802028700014],[125.00833129800003,10.127449990000116],[125.00833129800003,10.126890182000182],[125.00833129800003,10.126319885000157],[125.00833129800003,10.125749588000133],[125.00833129800003,10.12516021800019],[125.008308412000019,10.12458038300008],[125.00833129800003,10.124170304000188],[125.008216858000083,10.124059677],[125.008056640000063,10.123889922999979],[125.008056640000063,10.121669769000164],[125.00833129800003,10.121390344000019],[125.00833129800003,10.120559692000029],[125.008613586000138,10.120280267000112],[125.008613586000138,10.119999886000073]]]]}},
{"type":"Feature","properties":{"fid":11,"GID_2":"PHL.71.11_1","GID_0":"PHL","COUNTRY":"Philippines","GID_1":"PHL.71_1","NAME_1":"Southern Leyte","NL_NAME_1":"NA","NAME_2":"Padre Burgos","VARNAME_2":"NA","NL_NAME_2":"NA","TYPE_2":"Bayan|Munisipyo","ENGTYPE_2":"Municipality","CC_2":"86410","HASC_2":"PH.SL.PD"},"geometry":{"type":"MultiPolygon","coordinates":[[[[125.023101807000103,10.020990372000028],[125.023277283000198,10.020509719000131],[125.023376465000069,10.020009996000113],[125.02351379400011,10.01951980500013],[125.023612976000209,10.019000053000127],[125.02371215800008,10.018469811000102],[125.023902893000127,10.017979623000031],[125.02414703400018,10.017519951000054],[125.024406433000195,10.017060280000123],[125.024620056000231,10.016559601000154],[125.024780274000136,10.016039849000151],[125.025016785000048,10.015560150000169],[125.02530670100009,10.015139579999982],[125.025627136000026,10.014769555000044],[125.025993348000156,10.014430047000189],[125.026329041000281,10.014089586000182],[125.026641846000189,10.013699532000032],[125.026908874000014,10.013250351000067],[125.027107238000099,10.012729644999979],[125.027267455000128,10.012209893000147],[125.027496338000105,10.011710167],[125.027770996000186,10.01121044100006],[125.028030396000077,10.010680199000035],[125.028228760000047,10.010169982000036],[125.028259277000302,10.010100364000152],[125.028518676000203,10.00949955100009],[125.028671264000195,10.008799553000074],[125.028892516000042,10.008110046000127],[125.029113769000105,10.007390022000038],[125.029136658000198,10.006600380000066],[125.029029845000082,10.005840302000081],[125.02857208200021,10.005240441000126],[125.02797699100006,10.004770279000127],[125.027511597000057,10.004549980999968],[125.027313232000097,10.004449844000135],[125.026657104000037,10.004170418000115],[125.025833130000024,10.004170418000115],[125.025573731,10.004440308000085],[125.02528381400009,10.004440308000085],[125.025001526000096,10.004719734000105],[125.024719238000102,10.004719734000105],[125.024169922000056,10.005279541000164],[125.023887634000175,10.005279541000164],[125.023330688000101,10.005829811000183],[125.023063660000048,10.005829811000183],[125.022781372000168,10.006110192000051],[125.022216796000293,10.006110192000051],[125.021942138000099,10.006389618000071],[125.021667480000019,10.006389618000071],[125.021110534000059,10.00693988800009],[125.020843506000233,10.00693988800009],[125.018783570000096,10.008999825000103],[125.018333434000169,10.009440423000171],[125.018333434000169,10.009719849000021],[125.018058776000203,10.010000229000127],[125.018058776000203,10.010299683000028],[125.018058776000203,10.010800362000168],[125.017868042000032,10.011349678000101],[125.017799377000074,10.011770249],[125.017662048000034,10.012180328999989],[125.017242433000206,10.012740135000172],[125.017173767000031,10.013079642999969],[125.017173767000031,10.013500213000157],[125.016891479000151,10.01391029500013],[125.016693115000066,10.014329910000129],[125.016471862000117,10.014739991000056],[125.016052247000175,10.01508998800017],[125.015846252000074,10.015640259000122],[125.015640258000076,10.015990257000112],[125.015502929000036,10.01618957400018],[125.015151977000073,10.016260147000082],[125.015083314000208,10.016539573000102],[125.014732360000266,10.016819954000141],[125.014381409000066,10.017089844000054],[125.013816833000078,10.017510414000071],[125.013542175000111,10.01861],[125.012779236000142,10.018890381000119],[125.012496948000035,10.019169809000118],[125.012496948000035,10.020000458000027],[125.012222290000068,10.020279884000047],[125.012222290000068,10.020680427000059],[125.012222290000068,10.021389961000125],[125.011947632000101,10.02167034100006],[125.011947632000101,10.021940231000031],[125.011672974000135,10.022219659000029],[125.011947632000101,10.022500038000089],[125.011947632000101,10.022780417999968],[125.012496948000035,10.023329734000129],[125.012496948000035,10.023610115000167],[125.012779236000142,10.02388954200012],[125.013267517000145,10.024379729999964],[125.013267517000145,10.024930001000143],[125.013130188000218,10.025349618000121],[125.012847900000111,10.025629997000124],[125.012222290000068,10.025830268999982],[125.012222290000068,10.026109696000105],[125.011901855000133,10.026430129000062],[125.011672974000135,10.026670456000147],[125.011672974000135,10.026940346000117],[125.010246277000078,10.028349877000096],[125.009178162000126,10.029450416000145],[125.000709533000077,10.046429634000106],[124.998786926000093,10.049460411000098],[124.996856690000072,10.053099632000055],[124.991409302000193,10.063420295000185],[124.989433290000079,10.067070008000087],[124.989059447000159,10.067749978000052],[124.987213136000037,10.071180344000027],[124.984092712,10.075360299000067],[124.982009887000231,10.079620362000071],[124.978172302000075,10.085330009000018],[124.971153258000186,10.09825992500015],[124.96922302300004,10.101420403000191],[124.958282470000199,10.120220184],[124.953376770000204,10.128060341000094],[124.977836609000065,10.122329713000056],[124.992149352000297,10.119170190000034],[125.000732422000056,10.117280006000101],[125.008972168000128,10.115349771000183],[125.00898742600009,10.115460396],[125.009162902000071,10.115280152000025],[125.009162902000071,10.114029884000161],[125.009162902000071,10.113889695000182],[125.009452820000092,10.113610267000126],[125.009452820000092,10.113340379000022],[125.009719848000145,10.113059997999983],[125.009719848000145,10.112910271000146],[125.009719848000145,10.112500190000048],[125.01027679400022,10.111940384000093],[125.01027679400022,10.11139011500012],[125.0105590820001,10.111109734000081],[125.0105590820001,10.10972023000005],[125.01027679400022,10.10972023000005],[125.01027679400022,10.109169961000077],[125.0105590820001,10.108889580000096],[125.0105590820001,10.108610153000143],[125.010833740000066,10.10832977400014],[125.010833740000066,10.10805988400017],[125.011108398000147,10.107780456000171],[125.011108398000147,10.107580184000085],[125.011108398000147,10.107500076000065],[125.011390686000027,10.107219697],[125.011390686000027,10.106670379000036],[125.011947632000101,10.106109620000097],[125.011672974000135,10.105830192000099],[125.011741638000103,10.10523033200019],[125.011932374000025,10.104680061000067],[125.012100219000217,10.104149819000042],[125.012252807000209,10.103639602000044],[125.012466431000121,10.103179933000092],[125.012817383000197,10.102760316000115],[125.013206481000225,10.102379798000072],[125.013610840000069,10.101940155000023],[125.013893128000291,10.101940155000023],[125.014167786000144,10.101670265000052],[125.015830994000225,10.101670265000052],[125.016113282000106,10.101940155000023],[125.016670226000201,10.101389884000014],[125.017219544000227,10.101389884000014],[125.017501830000128,10.101110459000097],[125.017501830000128,10.100830078000058],[125.019157410000162,10.099169732],[125.01944732600009,10.099169732],[125.019950867000148,10.098660469000095],[125.020278930000018,10.098329543000034],[125.020278930000018,10.0980596550001],[125.020843506000233,10.097499847000165],[125.020278930000018,10.096940040999982],[125.020553588000212,10.096670151000069],[125.020553588000212,10.096110344000181],[125.020843506000233,10.095829964000075],[125.020843506000233,10.094440461000147],[125.021110534000059,10.094169616000045],[125.021110534000059,10.093330384000012],[125.021667480000019,10.09278011300006],[125.021667480000019,10.092499733000125],[125.021942138000099,10.092220307000105],[125.021667480000019,10.091939926000123],[125.02249908400006,10.091110230000027],[125.02249908400006,10.090829848999988],[125.022781372000168,10.090559959000075],[125.022781372000168,10.090279579000139],[125.023330688000101,10.08971977200008],[125.023330688000101,10.088609695000173],[125.023612976000209,10.088330270000029],[125.023612976000209,10.088060379000183],[125.023887634000175,10.087779999000077],[125.023612976000209,10.087499618000038],[125.023887634000175,10.087220193000121],[125.023887634000175,10.086110116000043],[125.023612976000209,10.085829735000175],[125.023887634000175,10.085559845000034],[125.023612976000209,10.085280419000014],[125.023612976000209,10.084170342000107],[125.023330688000101,10.083889962000171],[125.023612976000209,10.083609581000132],[125.023750305000135,10.083129883000083],[125.023788452000304,10.08259010300003],[125.023666381000112,10.08211994100003],[125.023620605000019,10.081640244000027],[125.023612976000209,10.081139565000058],[125.023612976000209,10.080619813000055],[125.023612976000209,10.080060005000121],[125.023612976000209,10.07948017200016],[125.023612976000209,10.078869819000033],[125.023612976000209,10.078269958000021],[125.023582458000192,10.077659607000101],[125.023567199000013,10.077079773000094],[125.02362823500016,10.076539994000086],[125.023689270000091,10.076029778000134],[125.023612976000209,10.075559616000135],[125.023330688000101,10.075280190000115],[125.023338318000015,10.074310303000061],[125.023361207000221,10.072340013000144],[125.023498536000147,10.070819854000035],[125.023498536000147,10.069860459000154],[125.023361207000221,10.069439887000158],[125.023269653000284,10.068340303000127],[125.023277283000198,10.067740440000136],[125.023300172000063,10.067079543999967],[125.023323060000166,10.066439629000058],[125.023307800000111,10.065830230000188],[125.023323060000166,10.06521987900004],[125.023330688000101,10.064609528000062],[125.023330688000101,10.063890457000184],[125.023063660000048,10.063610076000145],[125.023063660000048,10.063329696000039],[125.023330688000101,10.063059808000105],[125.023330688000101,10.062499999000067],[125.023612976000209,10.062219621000111],[125.023460389000093,10.061599732000104],[125.023612976000209,10.060359953999978],[125.023612976000209,10.059670449000066],[125.023880004000034,10.05869960900003],[125.023880004000034,10.057180405000111],[125.023689270000091,10.054349900000091],[125.023841857000207,10.053730011000084],[125.024063110000156,10.05315971400006],[125.024246216000165,10.052650453000069],[125.024520874000018,10.05218029100007],[125.024833679000039,10.051699638],[125.025146483000185,10.051219941000056],[125.025352478000059,10.05068016000007],[125.025581359000057,10.050169944000118],[125.025833130000024,10.049699784000097],[125.026077270000201,10.049249649000103],[125.026268006000123,10.048769951],[125.026443482000104,10.048270225000067],[125.02662658700001,10.047789575000081],[125.02673339800026,10.047240257000112],[125.026947022000172,10.046669960000088],[125.026657104000037,10.046389579000049],[125.026947022000172,10.046110154000132],[125.026947022000172,10.045559883000124],[125.026657104000037,10.045280457000104],[125.026657104000037,10.044719696000186],[125.026390076000098,10.044440270000166],[125.026390076000098,10.043330193000031],[125.026107788000218,10.043060303000118],[125.026107788000218,10.042659760000106],[125.026107788000218,10.042499542000144],[125.025833130000024,10.042220116000124],[125.025833130000024,10.041939736000188],[125.025558472000057,10.041669846000048],[125.025558472000057,10.041110039000046],[125.025001526000096,10.04055976900014],[125.025001526000096,10.04028034300012],[125.023612976000209,10.038889885000174],[125.023612976000209,10.038610460000086],[125.022781372000168,10.037779808000096],[125.022781372000168,10.037500383000122],[125.021942138000099,10.036669731000188],[125.021942138000099,10.036390306000044],[125.021667480000019,10.036109925],[125.021667480000019,10.035829544000023],[125.020843506000233,10.034999848000098],[125.020843506000233,10.034720420000099],[125.020553588000212,10.034440042000142],[125.020553588000212,10.034199715000057],[125.019996642000137,10.033610342999964],[125.019996642000137,10.033329965000064],[125.01944732600009,10.032779694000112],[125.019241334000185,10.032520294000108],[125.018890380000016,10.032079696000096],[125.01866912700018,10.031660079000062],[125.018753051000317,10.031049728000141],[125.018821717000151,10.030329704000053],[125.018730163000214,10.029840468999964],[125.019180299000141,10.029290200000048],[125.019248962000233,10.028650283000104],[125.019470215000183,10.028050423000025],[125.019752503000063,10.027449607000051],[125.020011902000078,10.026820182000108],[125.020278930000018,10.026180267000029],[125.020561218000125,10.025560379000069],[125.020866395000212,10.024979591000147],[125.021202088000223,10.024419785000021],[125.02159881700004,10.023940087000085],[125.021911622000061,10.023429871000189],[125.022262573000262,10.022999763000087],[125.022521973000039,10.022609710000097],[125.022560120000094,10.022390365000149],[125.022583008000083,10.022279740000158],[125.022758484000178,10.021900177000077],[125.022949218,10.021470069000031],[125.023101807000103,10.020990372000028]]]]}},
{"type":"Feature","properties":{"fid":12,"GID_2":"PHL.71.12_1","GID_0":"PHL","COUNTRY":"Philippines","GID_1":"PHL.71_1","NAME_1":"Southern Leyte","NL_NAME_1":"NA","NAME_2":"Pintuyan","VARNAME_2":"NA","NL_NAME_2":"NA","TYPE_2":"Bayan|Munisipyo","ENGTYPE_2":"Municipality","CC_2":"86411","HASC_2":"PH.SL.PN"},"geometry":{"type":"MultiPolygon","coordinates":[[[[125.266357421000293,9.915519714000084],[125.267272949000017,9.91090965300009],[125.267303466000158,9.910820007000154],[125.26735687300004,9.910220146000142],[125.267410278000284,9.90970039400014],[125.266387940000072,9.909440042000085],[125.266052247000061,9.909250260000022],[125.265167236000138,9.90927028699997],[125.264442444000224,9.909440042000085],[125.26219177300004,9.910030365000182],[125.261222838000094,9.91030979300001],[125.260169984000072,9.911140442000089],[125.259269714000197,9.911760331000153],[125.258361817000036,9.912309647000086],[125.257247924000012,9.91287040800006],[125.256828307000205,9.913350105000063],[125.255996703000164,9.913840293000078],[125.255546570000092,9.914440156000069],[125.255546570000092,9.914719582000089],[125.255279542000039,9.914999962000024],[125.255279542000039,9.915280343000063],[125.254722596000192,9.915829659000053],[125.254722596000192,9.916110039000159],[125.254173278000167,9.916669846],[125.254051209000068,9.917209626000101],[125.254020691000051,9.917329789000178],[125.253936767000027,9.917590141000062],[125.253890992000265,9.917779923000126],[125.253753663000225,9.919810295000048],[125.253608704000044,9.920280457000047],[125.253608704000044,9.920559883000067],[125.25332641600005,9.920829773000037],[125.25332641600005,9.921110154000075],[125.253051758000083,9.921389580000096],[125.253051758000083,9.921669960000031],[125.252777100000117,9.921939850000115],[125.252777100000117,9.922220231000153],[125.252220154000042,9.922780037000109],[125.252204895000091,9.923390388000087],[125.25195312600033,9.923609734000081],[125.25195312600033,9.924169540000037],[125.251678466000158,9.924449919999972],[125.251640319000103,9.924599647000036],[125.251602172000048,9.924940109000147],[125.251541137000117,9.925029755000082],[125.251388550000115,9.925279617000172],[125.251388550000115,9.925559997000107],[125.251106262000121,9.925829888000123],[125.251007080000022,9.926850319999971],[125.250747680000245,9.927229881000073],[125.250503541000057,9.927490235000107],[125.250267030000259,9.928330422000045],[125.250129701000219,9.928420067000104],[125.249732972000174,9.929169654000077],[125.249702453000054,9.929659844000128],[125.249633790000075,9.931260109000107],[125.249618530000248,9.931460381000136],[125.249168396000186,9.932220459000121],[125.248916626000096,9.93377018000001],[125.248802186000034,9.934379578000176],[125.248756409000066,9.934519767000154],[125.248733520000087,9.93463993000006],[125.248611450000112,9.935000420000051],[125.248611450000112,9.935279846000071],[125.248443604000045,9.935449601000187],[125.248336792000032,9.935560226000177],[125.248336792000032,9.935830116000091],[125.247779846000185,9.936389923000149],[125.24775695700032,9.937930107000057],[125.24775695700032,9.938710213000093],[125.247650147000058,9.93900966700005],[125.247497558000077,9.939439773000061],[125.247497558000077,9.941929817000073],[125.247497558000077,9.943050385000049],[125.247917175000111,9.94394016300015],[125.248039245000086,9.94447040600005],[125.248046876000103,9.944740296000134],[125.248046876000103,9.945280076000074],[125.248413085000038,9.945850373000098],[125.248512268000013,9.947649955000145],[125.248336792000032,9.948329927000088],[125.248046876000103,9.948349953000104],[125.247802734000288,9.948610304999988],[125.247581482000101,9.949069977000022],[125.246917725000344,9.949890137000011],[125.24639129600007,9.950559616000078],[125.246177673000034,9.950779914000179],[125.245826722000061,9.951390268000068],[125.245643616000166,9.951490402],[125.245140075000336,9.9520702370001],[125.245048523000037,9.952219964000165],[125.244941710000035,9.952389717000074],[125.244598389000089,9.952850341000158],[125.244346620000329,9.953260423000188],[125.243888856000126,9.954170228000066],[125.243553162000012,9.954719544],[125.243293763000338,9.955069543000093],[125.243057252000085,9.955559731000164],[125.242576599000017,9.956460000000163],[125.242233276000093,9.957360268],[125.242027283000198,9.957639695000125],[125.241836547000048,9.957949638000116],[125.241638183000191,9.958279610000034],[125.241111756,9.958820343000127],[125.240623475,9.959469796000121],[125.240386962000116,9.959650040000099],[125.240196228000286,9.95995044700004],[125.24001312200005,9.960309983000116],[125.239593507000109,9.960809707000067],[125.239036561000034,9.96127033300013],[125.238891602000194,9.961389541000074],[125.238746643000013,9.9615402230001],[125.238471985000047,9.961779595],[125.238319397000168,9.961999893000097],[125.237892150000107,9.962450028000148],[125.236610412000118,9.963040351000075],[125.235580444000107,9.963489531999983],[125.235328675000119,9.963609695000116],[125.234931946000074,9.963809967000145],[125.234153747000164,9.964139938000187],[125.233512879000045,9.96448993700011],[125.233253480000144,9.964550019000114],[125.232093811000027,9.964819909000028],[125.230972290000068,9.964889528000015],[125.22955322200005,9.964599609000118],[125.228576661000034,9.964240075000021],[125.228057861000025,9.964170457000137],[125.227500915000178,9.963609695000116],[125.225280761000135,9.963330270000142],[125.224716187000126,9.96306038],[125.224357605000137,9.962590218],[125.224243165000075,9.962530137000101],[125.224021912000012,9.96243],[125.223243713000329,9.962409974000025],[125.223007202000076,9.962719918000118],[125.223030091000055,9.96304988900016],[125.223106384000062,9.963589669000044],[125.223213197000291,9.964159966000068],[125.222961425000108,9.964719772000024],[125.222976684000173,9.96514988000007],[125.223022461000141,9.965559959000188],[125.223060607000093,9.96588993],[125.222892762000015,9.966290474000118],[125.222671509000065,9.966650010000023],[125.22263336200001,9.967009545],[125.222381593000023,9.967519761000119],[125.222236634000069,9.967980385000033],[125.221946715000172,9.968350410000028],[125.221626282000216,9.968709947000036],[125.221527100000117,9.968819619000044],[125.221107483000196,9.96944046100009],[125.221107483000196,9.970279693000066],[125.221389771000077,9.970560074000048],[125.221389771000077,9.970829964000188],[125.221366883000087,9.97111988],[125.22135925300006,9.971289635000119],[125.221267701000102,9.972160339000027],[125.221260071000188,9.972590446000027],[125.221130372000175,9.972979546999966],[125.220916747000047,9.973420143],[125.220588684000177,9.97397995100016],[125.220298768000134,9.974269867000146],[125.220153809000294,9.974379540000086],[125.219627381000123,9.974780084000031],[125.21938324000007,9.975060462000101],[125.219032288000108,9.975130079999985],[125.218681335000156,9.975179673000127],[125.21671295200008,9.97681999200006],[125.216369629000042,9.977109910000024],[125.216232300000115,9.977419853000185],[125.215309144000116,9.979530334000117],[125.214843750000114,9.979820252000138],[125.214523315000179,9.980139732000112],[125.214179993000016,9.98064994900011],[125.214073181000117,9.980819702000019],[125.213813782000216,9.981019974000105],[125.213333129000148,9.98134040900004],[125.212783813000101,9.98194026900012],[125.212783813000101,9.982780456000114],[125.211936951000098,9.983610153000086],[125.211387635000051,9.983889581000085],[125.211219788000108,9.984129907000124],[125.211036682000099,9.98425960600008],[125.210960388000217,9.984499932000062],[125.210571290000303,9.984769822000032],[125.210083007000321,9.985210420000044],[125.209999085000163,9.985280038000155],[125.209709167000142,9.986069680000128],[125.209571838000215,9.986499785999968],[125.209251403000053,9.986920358000134],[125.208892823000042,9.987779618],[125.208526611000025,9.989819526000019],[125.208488464000084,9.990059852],[125.208358764000081,9.990349771000126],[125.20821380700022,9.990750312000159],[125.208137513000111,9.991109849000111],[125.207946777000188,9.99135971100003],[125.207893372000058,9.991789817999972],[125.207679749000249,9.99271011400009],[125.207221985000047,9.993610381000053],[125.207221985000047,9.994029998000087],[125.207077026000206,9.994790077000175],[125.207107545000326,9.995260239000174],[125.206993102000183,9.995650292],[125.20678711000005,9.995920182000134],[125.206596374000014,9.996290207000129],[125.205833435000045,9.997500421000041],[125.205429076000087,9.998720167999977],[125.20501708900008,9.999270439000156],[125.204696655000021,9.999719620000121],[125.204589844000111,9.999839783000027],[125.204437255000016,10.000000001000103],[125.204170227000304,10.000559807000059],[125.204170227000304,10.000829697000029],[125.20361328100023,10.001390458000117],[125.20361328100023,10.00197982800006],[125.20361328100023,10.002220154000042],[125.203330993,10.002499580000062],[125.203330993,10.00360965699997],[125.203056335000156,10.003890038000179],[125.203056335000156,10.004719734000105],[125.202766419000113,10.005000115000087],[125.202766419000113,10.005279541000164],[125.201942443,10.006110192000051],[125.201683045000209,10.006609917999981],[125.201393127000074,10.007040023000116],[125.201316833000078,10.007169724000107],[125.201118469000221,10.007490159000099],[125.20086670000012,10.00798988300005],[125.200736999000128,10.008569717000057],[125.200683594000225,10.008966446000102],[125.203346253000177,10.00918960600012],[125.207229613000095,10.016539573000102],[125.210418700000105,10.018899918999978],[125.217521668000018,10.02361965200015],[125.218383788000097,10.049599647000093],[125.225402832000213,10.036829949000094],[125.230667114000198,10.025449753000146],[125.234069823000141,10.019450187000075],[125.240379334000181,10.008429528000079],[125.240623475,10.00798988300005],[125.242637635000051,10.00426960100009],[125.244903564000083,10.000969886000178],[125.247810364000088,9.993499756000062],[125.250991821000071,9.989020348000167],[125.251296998000043,9.986559867999972],[125.252777100000117,9.983969689000162],[125.255096436000031,9.979780198000185],[125.256286622000061,9.978380203000086],[125.25879669200026,9.973179817000016],[125.259216309000067,9.972319603000074],[125.263046264000195,9.9644098280001],[125.266548157000102,9.959520341000143],[125.268951415000174,9.959790229000077],[125.269126891000155,9.959810257000129],[125.271797181000125,9.96010971100003],[125.278121948000035,9.953550339000174],[125.287322999000025,9.942790032000062],[125.28814697200005,9.942049980000149],[125.289619446000074,9.940979958000071],[125.28903961200001,9.93900966700005],[125.288612366000052,9.938879967000105],[125.2882614130001,9.938770294000051],[125.286109924000129,9.939129831],[125.285301209000068,9.939259529000083],[125.284599304000039,9.939370155000177],[125.282958984000174,9.938529968000012],[125.281303406,9.938380241000175],[125.279243470000097,9.938920021000058],[125.277030944000103,9.937509537000096],[125.273536683000088,9.933259963000182],[125.269081116000166,9.927490235000107],[125.265739440000061,9.923089982000079],[125.266357421000293,9.915519714000084]]]]}},
{"type":"Feature","properties":{"fid":13,"GID_2":"PHL.71.13_1","GID_0":"PHL","COUNTRY":"Philippines","GID_1":"PHL.71_1","NAME_1":"Southern Leyte","NL_NAME_1":"NA","NAME_2":"Saint Bernard","VARNAME_2":"NA","NL_NAME_2":"NA","TYPE_2":"Bayan|Munisipyo","ENGTYPE_2":"Municipality","CC_2":"86412","HASC_2":"PH.SL.SI"},"geometry":{"type":"MultiPolygon","coordinates":[[[[125.110237121000182,10.239439965000088],[125.109626770000204,10.243129731000067],[125.108413695000081,10.250340461000178],[125.107536316000051,10.255900384000029],[125.106689454000161,10.258859635000022],[125.104049683000198,10.271960259000025],[125.10343170200008,10.276849746000039],[125.102218627000184,10.286399841000161],[125.102127075000112,10.288089753000179],[125.102119445000312,10.288279533999969],[125.102043152000306,10.289750100000163],[125.099441527000067,10.30037021600009],[125.098960877000081,10.30253982500011],[125.09693908700001,10.311869622000188],[125.096397400000228,10.31544971500017],[125.095809937000013,10.319939613000031],[125.094757080000022,10.328109741000162],[125.094482422000056,10.331310273000099],[125.092346192000036,10.342800141000055],[125.091400146000069,10.345399856000142],[125.090667724000014,10.350480079000135],[125.090057373000036,10.354720115000134],[125.088653564000197,10.35848045400013],[125.088783265000188,10.361960412000087],[125.08659362800006,10.369890213000133],[125.086036682000213,10.374859811000078],[125.111213684000063,10.375610350999978],[125.127723695000213,10.376640320000035],[125.129882813000108,10.372540475],[125.131858826000098,10.365710258000036],[125.134933473000046,10.358119964000139],[125.137130738000224,10.352809906000061],[125.143180847000167,10.339229584000122],[125.143852233000075,10.337530137000158],[125.148361207000107,10.32732009900019],[125.150138855000137,10.32227993000015],[125.154830933000198,10.310020448000103],[125.155769349000025,10.301130294000131],[125.157096864000209,10.293109893000064],[125.15776062000009,10.277090072000021],[125.158996583000089,10.267780304000098],[125.159156800000119,10.266779899000028],[125.158332824000126,10.266949654000143],[125.15805816600016,10.267219544999989],[125.157501220000086,10.267219544999989],[125.157218932000205,10.267499923000116],[125.156936646000077,10.267499923000116],[125.156669616000045,10.267780304000098],[125.156112670000084,10.267780304000098],[125.155830384000069,10.268059731000051],[125.155563354000151,10.268059731000051],[125.155281066000043,10.268329622000124],[125.154998780000142,10.268329622000124],[125.154716492000034,10.26861],[125.154441834000068,10.26861],[125.154167174000122,10.268890381000062],[125.153892516000269,10.268890381000062],[125.153610230000027,10.269169808000186],[125.153343201000212,10.269169808000186],[125.153053284000066,10.269439697],[125.152778626000099,10.269439697],[125.152496338000219,10.269720077000102],[125.151756286000136,10.270319940000093],[125.15104675300006,10.271010400000023],[125.1503601080002,10.271570205999978],[125.149803162000126,10.272120477000158],[125.149246216000051,10.272399903000178],[125.14826965300017,10.273360253000021],[125.147163391000163,10.274049759999969],[125.147087097000053,10.274100305000161],[125.146003724000025,10.274809838000181],[125.145896912000012,10.274880409000048],[125.145339966000165,10.275300026000025],[125.144653321000078,10.275569916000165],[125.144081116000052,10.275710105000144],[125.143333434000056,10.276109696000049],[125.142776490000188,10.276109696000049],[125.142158509000069,10.276729583000133],[125.141761780000024,10.277119636000123],[125.140502929000036,10.277259828000012],[125.139106751000213,10.27754020600014],[125.13902282700019,10.27754020600014],[125.138687134000179,10.27754020600014],[125.138442992000023,10.277660369000046],[125.138351440000292,10.277700424000045],[125.13757324200003,10.278089524000109],[125.137016296000184,10.278089524000109],[125.136466980000023,10.278200149000099],[125.136322021000183,10.278229713000087],[125.135757446000071,10.277950288000113],[125.135200500000224,10.27754020600014],[125.134933473000046,10.277119636000123],[125.134086608000075,10.276849746000039],[125.132972718000019,10.276570320000189],[125.132110596000189,10.27641010300016],[125.131439209000064,10.275739669000075],[125.131156921000184,10.274769784000057],[125.130836486000021,10.274439813000185],[125.130836486000021,10.273329736000107],[125.130546570000092,10.273059846000137],[125.130546570000092,10.272780418000139],[125.130279542000153,10.2725000370001],[125.130279542000153,10.271670341],[125.129997254000045,10.271389962000171],[125.129966735000153,10.271089554000184],[125.129722596000079,10.270830154000066],[125.129600525000228,10.27044010100019],[125.129386903000068,10.270019531000059],[125.129158020000091,10.269610405000094],[125.128898620000086,10.26922035299998],[125.128662109000174,10.268810272000053],[125.12848663300008,10.268349647999969],[125.128303527000185,10.267900467],[125.128036499000132,10.267490387],[125.127792358000079,10.267069818000152],[125.127586364000081,10.266610146000119],[125.127456665000068,10.266099930000166],[125.127243042000146,10.265620232000117],[125.127059936000023,10.265110016000165],[125.126907349000135,10.264599800000042],[125.126693726000099,10.264129640000021],[125.126533509000069,10.263620376000176],[125.126373292000039,10.263119698000139],[125.126152039000203,10.26264953600014],[125.126091003000056,10.262100219999979],[125.125976563000222,10.261549949000027],[125.125862122000058,10.261010171000123],[125.12584686200023,10.260800362000111],[125.125831604000041,10.260450363000189],[125.125831604000041,10.259860040000092],[125.125831604000041,10.259240151000029],[125.125831604000041,10.258609771000124],[125.125808715000176,10.257960321000041],[125.125679017000266,10.257340431999978],[125.125549316000161,10.256719590000159],[125.125267030000032,10.256110192000165],[125.125267030000032,10.251390458000117],[125.125556946000074,10.251110077000078],[125.125556946000074,10.250559807],[125.125831604000041,10.250280380999982],[125.125831604000041,10.249719620000064],[125.126106262,10.249440194000044],[125.126106262,10.249170304000074],[125.126388550000115,10.248889923000036],[125.126388550000115,10.2486095430001],[125.126663208000082,10.24833011700008],[125.126663208000082,10.248060227000167],[125.126953124000124,10.247779846000128],[125.126953124000124,10.246410370000149],[125.126663208000082,10.246109963000094],[125.126922607000097,10.245829582000056],[125.126937866000048,10.243610383000032],[125.127220154000156,10.243330003000096],[125.127220154000156,10.243060113000126],[125.127502442000036,10.242779732000145],[125.127502442000036,10.241109849000054],[125.127326966000282,10.240940094000166],[125.127220154000156,10.240830421000055],[125.127220154000156,10.239720344000148],[125.127502442000036,10.239439965000088],[125.127220154000156,10.239170075000175],[125.127441407000106,10.238949775000037],[125.127502442000036,10.238889695000069],[125.127220154000156,10.238610267000013],[125.127502442000036,10.23832988800018],[125.127502442000036,10.23805999800004],[125.127647399000239,10.237910271000032],[125.12777710000023,10.237779618000161],[125.12777710000023,10.237500192000084],[125.127647399000239,10.23736953800011],[125.127502442000036,10.237219811000102],[125.127502442000036,10.236390115000177],[125.127647399000239,10.236240388000169],[125.12777710000023,10.236109733999967],[125.12777710000023,10.235560417000102],[125.127647399000239,10.235440255000128],[125.127502442000036,10.235280038000099],[125.127502442000036,10.23499965700006],[125.127662659000066,10.23476028400006],[125.127861024000026,10.234450340000024],[125.127906799000016,10.233839988000113],[125.12799835300018,10.233289720000073],[125.128051758000083,10.232740402000104],[125.128059388000111,10.23217010500008],[125.128021241000056,10.231599808000055],[125.127868652000188,10.231049537000104],[125.12777710000023,10.230560302000185],[125.12777710000023,10.227660179000111],[125.12777710000023,10.227219583000078],[125.127868652000188,10.22712993600004],[125.128051758000083,10.226940155000079],[125.128051758000083,10.226389884000127],[125.12832641600005,10.226110458000051],[125.12832641600005,10.225279807],[125.128608704000158,10.225000381000143],[125.128608704000158,10.224439620000055],[125.128890992000038,10.224169732000064],[125.128890992000038,10.223609924000129],[125.12917327800028,10.223329543000091],[125.12917327800028,10.222499847000051],[125.129447938000112,10.222220420999975],[125.129447938000112,10.220829964000131],[125.129722596000079,10.220560074000048],[125.129722596000079,10.218609810000146],[125.129447938000112,10.218330384000126],[125.129447938000112,10.217780113000117],[125.12917327800028,10.217499733000011],[125.12917327800028,10.216110230000083],[125.128890992000038,10.215829849000045],[125.128890992000038,10.215559959000132],[125.12917327800028,10.215279579000025],[125.12917327800028,10.213890076000041],[125.128936767000027,10.213649750000059],[125.128890992000038,10.213330269000039],[125.128959655000131,10.213270187000035],[125.12917327800028,10.213060379000069],[125.12917327800028,10.211939811999969],[125.129447938000112,10.211669922000056],[125.129447938000112,10.211389541000187],[125.129722596000079,10.211110115000167],[125.129722596000079,10.210280419000071],[125.129997254000045,10.210000038000089],[125.130027771000073,10.209259987000053],[125.130203246000065,10.208660126000041],[125.130363464000197,10.208060265000086],[125.130569458000195,10.207480431000079],[125.130836486000021,10.206939698000156],[125.13111114600008,10.206669808000015],[125.13111114600008,10.206390382],[125.131393432000095,10.206110001000184],[125.131233215000066,10.20596027400012],[125.13111114600008,10.205829621000078],[125.13111114600008,10.205280305000088],[125.131942750000121,10.20444965400003],[125.132072449000134,10.204279900000188],[125.132347107000101,10.204090119],[125.133049012000015,10.20359039300007],[125.133468629000163,10.20289993300014],[125.133888244000104,10.202070237000044],[125.133888244000104,10.199410440000179],[125.132431030000021,10.199629785000127],[125.128952027000196,10.200220108],[125.122222900000224,10.201049804000093],[125.120216370000094,10.201499940000019],[125.115989685000045,10.202699661000111],[125.114311219000115,10.21335983300014],[125.110237121000182,10.239439965000088]]]]}},
{"type":"Feature","properties":{"fid":14,"GID_2":"PHL.71.14_1","GID_0":"PHL","COUNTRY":"Philippines","GID_1":"PHL.71_1","NAME_1":"Southern Leyte","NL_NAME_1":"NA","NAME_2":"San Francisco","VARNAME_2":"NA","NL_NAME_2":"NA","TYPE_2":"Bayan|Munisipyo","ENGTYPE_2":"Municipality","CC_2":"86413","HASC_2":"PH.SL.SF"},"geometry":{"type":"MultiPolygon","coordinates":[[[[125.200653077000084,10.00917625500017],[125.200576781000336,10.009469987000102],[125.200546265000298,10.009799957000041],[125.20050048800033,10.010450363000075],[125.200279235000039,10.01105022400003],[125.200057984000182,10.011650086000088],[125.199913025000114,10.012260438000169],[125.199638367000148,10.01274967300003],[125.199440003000063,10.013010025000085],[125.199317932000213,10.013179778],[125.19893646200012,10.013540267999986],[125.198516845000086,10.013839722000114],[125.198051453000289,10.014100074000112],[125.197608947000276,10.014389992000133],[125.197380066000051,10.014880180000034],[125.197059631000116,10.015270234000127],[125.196701050000229,10.015640259000122],[125.196357726000087,10.0160198210001],[125.195999145000087,10.016380311000091],[125.19555664100028,10.016670227000077],[125.193046571000082,10.019169809000118],[125.193046571000082,10.019439697000053],[125.191947937000123,10.020560264000153],[125.191947937000123,10.020830154000123],[125.191390991000048,10.021389961000125],[125.191390991000048,10.02167034100006],[125.190826417000039,10.022219659000029],[125.190826417000039,10.022500038000089],[125.190551759000073,10.022780417999968],[125.190551759000073,10.02291011900013],[125.190551759000073,10.023329734000129],[125.190277099000127,10.023610115000167],[125.190277099000127,10.025830268999982],[125.190002441000274,10.026109696000105],[125.190002441000274,10.026670456000147],[125.190551759000073,10.02721977300007],[125.190551759000073,10.029170037000142],[125.190277099000127,10.029439927000055],[125.190231324000138,10.030599594000023],[125.190002441000274,10.030830383000023],[125.190002441000274,10.031390191000128],[125.189720155000032,10.031669616999977],[125.189720155000032,10.031940460000101],[125.189453125000114,10.032219888000157],[125.189453125000114,10.032500266000056],[125.189033508000307,10.032919883000034],[125.188667298000041,10.03334045500003],[125.188346863000106,10.033749580000062],[125.188056945000085,10.03415966100016],[125.187767029000042,10.034549713999979],[125.187500001000217,10.034939766000093],[125.187232971000071,10.03532981900014],[125.186943055000143,10.035719872000186],[125.186668397000062,10.036149979000129],[125.186408997000171,10.036620139000149],[125.186157226000205,10.037139893000187],[125.185836793000021,10.037619591000066],[125.185478211000031,10.038109779000138],[125.185058594000225,10.03857040500003],[125.184669494000218,10.039059639000186],[125.184249879000049,10.039509774000066],[125.183883667000259,10.039990425000099],[125.183471680000025,10.040410042000133],[125.183067321000067,10.040809631000059],[125.182701111000142,10.041190148000169],[125.182327271000077,10.041560173000164],[125.181976317000021,10.041919708000137],[125.181617738000114,10.04226017100018],[125.181213379000155,10.04253959700003],[125.180831909000176,10.042849541000066],[125.180442810000045,10.043149948000121],[125.17996215800008,10.043379783000091],[125.179489136000029,10.04362011000012],[125.179023744000233,10.04389],[125.178710937000233,10.04405021700012],[125.178543091000165,10.044130326000072],[125.178009034000297,10.044340133000105],[125.177452088000223,10.044509889000153],[125.1769332880001,10.044750215000136],[125.176483155000255,10.045060157000023],[125.176086426000211,10.04545021000007],[125.175682067000025,10.045809747000021],[125.175239564000094,10.046110154000132],[125.174789428000054,10.046389579000049],[125.174346924000019,10.046660423999981],[125.17389678900031,10.04691982200012],[125.173423767000031,10.047160148000103],[125.172981263000224,10.047439576000158],[125.172508239000194,10.047699928000043],[125.172027588000105,10.047960280999973],[125.171730042000036,10.048110008000037],[125.171501159000172,10.048219680000045],[125.170967101000201,10.048480035000182],[125.170410155000127,10.048720361000164],[125.16986847000021,10.048839569000108],[125.169746399000132,10.04885959700016],[125.169021607000218,10.048930168000027],[125.168266297000059,10.04911995000009],[125.167503357000101,10.049229622000098],[125.166893005000134,10.049530029000039],[125.166397095000093,10.049949646000186],[125.165992736000135,10.050189972000169],[125.165863037000122,10.050270081000122],[125.165321349000124,10.050559997000164],[125.164802552000083,10.050809861000062],[125.164169312000013,10.051110268000116],[125.163887024000019,10.051110268000116],[125.163612366000166,10.051389694000136],[125.163330078000058,10.051389694000136],[125.16317749100017,10.051540376000162],[125.162483216000169,10.052220345000023],[125.162216186000137,10.052220345000023],[125.161941528000284,10.052499771000043],[125.161849976000212,10.052410126000041],[125.16166687000009,10.052220345000023],[125.16139221200001,10.052220345000023],[125.160408019000329,10.053210259000025],[125.160278320000202,10.053330422000158],[125.160179138000103,10.053330422000158],[125.160003662,10.053330422000158],[125.159782410000162,10.05354976700005],[125.159446716000275,10.053890228000114],[125.159149170000205,10.053910257000041],[125.158889770000201,10.054169654000134],[125.158683776000089,10.054169654000134],[125.158607482000093,10.054169654000134],[125.158523560000276,10.054249763000087],[125.158332824000126,10.054439544000047],[125.15818023700001,10.054439544000047],[125.15805816600016,10.054439544000047],[125.15791320700032,10.05459976200018],[125.157501220000086,10.055000305000021],[125.157218932000205,10.055000305000021],[125.156387328000278,10.055830002],[125.156112670000084,10.055830002],[125.155830384000069,10.056110382000099],[125.155563354000151,10.056110382000099],[125.155281066000043,10.05638980800012],[125.153892516000269,10.05638980800012],[125.153053284000066,10.057220459],[125.152496338000219,10.057220459],[125.152221680000025,10.057499885000084],[125.151947022000058,10.057499885000084],[125.151657104000037,10.057780266000066],[125.151390076000212,10.057780266000066],[125.151107788000104,10.058059693000189],[125.150833130000137,10.058059693000189],[125.15028381400009,10.058609962000162],[125.149978638000107,10.058609962000162],[125.14749908400006,10.058609962000162],[125.147369385000161,10.058480262999979],[125.146942138000213,10.058059693000189],[125.146392822000053,10.058059693000189],[125.146110534000172,10.058329582000056],[125.144721984000171,10.058349610000107],[125.144447326000204,10.058059693000189],[125.143333434000056,10.058059693000189],[125.143203735000043,10.058190345000185],[125.143058776000089,10.058329582000056],[125.141937256000119,10.058329582000056],[125.141670226000087,10.058609962000162],[125.141387940000186,10.058609962000162],[125.140830994000112,10.059169770000096],[125.140556336000145,10.059169770000096],[125.139999390000071,10.059720039000069],[125.139717102000191,10.059720039000069],[125.13944244400011,10.060000420000108],[125.13916778600003,10.060000420000108],[125.138343810000038,10.060830115999977],[125.138046264000081,10.060830115999977],[125.137779236000029,10.061109544000033],[125.137222290000182,10.061109544000033],[125.136947632000101,10.06138992200016],[125.136543273000029,10.06138992200016],[125.136108398000033,10.06138992200016],[125.13583374000018,10.061670303000142],[125.135559082000213,10.061670303000142],[125.135276794000106,10.061940193000112],[125.135002136000139,10.062219621000111],[125.135002136000139,10.063610076000145],[125.135276794000106,10.063890457000184],[125.135276794000106,10.064439773000174],[125.135559082000213,10.064720153000053],[125.135559082000213,10.065560340000047],[125.135398865000184,10.065710067000111],[125.135276794000106,10.065830230000188],[125.135276794000106,10.066379548000157],[125.135276794000106,10.066670417000125],[125.135139465000066,10.066809654000053],[125.135002136000139,10.066940307000095],[125.135002136000139,10.067219735000151],[125.135002136000139,10.067500114000154],[125.134857177000072,10.067629815000146],[125.134719848000032,10.067779541999982],[125.134727478000173,10.068059922000089],[125.134452820000092,10.068329812000059],[125.134452820000092,10.068610191000062],[125.134162902000298,10.068889619000117],[125.134162902000298,10.069169999],[125.133888244000104,10.069439887000158],[125.133888244000104,10.069720267999969],[125.133613586000024,10.069999696000025],[125.133613586000024,10.070280076000131],[125.133537292000028,10.070349694000186],[125.132766724000248,10.071109773000103],[125.132766724000248,10.071390153000038],[125.132469177000075,10.071700096000029],[125.132217408000088,10.071940422000182],[125.132217408000088,10.07221985000001],[125.131942750000121,10.072500228000138],[125.131942750000121,10.073060036000072],[125.131668090000289,10.073329927000145],[125.131668090000289,10.073610305000045],[125.131393432000095,10.073889733000101],[125.131393432000095,10.074170113000037],[125.130836486000021,10.07472038200018],[125.130836486000021,10.074999810000179],[125.129997254000045,10.075830459000088],[125.129997254000045,10.076109887000086],[125.129447938000112,10.076669693000042],[125.129447938000112,10.076939583000183],[125.128608704000158,10.077779770000177],[125.128608704000158,10.078060150999988],[125.12832641600005,10.078330041000129],[125.12832641600005,10.078610419000086],[125.127937317000033,10.07909965500005],[125.127571105000015,10.079540253000062],[125.12722778400007,10.080030441000133],[125.126876830000015,10.080519676000051],[125.126716613000326,10.08071994800008],[125.12651062000009,10.08098983800005],[125.126136780000024,10.081480026000065],[125.125770569000224,10.081979752000052],[125.125343323000038,10.082420350000064],[125.124893188000215,10.082819939],[125.124526978000063,10.083299637000096],[125.124366760000157,10.083930016000124],[125.124191284000062,10.084560395000153],[125.12403869700006,10.085169792000045],[125.123786926000093,10.085680008000111],[125.123580933000085,10.086210250000136],[125.123359680000135,10.086739540000053],[125.123336792000032,10.087220193000121],[125.123046876000217,10.087499618000038],[125.123046876000217,10.088060379000183],[125.123611450000226,10.088649750000172],[125.123611450000226,10.088890075999984],[125.123893738000106,10.08917045600009],[125.123893738000106,10.089440347000163],[125.124168396000073,10.08971977200008],[125.124168396000073,10.090000153000119],[125.124443054000039,10.090279579000139],[125.124443054000039,10.091589928000076],[125.124443054000039,10.091699600000084],[125.124443054000039,10.092220307000105],[125.124168396000073,10.092499733000125],[125.124168396000073,10.09305953900008],[125.123748779000039,10.093480111000076],[125.123336792000032,10.093890189999968],[125.123046876000217,10.093890189999968],[125.12194824200003,10.095000267000103],[125.12194824200003,10.095279693000123],[125.121673584000064,10.095560074000161],[125.121673584000064,10.095829964000075],[125.121391296000184,10.096110344000181],[125.121391296000184,10.096670151000069],[125.120826722000174,10.097220421000088],[125.120826722000174,10.097499847000165],[125.120552064000208,10.097780228000147],[125.120552064000208,10.0980596550001],[125.120002746000068,10.098609924000073],[125.120002746000068,10.098890305000054],[125.119163514000206,10.099720001000151],[125.119163514000206,10.100279807000106],[125.118888856000012,10.100560188000145],[125.119163514000206,10.100830078000058],[125.119163514000206,10.101389884000014],[125.118888856000012,10.101670265000052],[125.118888856000012,10.102219583000021],[125.118606568000132,10.102499961000149],[125.118606568000132,10.102660179000054],[125.118659973000035,10.102742195000133],[125.118331910000165,10.103059770000186],[125.118331910000165,10.103610038000056],[125.118057252000199,10.103890419000095],[125.118057252000199,10.104439735000028],[125.117767334000177,10.104720114999964],[125.117767334000177,10.1063899990001],[125.117500306000125,10.106670379000036],[125.117500306000125,10.107780456000171],[125.117500306000125,10.10805988400017],[125.117416382000101,10.108139993000123],[125.117233276000206,10.10832977400014],[125.117233276000206,10.109379769000043],[125.117233276000206,10.110449791000121],[125.117233276000206,10.110560417000045],[125.117027284000073,10.110750198],[125.11694336000005,10.110830307000185],[125.11694336000005,10.111470222000094],[125.116912841000044,10.111689567000042],[125.116668702000197,10.111940384000093],[125.116668702000197,10.112779618000047],[125.11638641400009,10.113059997999983],[125.11638641400009,10.11499977200009],[125.116401672000165,10.11563014900014],[125.116493226000102,10.116169929000023],[125.116622925000229,10.116680146000022],[125.116661072000284,10.117190362000144],[125.116668702000197,10.117690086000096],[125.116699218000235,10.118180275999975],[125.116821289000086,10.118639945000098],[125.116920471000185,10.119099617000131],[125.11694336000005,10.11956977900013],[125.11694336000005,10.120039940000026],[125.116950988000099,10.120519638000133],[125.116996765000067,10.120989800000132],[125.117187501000103,10.121430398000143],[125.117286683000088,10.12193966000018],[125.117500306000125,10.122409821000076],[125.117721559000188,10.122909545000027],[125.117767334000177,10.123330117000023],[125.118057252000199,10.123609543000043],[125.117767334000177,10.123889922999979],[125.117767334000177,10.124170304000188],[125.117500306000125,10.124440194000158],[125.117500306000125,10.125000000000114],[125.117233276000206,10.125280381000096],[125.117233276000206,10.128890038000065],[125.117500306000125,10.129170418000172],[125.117500306000125,10.132780075000142],[125.117767334000177,10.13306045600018],[125.117767334000177,10.13360977200017],[125.118057252000199,10.133890152000049],[125.118057252000199,10.134169578000126],[125.118331910000165,10.134440423000058],[125.118331910000165,10.135000229000184],[125.118606568000132,10.135330200000055],[125.119049073000042,10.135219574000132],[125.12513732900004,10.133740425000042],[125.128303527000185,10.132300377000092],[125.130653382000219,10.130430222000143],[125.133216857000093,10.127209664000134],[125.140136719000111,10.122380258000021],[125.140136719000111,10.121150017000105],[125.149696350000227,10.112019540000063],[125.153808595000214,10.107839584000089],[125.156608581000228,10.107290268000099],[125.161186218000012,10.10029983600009],[125.165229797000165,10.099089624000158],[125.173301696000181,10.090809823000143],[125.17870330900007,10.086460114000033],[125.181259156000124,10.082539558000178],[125.182800293000014,10.081640244000027],[125.183036804000267,10.081500054000117],[125.183937072000163,10.080980300000135],[125.185050964000084,10.080249786000081],[125.185386657000095,10.080019950000064],[125.18733215300017,10.078749656000127],[125.194099425000331,10.072360038999989],[125.198829652000086,10.066889763000177],[125.205436707000104,10.061409951000087],[125.207061768000017,10.059590340000113],[125.208312989000092,10.058199883000043],[125.218383788000097,10.049599647000093],[125.217521668000018,10.02361965200015],[125.210418700000105,10.018899918999978],[125.207229613000095,10.016539573000102],[125.203346253000177,10.00918960600012],[125.200683594000225,10.008966446000102],[125.200653077000084,10.00917625500017]]]]}},
{"type":"Feature","properties":{"fid":15,"GID_2":"PHL.71.15_1","GID_0":"PHL","COUNTRY":"Philippines","GID_1":"PHL.71_1","NAME_1":"Southern Leyte","NL_NAME_1":"NA","NAME_2":"San Juan","VARNAME_2":"NA","NL_NAME_2":"NA","TYPE_2":"Bayan|Munisipyo","ENGTYPE_2":"Municipality","CC_2":"86414","HASC_2":"PH.SL.SJ"},"geometry":{"type":"MultiPolygon","coordinates":[[[[125.250022888000103,10.255299569000158],[125.249618530000248,10.255029679000188],[125.249183654000149,10.254759789000047],[125.248703004000049,10.254570006999984],[125.248191833000078,10.254469872000129],[125.247703552000075,10.254440308000028],[125.247230530000024,10.254409790000182],[125.246803285000283,10.254300117000071],[125.246353149000015,10.254179954000165],[125.245903015000067,10.25407981900014],[125.245452881000119,10.253930092000076],[125.244956971000079,10.253840448000119],[125.244468688000097,10.253680229999986],[125.243927002000078,10.253569603000187],[125.243400573000145,10.253399850000108],[125.242797852000081,10.253290177000167],[125.242210387000227,10.253089905000081],[125.24160766600005,10.252940178000074],[125.241287231000229,10.252799989000096],[125.241050720000089,10.252690315999985],[125.240432739000084,10.252539635000062],[125.239799499000242,10.252470016000075],[125.239196778000064,10.252360344000067],[125.238647460000038,10.252200126000105],[125.238121033000084,10.251999854000076],[125.237556457000096,10.251839639000025],[125.236953736000032,10.251669884000137],[125.235679626000206,10.251669884000137],[125.234367370000086,10.251669884000137],[125.233047485000043,10.251669884000137],[125.231140136000249,10.251560211000026],[125.229812621000065,10.251219750000189],[125.229751586000134,10.251179696000065],[125.229461670000092,10.251009940000074],[125.228118897000172,10.250340461000178],[125.227500915000178,10.249719620000064],[125.226669311000137,10.249719620000064],[125.226112365000063,10.249170304000074],[125.225830077000069,10.249170304000074],[125.225280761000135,10.2486095430001],[125.224716187000126,10.2486095430001],[125.224441527000181,10.24833011700008],[125.223518371000182,10.24833011700008],[125.223342896000077,10.24833011700008],[125.223052979000045,10.248060227000167],[125.22235107400013,10.248060227000167],[125.221946715000172,10.248060227000167],[125.221763611000256,10.247870445999979],[125.221656799000129,10.247779846000128],[125.221481323000035,10.247779846000128],[125.221389771000077,10.247779846000128],[125.221107483000196,10.247500421000041],[125.220558167000036,10.247500421000041],[125.220283507000204,10.247220040000173],[125.220001221000075,10.247220040000173],[125.21959686300022,10.247179986000049],[125.219413757000211,10.247159957000065],[125.218856811000137,10.247010231000161],[125.218269348000035,10.246919631000083],[125.217658997000285,10.24682044900004],[125.217033387000015,10.24670982400005],[125.216369629000042,10.246640205000062],[125.215713501000096,10.24654007100014],[125.215057372000047,10.24643039800003],[125.214416505000031,10.24639987900008],[125.214073181000117,10.246390344000076],[125.213798523000037,10.246390344000076],[125.213211061000152,10.246379853],[125.212646484000061,10.246330261000026],[125.212112427000193,10.246170044000166],[125.211563111000032,10.24612998900011],[125.210983276000093,10.246170044000166],[125.210403442000143,10.246290207000072],[125.21024322400001,10.246290207000072],[125.209800721000079,10.246310235000124],[125.209190368000122,10.246199607000051],[125.20855712800028,10.24621009800012],[125.207939149000026,10.246339799000111],[125.207283020000204,10.246439934000136],[125.206802368000012,10.246609689000024],[125.206680297000162,10.246660234000046],[125.206130982000104,10.246939659000134],[125.205566405000013,10.247220040000173],[125.20501708900008,10.247489930000143],[125.204437255000016,10.247770311000124],[125.203857422000056,10.248009682000145],[125.203247071000305,10.248180390000073],[125.20268249500009,10.248419761000036],[125.202430726000216,10.248510361000115],[125.202117921000308,10.248629570999981],[125.201576233000083,10.248849869000139],[125.201011657000095,10.249010086000112],[125.200447083000086,10.249190330000147],[125.199996949000024,10.249440194000044],[125.199241639000206,10.249659539000163],[125.198822022000058,10.24973011000003],[125.198257445000081,10.250069619000158],[125.197631836000141,10.250349999000093],[125.197036743000012,10.250590325000076],[125.196937561000141,10.250630380000075],[125.196731568000246,10.250760079000088],[125.196243286000026,10.251179696000065],[125.195617676000097,10.251879693000149],[125.195549011000026,10.25193977400005],[125.195053100000109,10.252559663000113],[125.194358825000108,10.252980233000073],[125.193801879000034,10.253390312000022],[125.193382264000093,10.253600121000034],[125.193191528000057,10.253660202000106],[125.192543030000252,10.253870011000174],[125.192192078000176,10.254110336000053],[125.191848755000137,10.254340170999967],[125.191711426000211,10.254429818000062],[125.191543578000164,10.254449844000078],[125.191146850000223,10.2545003890001],[125.190521240000294,10.254910470000027],[125.190261841000051,10.255279540000174],[125.189613342000143,10.255530357000055],[125.189323426000101,10.255889894000063],[125.189201356000012,10.255970002000083],[125.188056945000085,10.256389617000082],[125.187767029000042,10.256389617000082],[125.187500001000217,10.25666999800012],[125.187232971000071,10.25666999800012],[125.186943055000143,10.25693988800009],[125.186668397000062,10.25693988800009],[125.186393737000117,10.257220269000072],[125.186111451000215,10.257220269000072],[125.185836793000021,10.257499694000046],[125.185279847000174,10.257499694000046],[125.184997559000067,10.257780075000028],[125.184173585000053,10.257780075000028],[125.183891297000059,10.258060456000067],[125.183326721000185,10.258060456000067],[125.183250427000075,10.258139610000057],[125.183052063000218,10.25833034599998],[125.181106567000029,10.25833034599998],[125.180831909000176,10.258609771000124],[125.179229736000025,10.258609771000124],[125.178047180000249,10.258609771000124],[125.177780151000093,10.258890152000163],[125.177627563000101,10.258970261000115],[125.177436829000158,10.259079933000123],[125.177070617000027,10.259119988000123],[125.176811218000125,10.25914955200011],[125.176071168000021,10.259490013000118],[125.175758361000021,10.259630204000075],[125.174926757000094,10.259840012000041],[125.174087525000118,10.260259629000018],[125.17346191300021,10.260669708000137],[125.172897339000087,10.261429786000122],[125.172492980000243,10.262049675000185],[125.171783447000053,10.262610436000102],[125.171211243000016,10.262709618000144],[125.170951843000012,10.26323032300013],[125.170738220000203,10.263569830999984],[125.170249940000076,10.263779641000156],[125.169906617000038,10.263850212000023],[125.169273377000081,10.263819695000052],[125.169128418000014,10.263939858000128],[125.168853760000047,10.264169693999975],[125.167106628000056,10.264169693999975],[125.166687011000135,10.263959885000133],[125.166526793000116,10.263959885000133],[125.165298461000134,10.263959885000133],[125.165176392000035,10.263979913000185],[125.164962768,10.264030458000036],[125.164543153000182,10.264240265000069],[125.164321900000118,10.264439582000136],[125.163909913000225,10.264439582000136],[125.16369628800021,10.264369964000025],[125.163352967000151,10.264439582000136],[125.163070679000043,10.264510154999982],[125.162788391000277,10.264510154999982],[125.162513733000083,10.264719963000118],[125.162086487000124,10.265139580000096],[125.161842346000071,10.26548004100016],[125.161743164000086,10.265620232000117],[125.161613465000073,10.265830040000026],[125.159790040000075,10.266730309000025],[125.159446716000275,10.266730309000025],[125.159156800000119,10.266779899000028],[125.158996583000089,10.267780304000098],[125.15776062000009,10.277090072000021],[125.157096864000209,10.293109893000064],[125.155769349000025,10.301130294000131],[125.154830933000198,10.310020448000103],[125.169342040000174,10.30187988400013],[125.172439575000226,10.300209998000184],[125.172828674000129,10.300009729000067],[125.172988891000159,10.299920081999971],[125.179023744000233,10.296680450000167],[125.183486938000215,10.29304027500018],[125.185562133000076,10.291709900000114],[125.1929931640002,10.288430214000016],[125.199256897000055,10.285670282000126],[125.205451965000179,10.282759666000175],[125.20855712800028,10.281279564000101],[125.212852479000162,10.278779984000039],[125.215393066000161,10.27668952900018],[125.219116210000152,10.275090218000116],[125.221893310000041,10.273550034000039],[125.222396851000099,10.273159981000163],[125.223007202000076,10.272709847000044],[125.234176636000143,10.266380310000102],[125.250938416000054,10.25603962100007],[125.250762940000072,10.255880356000148],[125.250396728000169,10.255579949000094],[125.250022888000103,10.255299569000158]]]]}},
{"type":"Feature","properties":{"fid":16,"GID_2":"PHL.71.16_1","GID_0":"PHL","COUNTRY":"Philippines","GID_1":"PHL.71_1","NAME_1":"Southern Leyte","NL_NAME_1":"NA","NAME_2":"San Ricardo","VARNAME_2":"NA","NL_NAME_2":"NA","TYPE_2":"Bayan|Munisipyo","ENGTYPE_2":"Municipality","CC_2":"86415","HASC_2":"PH.SL.SR"},"geometry":{"type":"MultiPolygon","coordinates":[[[[125.266357421000293,9.915519714000084],[125.265739440000061,9.923089982000079],[125.269081116000166,9.927490235000107],[125.273536683000088,9.933259963000182],[125.277030944000103,9.937509537000096],[125.279243470000097,9.938920021000058],[125.281303406,9.938380241000175],[125.282958984000174,9.938529968000012],[125.284599304000039,9.939370155000177],[125.285301209000068,9.939259529000083],[125.286109924000129,9.939129831],[125.2882614130001,9.938770294000051],[125.288612366000052,9.938879967000105],[125.28903961200001,9.93900966700005],[125.289619446000074,9.940979958000071],[125.28814697200005,9.942049980000149],[125.287322999000025,9.942790032000062],[125.278121948000035,9.953550339000174],[125.271797181000125,9.96010971100003],[125.269126891000155,9.959810257000129],[125.268951415000174,9.959790229000077],[125.266548157000102,9.959520341000143],[125.263046264000195,9.9644098280001],[125.259216309000067,9.972319603000074],[125.25879669200026,9.973179817000016],[125.256286622000061,9.978380203000086],[125.255096436000031,9.979780198000185],[125.252777100000117,9.983969689000162],[125.251296998000043,9.986559867999972],[125.250991821000071,9.989020348000167],[125.247810364000088,9.993499756000062],[125.244903564000083,10.000969886000178],[125.242637635000051,10.00426960100009],[125.240623475,10.00798988300005],[125.240379334000181,10.008429528000079],[125.234069823000141,10.019450187000075],[125.230667114000198,10.025449753000146],[125.225402832000213,10.036829949000094],[125.218383788000097,10.049599647000093],[125.222473145000208,10.052240371000096],[125.231323242000144,10.060270310000021],[125.238609314000087,10.066940307000095],[125.238891602000194,10.066670417000125],[125.238891602000194,10.066109658000016],[125.239166260000161,10.065830230000188],[125.239166260000161,10.065560340000047],[125.239440918000014,10.065279962000147],[125.239440918000014,10.064999581000109],[125.239723206000235,10.064720153000053],[125.239723206000235,10.063329696000039],[125.239997864000088,10.063059808000105],[125.239723206000235,10.062499999000067],[125.239723206000235,10.06138992200016],[125.239997864000088,10.061109544000033],[125.239997864000088,10.060560226000064],[125.240280152000309,10.060279846000128],[125.240280152000309,10.060000420000108],[125.240547179000146,10.059720039000069],[125.240280152000309,10.059439659000134],[125.240280152000309,10.05897045100005],[125.240303040000072,10.058440209000082],[125.240547179000146,10.057780266000066],[125.240547179000146,10.057220459],[125.240837098000043,10.056949616000111],[125.240837098000043,10.056409836],[125.240837098000043,10.056110382000099],[125.241386414000203,10.05556011200008],[125.241386414000203,10.055000305000021],[125.241668702000084,10.054719925000086],[125.241668702000084,10.054169654000134],[125.24194336000005,10.053890228000114],[125.241668702000084,10.053609848000178],[125.241668702000084,10.053330422000158],[125.24194336000005,10.053059579000035],[125.24194336000005,10.052780150999979],[125.242500306000011,10.052220345000023],[125.242500306000011,10.051939964000042],[125.243331910000052,10.051110268000116],[125.243331910000052,10.050829887000077],[125.243888856000126,10.050279617000058],[125.243888856000126,10.050000191000038],[125.244621278000182,10.049269677000154],[125.244720460000167,10.049169540000094],[125.244720460000167,10.048330308000118],[125.244659424000133,10.04749012100018],[125.244506835000038,10.047209740000142],[125.244239807000099,10.046859741000048],[125.243820190000292,10.046170234000101],[125.2437515270002,10.045550347000074],[125.243820190000292,10.045140266000146],[125.244033813000101,10.044380188000162],[125.243888856000126,10.04389],[125.243888856000126,10.043330193000031],[125.244720460000167,10.042499542000144],[125.244720460000167,10.041939736000188],[125.244453430000135,10.041669846000048],[125.245002746000068,10.041110039000046],[125.245002746000068,10.04082965900011],[125.245552064000094,10.04028034300012],[125.24639129600007,10.04028034300012],[125.246673584000177,10.039999962000081],[125.246948242000144,10.039999962000081],[125.247222900000111,10.039719581999975],[125.247497558000077,10.039719581999975],[125.248046876000103,10.039170266000042],[125.248046876000103,10.038889885000174],[125.249732972000174,10.03722000200014],[125.249732972000174,10.036939621000101],[125.250000000000227,10.036669731000188],[125.250000000000227,10.036390306000044],[125.250267030000259,10.036109925],[125.250267030000259,10.035829544000023],[125.250556946000074,10.035559654000053],[125.250556946000074,10.035280229000136],[125.250831604000041,10.034999848000098],[125.250831604000041,10.034720420000099],[125.251388550000115,10.034170152],[125.251388550000115,10.03388977100019],[125.251663208000195,10.033610342999964],[125.251663208000195,10.033329965000064],[125.252220154000042,10.032779694000112],[125.252220154000042,10.032219888000157],[125.25250244200015,10.031940460000101],[125.25250244200015,10.029999734000114],[125.252777100000117,10.029720306000058],[125.252777100000117,10.029140473000155],[125.252777100000117,10.028889657000036],[125.253051758000083,10.028610229000151],[125.253051758000083,10.028329850000148],[125.25332641600005,10.02805996],[125.25332641600005,10.027500152000073],[125.253608704000044,10.02721977300007],[125.253608704000044,10.026670456000147],[125.253890992000265,10.026390075000165],[125.253890992000265,10.026109696000105],[125.254173278000167,10.025830268999982],[125.254173278000167,10.025560379000069],[125.254447938000339,10.02528],[125.254447938000339,10.024720192000075],[125.254722596000192,10.024439811000093],[125.254722596000192,10.024169923000102],[125.254997254000159,10.02388954200012],[125.254997254000159,10.023610115000167],[125.255279542000039,10.023329734000129],[125.255279542000039,10.023059846000024],[125.255836486000135,10.022500038000089],[125.255836486000135,10.022219659000029],[125.257270813000218,10.02079010000017],[125.257766724000135,10.020279884000047],[125.258056640000177,10.020279884000047],[125.260002136000026,10.018329620000145],[125.260276794000333,10.018329620000145],[125.261390686000141,10.017219543000067],[125.261390686000141,10.016949655000076],[125.261672974000021,10.016670227000077],[125.261672974000021,10.016389846000038],[125.261978149000015,10.015919686000075],[125.262260437000236,10.01480960900011],[125.262817383000311,10.014260292000074],[125.26364898700001,10.013019563000171],[125.26416778600003,10.012499809000133],[125.26416778600003,10.012220383000113],[125.264442444000224,10.011940003],[125.264442444000224,10.011670113000093],[125.264717102000077,10.011389732000055],[125.264717102000077,10.011110306000035],[125.264999390000071,10.010829926000099],[125.264999390000071,10.010279655000147],[125.26526641800001,10.010000229000127],[125.26526641800001,10.009440423000171],[125.265556336000031,10.009169578000012],[125.265556336000031,10.008890152],[125.266387940000072,10.008060456000123],[125.266387940000072,10.007780075000085],[125.266670226000201,10.007780075000085],[125.266937256000233,10.007499695000149],[125.266937256000233,10.007220269000129],[125.268058776000089,10.006110192000051],[125.268058776000089,10.005829811000183],[125.268608094000115,10.005279541000164],[125.268890380000016,10.005279541000164],[125.269493103000059,10.004670144000102],[125.271110534000059,10.003060341000037],[125.271110534000059,10.002779961000101],[125.27139282200028,10.002499580000062],[125.27139282200028,10.002220154000042],[125.271667480000133,10.001939774000107],[125.271667480000133,10.001859665000154],[125.271667480000133,10.001669883999966],[125.272781372000054,10.000559807000059],[125.273063660000162,10.000559807000059],[125.273330688000215,10.000280381000039],[125.273902892000137,10.000280381000039],[125.274169922000056,10.000559807000059],[125.275001526000096,10.000000001000103],[125.275558472000171,9.999719620000121],[125.276443481000115,9.998849868999969],[125.277648925000221,9.997630120000053],[125.279998780000028,9.995280267000055],[125.279998780000028,9.994999886000016],[125.280281066000157,9.994720458000188],[125.280281066000157,9.994449616000168],[125.280563354000037,9.994170190000148],[125.280563354000037,9.993570327000157],[125.280563354000037,9.992779732000031],[125.280380248000142,9.992600440999979],[125.280281066000157,9.992500304000146],[125.280281066000157,9.99205017100013],[125.280273438000222,9.991950036000105],[125.279441834000181,9.991109849000111],[125.279441834000181,9.989999772000033],[125.278610230000027,9.989170075000061],[125.278610230000027,9.988329888000067],[125.27805328400018,9.988059998000097],[125.27805328400018,9.987779618],[125.277778626000213,9.987500190000162],[125.277778626000213,9.987219811000159],[125.277496338000105,9.986940384000036],[125.277496338000105,9.986669541000083],[125.277221680000139,9.986390113000084],[125.277221680000139,9.986109735000127],[125.276947022000172,9.985830307000128],[125.276947022000172,9.985079766000069],[125.276947022000172,9.983889581000085],[125.276657104000151,9.983610153000086],[125.276657104000151,9.983469963],[125.276657104000151,9.983329772000047],[125.276390076000098,9.983059884000113],[125.276390076000098,9.982780456000114],[125.276107788000104,9.982500076000179],[125.276107788000104,9.982219697000119],[125.275817872000175,9.981949807000035],[125.275833130000024,9.981670378999979],[125.275558472000171,9.981389999000044],[125.275833130000024,9.981109620000041],[125.275833130000024,9.980560302000072],[125.276062011000022,9.980330467000158],[125.276107788000104,9.980099678000158],[125.276107788000104,9.979720115000077],[125.276206970000203,9.979619980000052],[125.276390076000098,9.979439734999971],[125.276390076000098,9.978870393000136],[125.276390076000098,9.977780342000074],[125.276107788000104,9.977499961000092],[125.276107788000104,9.976940155000136],[125.275283814000204,9.97611045900004],[125.274978638000107,9.975959779],[125.274719238000216,9.975830078],[125.274169922000056,9.975279807000049],[125.273612976000095,9.975000382000133],[125.273612976000095,9.974439621000158],[125.273330688000215,9.974169730000142],[125.273330688000215,9.97397995100016],[125.273330688000215,9.973890305],[125.273132324000017,9.973690033000139],[125.272781372000054,9.97332954400008],[125.272216796000066,9.973059655000043],[125.272216796000066,9.97278022800009],[125.271942138000099,9.972499847000051],[125.271942138000099,9.972220421000031],[125.271667480000133,9.971940041000096],[125.271667480000133,9.970279693000066],[125.271942138000099,9.970000267000046],[125.271942138000099,9.96971988700011],[125.272216796000066,9.96944046100009],[125.272216796000066,9.969169616000158],[125.272499084000174,9.968890190000081],[125.272499084000174,9.968609809999975],[125.272781372000054,9.968330384000126],[125.272781372000054,9.968059539000024],[125.273063660000162,9.967780113000174],[125.273063660000162,9.966939926],[125.273262025,9.966670036000096],[125.273330688000215,9.96611023000014],[125.273330688000215,9.965829849000102],[125.273887634000289,9.965279579000082],[125.273887634000289,9.965000153],[125.274169922000056,9.964719772000024],[125.274169922000056,9.96444034700005],[125.274719238000216,9.964170457000137],[125.275283814000204,9.963609695000116],[125.275283814000204,9.96306038],[125.275337219000107,9.96277999900019],[125.275558472000171,9.962220193000064],[125.276107788000104,9.961939812000026],[125.277778626000213,9.960280419000128],[125.277778626000213,9.960000039000022],[125.278343200000222,9.95944023200019],[125.278343200000222,9.95917034200005],[125.278610230000027,9.958889962000114],[125.278610230000027,9.958609581000076],[125.279167176000101,9.958330155000056],[125.280281066000157,9.957220078000148],[125.280830384000069,9.956939698000042],[125.282218932000092,9.955559731000164],[125.282218932000092,9.954999924000106],[125.28278350800008,9.954719544],[125.283058166000046,9.954449654000086],[125.283607482000207,9.954170228000066],[125.283889770000087,9.953889847000028],[125.284446716000161,9.953610420000075],[125.284721374000014,9.953330041000072],[125.285278320000089,9.953060151000102],[125.285842895000314,9.952500344999976],[125.285842895000314,9.95110988700003],[125.287216186000023,9.949720382000123],[125.288063049000016,9.949440004000166],[125.28971862800006,9.94777965600008],[125.28971862800006,9.947500228000081],[125.290000916000054,9.947219850000124],[125.290000916000054,9.946390151000173],[125.290557860000035,9.946109773000046],[125.290557860000035,9.945560455000077],[125.291656494000222,9.944439887000101],[125.291656494000222,9.94416999900011],[125.292472840000073,9.943369865000022],[125.292503357000214,9.943209649000096],[125.292503357000214,9.941940308000142],[125.293083191000051,9.941370011000117],[125.293327332000104,9.94110965800013],[125.293327332000104,9.940719605000083],[125.293327332000104,9.939999581000052],[125.294471741000166,9.939430237000181],[125.29499816800012,9.939169885000126],[125.296112061000031,9.938059808000048],[125.296112061000031,9.937399865000032],[125.296112061000031,9.936670303000085],[125.296943664000196,9.935830116000091],[125.296943664000196,9.935560226000177],[125.297233581000114,9.935279846000071],[125.297233581000114,9.935000420000051],[125.297500611000146,9.934720039000183],[125.297500611000146,9.934169769000164],[125.297782899000026,9.933890343000087],[125.297782899000026,9.933329582000169],[125.29805755700022,9.933059694000065],[125.29805755700022,9.9319496170001],[125.297782899000026,9.931670189000101],[125.29805755700022,9.931389808000063],[125.29805755700022,9.930279731000155],[125.298332214000084,9.930000305000135],[125.298332214000084,9.928059577000113],[125.29805755700022,9.927780151000093],[125.298889161000147,9.926939965000031],[125.298889161000147,9.925359726000124],[125.298889161000147,9.925279617000172],[125.298599242000023,9.925009727000031],[125.29805755700022,9.924719811000045],[125.297782899000026,9.924440384999969],[125.297233581000114,9.924169540000037],[125.296943664000196,9.923890114000017],[125.296386718000122,9.923609734000081],[125.296112061000031,9.923330308000061],[125.295547486000146,9.923060418000148],[125.295547486000146,9.92257976500008],[125.295547486000146,9.922499657000174],[125.295280457000104,9.922220231000153],[125.294929505000027,9.921990395000137],[125.29486083900008,9.921939850000115],[125.294441222000046,9.921389580000096],[125.293876648000037,9.920840264000105],[125.293746947000045,9.920619966000174],[125.293640137000125,9.920530319000136],[125.293327332000104,9.920280457000047],[125.293052672000044,9.920000077000111],[125.293052672000044,9.919799805000082],[125.293052672000044,9.919719696000129],[125.292762756000116,9.919460297000057],[125.292778014000078,9.919170380000139],[125.292503357000214,9.91889],[125.292503357000214,9.918609619],[125.292221068000231,9.918330192999974],[125.292221068000231,9.917779923000126],[125.292503357000214,9.917779923000126],[125.292503357000214,9.917220116000067],[125.292442321000294,9.917160034000062],[125.292221068000231,9.916939736000131],[125.292221068000231,9.916669846],[125.291946410000037,9.916390419999971],[125.291946410000037,9.916110039000159],[125.291656494000222,9.915829659000053],[125.291458130000137,9.915280343000063],[125.290382385000044,9.914110183000048],[125.288887024000019,9.912500383000065],[125.288612366000052,9.912500383000065],[125.288330078000172,9.912220002000083],[125.288063049000016,9.912220002000083],[125.287780762000011,9.911939622000148],[125.287216186000023,9.911939622000148],[125.286109924000129,9.911390306000158],[125.285278320000089,9.911109925000119],[125.284118653000291,9.910510062000185],[125.283058166000046,9.91028022900008],[125.278610230000027,9.91028022900008],[125.277778626000213,9.909999848000041],[125.277297974000021,9.909999848000041],[125.276947022000172,9.909999848000041],[125.276390076000098,9.910559654000167],[125.276107788000104,9.910559654000167],[125.275993348000043,9.910679818000176],[125.275833130000024,9.910829545000013],[125.274353028000064,9.910829545000013],[125.273063660000162,9.910829545000013],[125.272979736000138,9.910750389000043],[125.272781372000054,9.910559654000167],[125.272216796000066,9.910559654000167],[125.271942138000099,9.910829545000013],[125.27139282200028,9.910829545000013],[125.270553588000098,9.910559654000167],[125.268333434000283,9.909999848000041],[125.267501830000015,9.909720420000042],[125.267410278000284,9.90970039400014],[125.26735687300004,9.910220146000142],[125.267303466000158,9.910820007000154],[125.267272949000017,9.91090965300009],[125.266357421000293,9.915519714000084]]]]}},
{"type":"Feature","properties":{"fid":17,"GID_2":"PHL.71.17_1","GID_0":"PHL","COUNTRY":"Philippines","GID_1":"PHL.71_1","NAME_1":"Southern Leyte","NL_NAME_1":"NA","NAME_2":"Silago","VARNAME_2":"NA","NL_NAME_2":"NA","TYPE_2":"Bayan|Munisipyo","ENGTYPE_2":"Municipality","CC_2":"86416","HASC_2":"PH.SL.SL"},"geometry":{"type":"MultiPolygon","coordinates":[[[[125.166687011000135,10.537179947000027],[125.166656494000108,10.536669731000075],[125.165283203000286,10.53528022800009],[125.165283203000286,10.534999847999984],[125.165000916000167,10.534720421999964],[125.165000916000167,10.534440041000153],[125.164756775000114,10.53419971500017],[125.16471862800006,10.528249741000081],[125.16471862800006,10.528059960000121],[125.165000916000167,10.527779579000082],[125.165000916000167,10.526940345000071],[125.16471862800006,10.526670455000158],[125.165000916000167,10.52639007700003],[125.165000916000167,10.525560380000059],[125.165283203000286,10.525280000000123],[125.165283203000286,10.524439813000129],[125.165557861000138,10.524169923000045],[125.165557861000138,10.523889542000177],[125.166107178000175,10.523329736000051],[125.166107178000175,10.522500039000079],[125.166389465000179,10.522219659000143],[125.166389465000179,10.521610260000045],[125.166389465000179,10.520000458000084],[125.168327332000217,10.518059731],[125.168609619000222,10.518059731],[125.169166565000069,10.517499923000059],[125.169166565000069,10.516670227000134],[125.16944122200016,10.516389848000131],[125.16944122200016,10.516110420000132],[125.169723511000029,10.515830040000026],[125.169723511000029,10.515279771000053],[125.169937133000076,10.515049935000036],[125.16999816900011,10.515000343],[125.16999816900011,10.514710427000182],[125.16999816900011,10.51443958200008],[125.169952393000131,10.513520241000094],[125.169883728000173,10.512900352000088],[125.169883728000173,10.512350082000182],[125.16999816900011,10.512220383000056],[125.170372009000175,10.511790275000124],[125.170860291000054,10.511380196000061],[125.171836852000183,10.510899544000097],[125.172256469000104,10.510760307],[125.172683717000155,10.510760307],[125.173889161000034,10.51082992500011],[125.174156188000211,10.51082992500011],[125.174453735000043,10.511110306000091],[125.174720765000075,10.511110306000091],[125.175003053000182,10.51082992500011],[125.175277711000035,10.51082992500011],[125.175552369000116,10.51056003500014],[125.175979614000084,10.51056003500014],[125.176109315000076,10.51056003500014],[125.178337097000167,10.50833034600015],[125.178337097000167,10.507780074999971],[125.178047180000249,10.50749969400016],[125.178047180000249,10.506669998000064],[125.177497865000191,10.506110192000108],[125.177352905000134,10.506110192000108],[125.177223205000018,10.506110192000108],[125.176391601000319,10.505279540000117],[125.17666626100015,10.50500011500003],[125.17666626100015,10.504719734000162],[125.176940919000117,10.504440308000142],[125.177497865000191,10.504440308000142],[125.178047180000249,10.503890038000065],[125.178321838000102,10.503890038000065],[125.180000305000135,10.502220154000099],[125.180000305000135,10.501939774],[125.180267334000064,10.50166988400008],[125.180267334000064,10.500829697000086],[125.180000305000135,10.500539780000167],[125.180000305000135,10.500000000000114],[125.179733277000082,10.499719620000178],[125.179733277000082,10.498889922999979],[125.180000305000135,10.4986095430001],[125.180000305000135,10.49806022700011],[125.180267334000064,10.497779846000071],[125.180267334000064,10.497220040000116],[125.180831909000176,10.496669769000164],[125.180831909000176,10.495559692000086],[125.181106567000029,10.495280266],[125.181106567000029,10.49499988600013],[125.182220459000177,10.493889809],[125.182403565000186,10.493889809],[125.182502747000058,10.493889809],[125.182777405000024,10.493610383000146],[125.183052063000218,10.493610383000146],[125.186813354000151,10.489859580000029],[125.186943055000143,10.48972034600007],[125.186943055000143,10.489540100000113],[125.186943055000143,10.489439965000088],[125.187011718,10.489379883000083],[125.187232971000071,10.489170075000118],[125.187217713000109,10.488889695000182],[125.187500001000217,10.488610269000162],[125.187500001000217,10.488229751000119],[125.187500001000217,10.48805999800004],[125.186943055000143,10.487500192000084],[125.186943055000143,10.487219811000045],[125.187232971000071,10.486940383],[125.187232971000071,10.486669540999969],[125.187347412000236,10.486550332000149],[125.188056945000085,10.485830306000082],[125.188056945000085,10.485560418000148],[125.187767029000042,10.485280038000042],[125.187500001000217,10.485280038000042],[125.186668397000062,10.484439851000047],[125.186668397000062,10.484169961000134],[125.186943055000143,10.483889580000096],[125.186943055000143,10.483610152000097],[125.187232971000071,10.48332977400014],[125.187767029000042,10.48332977400014],[125.188056945000085,10.483059884],[125.188056945000085,10.482500077000168],[125.18833160500003,10.482219697000062],[125.18833160500003,10.481940269],[125.188606263000224,10.481670379000093],[125.188606263000224,10.48139],[125.188888549000126,10.481109620000097],[125.188888549000126,10.480560302000129],[125.189163209000071,10.480279923000126],[125.189163209000071,10.47999954300019],[125.190002441000274,10.479169846000048],[125.190002441000274,10.478610038000056],[125.189720155000032,10.478329660000156],[125.190002441000274,10.478059769000083],[125.190002441000274,10.477780342000187],[125.190551759000073,10.477219583000021],[125.190551759000073,10.476670265000052],[125.190826417000039,10.47638988600005],[125.190826417000039,10.475830078000115],[125.191108703000168,10.475560188000145],[125.191108703000168,10.475279809000142],[125.191390991000048,10.475000381000086],[125.191390991000048,10.474169732],[125.191673279000156,10.473890304000179],[125.191390991000048,10.473609924000073],[125.191390991000048,10.472780227000101],[125.191673279000156,10.472499847000165],[125.191673279000156,10.47196006900009],[125.191390991000048,10.471670149999966],[125.191390991000048,10.47138977000003],[125.191108703000168,10.47111034400001],[125.191108703000168,10.47068977400005],[125.191108703000168,10.470560073000058],[125.191001893000021,10.470450401000051],[125.190826417000039,10.470279695000158],[125.190826417000039,10.47006035000004],[125.190788270000212,10.469949722000081],[125.190551759000073,10.469719886000064],[125.190551759000073,10.469440461000147],[125.190277099000127,10.469169618000024],[125.190277099000127,10.468890190000025],[125.189453125000114,10.468059541000116],[125.189453125000114,10.467499732000078],[125.189163209000071,10.467220307000105],[125.189163209000071,10.466939926000123],[125.188056945000085,10.465829848999988],[125.188056945000085,10.465559959000075],[125.187500001000217,10.465000153000119],[125.187500001000217,10.463330269000153],[125.187767029000042,10.463060379000183],[125.187767029000042,10.462779999000077],[125.188056945000085,10.462499618000095],[125.188056945000085,10.462220192000018],[125.187767029000042,10.461939812000139],[125.187767029000042,10.461669922000169],[125.187500001000217,10.461389541000131],[125.187500001000217,10.460559845000091],[125.187576294000223,10.460479736000082],[125.187767029000042,10.460280419000014],[125.187767029000042,10.460000038000032],[125.187500001000217,10.459719658000097],[125.187500001000217,10.459440232000077],[125.187232971000071,10.459170342000107],[125.187232971000071,10.458609581000189],[125.186943055000143,10.458330155000169],[125.186943055000143,10.457779884],[125.186531068000022,10.457369805000098],[125.186393737000117,10.457220078000034],[125.186393737000117,10.45588016500011],[125.186393737000117,10.455559730000175],[125.186668397000062,10.455280305000031],[125.186668397000062,10.454719543000181],[125.186943055000143,10.45444965300004],[125.186943055000143,10.454170228000123],[125.186668397000062,10.453889847000085],[125.186668397000062,10.453060151000045],[125.186393737000117,10.452779770000177],[125.186393737000117,10.451669693000099],[125.18623352100019,10.451510430000155],[125.186111451000215,10.451390267000079],[125.186111451000215,10.450830459000088],[125.185836793000021,10.450559615999964],[125.185836793000021,10.450030326000046],[125.17893982000021,10.446579934000056],[125.173576356000012,10.44476986],[125.16383361700025,10.441699981000113],[125.158897401000218,10.441960334999976],[125.156272888000217,10.441969871000083],[125.155937195000092,10.441969871000083],[125.15297699100006,10.441980362000152],[125.145843506000119,10.443460466000033],[125.139137267000024,10.445500374000062],[125.136016846000075,10.446049690000052],[125.128562927000189,10.448390007000171],[125.119781495000097,10.451510430000155],[125.114227295000092,10.45316028600007],[125.106536865000066,10.454819680000014],[125.09971618700024,10.45518970500018],[125.091583252000078,10.453370095000082],[125.083778381000116,10.448789598000076],[125.074821471000178,10.439959526999985],[125.075233460000049,10.448430061000067],[125.071273805000033,10.471759797],[125.061836243000243,10.502550124999971],[125.058532715000297,10.514399530000105],[125.052963257000101,10.523870469000087],[125.067161560000045,10.537019730000168],[125.069923401000096,10.539999962000024],[125.072631836000028,10.542940140000098],[125.086448669000106,10.557149888000026],[125.090988159000176,10.562910081000155],[125.09853363000002,10.571390153000095],[125.107673645000204,10.58106994700006],[125.113502503000177,10.587450028000092],[125.120109558000195,10.593190194000044],[125.149246216000051,10.622240066000074],[125.149436950000222,10.622229576000109],[125.15000152600021,10.62222004],[125.15028381400009,10.621939659000191],[125.150833130000137,10.621939659000191],[125.151107788000104,10.62166976900005],[125.151390076000212,10.62166976900005],[125.151657104000037,10.62139034300003],[125.151947022000058,10.62139034300003],[125.152221680000025,10.621109963000094],[125.152778626000099,10.621109963000094],[125.153053284000066,10.620829582000056],[125.153343201000212,10.620829582000056],[125.154167174000122,10.619999886000187],[125.154441834000068,10.619999886000187],[125.155281066000043,10.619170188999988],[125.155281066000043,10.618889809000052],[125.155563354000151,10.618610383000032],[125.155563354000151,10.61806011200008],[125.155830384000069,10.617779732000145],[125.155830384000069,10.617500306000125],[125.157783508000193,10.615559578000102],[125.15805816600016,10.615559578000102],[125.158607482000093,10.6149997710001],[125.158607482000093,10.614720346000126],[125.160003662,10.61332988800001],[125.160278320000202,10.61332988800001],[125.160842895000087,10.612779617000058],[125.161109924000016,10.612779617000058],[125.16139221200001,10.612500192000141],[125.16166687000009,10.612500192000141],[125.162216186000137,10.611940383000103],[125.162498474000017,10.611940383000103],[125.163063049000129,10.611390115],[125.163063049000129,10.611109734000024],[125.163330078000058,10.610830305999968],[125.163330078000058,10.610560418000034],[125.163063049000129,10.610280038000099],[125.164169312000013,10.609169961000191],[125.16471862800006,10.609169961000191],[125.165000916000167,10.608889580000152],[125.165283203000286,10.608889580000152],[125.165832520000208,10.608329774000026],[125.166107178000175,10.608329774000026],[125.166946411000026,10.607500077000054],[125.167221068000117,10.607500077000054],[125.168609619000222,10.606109619999984],[125.168609619000222,10.605830192000155],[125.169166565000069,10.605279923000182],[125.169166565000069,10.604439736000018],[125.170280457000104,10.60332965900011],[125.170547484000053,10.60332965900011],[125.172782899000026,10.601110458000107],[125.173332215000187,10.601110458000107],[125.173606873000153,10.600830078000172],[125.174453735000043,10.600830078000172],[125.174720765000075,10.600560188000031],[125.175277711000035,10.600560188000031],[125.175552369000116,10.600279809000028],[125.175827026000093,10.600279809000028],[125.176109315000076,10.600000380999973],[125.176391601000319,10.600000380999973],[125.17666626100015,10.599720001000037],[125.176940919000117,10.599720001000037],[125.177223205000018,10.599439622000034],[125.177497865000191,10.599439622000034],[125.177780151000093,10.599169732000121],[125.178047180000249,10.599169732000121],[125.178886413000328,10.598329545000126],[125.179443359000061,10.598329545000126],[125.182220459000177,10.595560073000115],[125.182777405000024,10.595560073000115],[125.183052063000218,10.595279695000045],[125.183326721000185,10.595279695000045],[125.183609009000065,10.59500026700016],[125.183891297000059,10.59500026700016],[125.1847229010001,10.59416961800008],[125.184997559000067,10.593890190000081],[125.184997559000067,10.593609809000043],[125.185279847000174,10.593330384000126],[125.185279847000174,10.593059541000173],[125.186393737000117,10.59193992600018],[125.186393737000117,10.591670036000039],[125.186569215000077,10.591489792000061],[125.186668397000062,10.591389655000057],[125.186668397000062,10.591110230000083],[125.186943055000143,10.590829849000102],[125.186943055000143,10.589719771999967],[125.186866761000033,10.589639663000185],[125.186668397000062,10.589440346000117],[125.186668397000062,10.588890076000098],[125.186393737000117,10.588609695000059],[125.186393737000117,10.588330269000039],[125.186111451000215,10.588060379000069],[125.186111451000215,10.587220192000132],[125.185836793000021,10.586939812000026],[125.185836793000021,10.586669922000056],[125.185546875000227,10.586389541000017],[125.185546875000227,10.586110115],[125.185836793000021,10.585829735000061],[125.185836793000021,10.585559845000148],[125.186668397000062,10.584719658000154],[125.186943055000143,10.584719658000154],[125.188056945000085,10.583609581000076],[125.188056945000085,10.583330155000056],[125.189163209000071,10.582220078000091],[125.189163209000071,10.581939697000109],[125.189453125000114,10.581669807000139],[125.189453125000114,10.581110001000184],[125.189720155000032,10.580829619999975],[125.189720155000032,10.580559730000061],[125.190002441000274,10.580280304000041],[125.190002441000274,10.579999924000106],[125.190551759000073,10.579449653000097],[125.190551759000073,10.57917022800018],[125.191108703000168,10.578610421000121],[125.191108703000168,10.578330041000015],[125.191390991000048,10.578060151000102],[125.191390991000048,10.577779770000063],[125.19168090900007,10.577489854000078],[125.191947937000123,10.577219964000108],[125.191947937000123,10.576939583000069],[125.191673279000156,10.576669693000156],[125.191390991000048,10.576669693000156],[125.191108703000168,10.576390267000136],[125.190551759000073,10.576390267000136],[125.189628601000095,10.576199531000157],[125.189376831000232,10.576180458000067],[125.189002991000052,10.576129913000045],[125.18878936700014,10.576049804000093],[125.188507081000012,10.575929641000187],[125.18801879800003,10.575790406000124],[125.187049865000063,10.575579644000129],[125.186897278000174,10.575489998000137],[125.186111451000215,10.574999810000065],[125.185279847000174,10.574170113000093],[125.185546875000227,10.573889733000158],[125.185546875000227,10.573610307000138],[125.186111451000215,10.573060036000186],[125.186111451000215,10.57277965600008],[125.186668397000062,10.572219849000021],[125.186943055000143,10.572219849000021],[125.187606811000137,10.571550370000125],[125.187767029000042,10.571390153000095],[125.187767029000042,10.571149827000113],[125.187767029000042,10.570779799999968],[125.187767029000042,10.569720268000083],[125.187576294000223,10.569529532999979],[125.186943055000143,10.568889618000071],[125.186943055000143,10.568329812000115],[125.186668397000062,10.568059921999975],[125.186943055000143,10.567779541000164],[125.186668397000062,10.567500115000144],[125.18833160500003,10.565830230000074],[125.18833160500003,10.56556034200014],[125.188606263000224,10.565279962000034],[125.188606263000224,10.564999581],[125.188888549000126,10.564720153000167],[125.188888549000126,10.564169885000126],[125.189163209000071,10.56389045700007],[125.189163209000071,10.563650131000088],[125.189163209000071,10.563059808],[125.189453125000114,10.562780380000163],[125.189453125000114,10.56250000100016],[125.189163209000071,10.562219621000054],[125.189163209000071,10.561940193000169],[125.188888549000126,10.561670303000028],[125.188888549000126,10.561389924000025],[125.188713073000031,10.561200143000065],[125.188606263000224,10.561109544000089],[125.187896729000158,10.560440065000023],[125.187263490000078,10.56029987300019],[125.186569215000077,10.559949874999973],[125.186012269000344,10.559749603000114],[125.185729981000122,10.559679984000127],[125.184898377000195,10.559610366000072],[125.184333800000104,10.559329988000115],[125.183052063000218,10.55916977000004],[125.182441711000024,10.55916977000004],[125.181953431000125,10.559100152000099],[125.181671143000017,10.558890342000154],[125.180747985000039,10.558540344000164],[125.180610656000113,10.558259965000161],[125.18034362800006,10.557780265000076],[125.180191041000057,10.557430267000086],[125.179847717000143,10.557220459000121],[125.179168701000094,10.557220459000121],[125.178337097000167,10.557270051000103],[125.1780624390002,10.557760239000174],[125.177436829000158,10.55788040200008],[125.17687225300017,10.557760239000174],[125.176376342000026,10.557410240000081],[125.176177978000169,10.556719780000151],[125.176322937,10.55609989200002],[125.176322937,10.554400444000123],[125.176521302000083,10.553750039000022],[125.177223205000018,10.553330422000045],[125.177780151000093,10.552780151000093],[125.177780151000093,10.552499771000157],[125.178047180000249,10.552220345000137],[125.178047180000249,10.551969528000029],[125.178047180000249,10.551389694000022],[125.176940919000117,10.550279619000094],[125.175910950000116,10.550279619000094],[125.175827026000093,10.550279619000094],[125.175003053000182,10.549440384000036],[125.175003053000182,10.549169542000186],[125.174720765000075,10.548890114000187],[125.174720765000075,10.548609733000148],[125.174453735000043,10.548330307000128],[125.174453735000043,10.547780037000052],[125.174156188000211,10.54749965600007],[125.174156188000211,10.54722023000005],[125.173980713000105,10.547039987000119],[125.173889161000034,10.546939850000115],[125.174018859000284,10.546810151000102],[125.174156188000211,10.546669960000145],[125.174156188000211,10.545559883000067],[125.173889161000034,10.545280457000047],[125.173606873000153,10.545280457000047],[125.172828674000129,10.54512977700017],[125.172256469000104,10.544839859000149],[125.17212677100008,10.544779778000077],[125.171508789000086,10.544500351000124],[125.171089172000052,10.544230460999984],[125.170806884000172,10.543540001000054],[125.170669555000131,10.542909623000128],[125.170532226000205,10.541879655],[125.169982910000044,10.541319847000068],[125.169830323000156,10.540909767000073],[125.169761657000095,10.540289878000181],[125.169273377000081,10.539799690000109],[125.168922425000119,10.53896999400007],[125.168647765000173,10.538490296000134],[125.168159485000047,10.538140297000041],[125.167739868000126,10.538009644000169],[125.167182922000052,10.537659645000076],[125.166778565000072,10.53726005600015],[125.166687011000135,10.537179947000027]]]]}},
{"type":"Feature","properties":{"fid":18,"GID_2":"PHL.71.18_1","GID_0":"PHL","COUNTRY":"Philippines","GID_1":"PHL.71_1","NAME_1":"Southern Leyte","NL_NAME_1":"NA","NAME_2":"Sogod","VARNAME_2":"NA","NL_NAME_2":"NA","TYPE_2":"Bayan|Munisipyo","ENGTYPE_2":"Municipality","CC_2":"86417","HASC_2":"PH.SL.SG"},"geometry":{"type":"MultiPolygon","coordinates":[[[[124.981109620000097,10.382220269000129],[124.980346679000149,10.382309913000086],[124.979537964000087,10.382390022000095],[124.978942871000186,10.382089614999984],[124.978843689000087,10.382049561000031],[124.978141785000162,10.381699562000165],[124.977447510000161,10.381290435000153],[124.975631713000098,10.380390168000133],[124.9754028320001,10.380290031000129],[124.973892212000123,10.379630090000148],[124.972137452000084,10.37887001100006],[124.97083282500023,10.3782501230001],[124.970428467000147,10.377679826000076],[124.967216491000158,10.381389616999968],[124.963981629000045,10.384209631999965],[124.957519532000106,10.391860008000094],[124.953002930000139,10.399319650000166],[124.952636718,10.40071010500003],[124.946548463000113,10.409629823000159],[124.945053100000109,10.412500382000076],[124.941833497000175,10.417249680000111],[124.938346863000106,10.420689584000172],[124.934837341000048,10.424249648],[124.932876587000123,10.42712021],[124.930313110000043,10.430789947000164],[124.917198182000106,10.44886970500005],[124.919212342000151,10.453630447000137],[124.921409607000101,10.459070205000103],[124.926223755000024,10.474780082999985],[124.931762695000202,10.492409707000093],[124.93463134700005,10.501460076000114],[124.936363220000089,10.507399559000135],[124.93791198800011,10.51605987500011],[124.938346863000106,10.520310402000177],[124.939842224000131,10.524330140000018],[124.963081360000047,10.525059699999986],[124.966941833000192,10.524390221000147],[124.994873047000169,10.522820472000035],[125.052963257000101,10.523870469000087],[125.058532715000297,10.514399530000105],[125.061836243000243,10.502550124999971],[125.071273805000033,10.471759797],[125.075233460000049,10.448430061000067],[125.074821471000178,10.439959526999985],[125.055770873000029,10.417400360000158],[125.053436279000152,10.413610458999983],[125.053283692000036,10.413339615000154],[125.050659179000036,10.409090043000049],[125.042938232000097,10.399660111],[125.041236877000074,10.396929741000065],[125.017173767000031,10.373950004000051],[125.016349793000245,10.373089790999984],[125.015830994000225,10.373609542999986],[125.015556336000031,10.373609542999986],[125.014717102000077,10.374440194000101],[125.01444244400011,10.374440194000101],[125.013610840000069,10.375280381000039],[125.013046264000081,10.375829697000029],[125.011947632000101,10.377079963000085],[125.011390686000027,10.377499580000062],[125.010002136000026,10.378609657000027],[125.010002136000026,10.378890038],[125.009719848000145,10.379170418000115],[125.009452820000092,10.379170418000115],[125.009162902000071,10.379440308000085],[125.008979798000041,10.379440308000085],[125.008888244000104,10.379440308000085],[125.008056640000063,10.38027954000006],[125.007766724000021,10.38027954000006],[125.007148742000027,10.380559921000099],[125.006668090000062,10.380559921000099],[125.006393432000095,10.380829811000012],[125.00527954000006,10.380829811000012],[125.00222015400027,10.380829811000012],[125.001953124000011,10.380559921000099],[125.000000000000114,10.38027954000006],[124.999732972000174,10.380000115000144],[124.998497009000175,10.379890442000033],[124.997940063000101,10.37961959900008],[124.996269225000219,10.379130364],[124.995079040000064,10.379130364],[124.993339538000214,10.379269600000157],[124.991592408000088,10.379289627000162],[124.991363525000224,10.379309655000043],[124.990280152000196,10.379440308000085],[124.989440918000014,10.379440308000085],[124.98869323800011,10.37938022600008],[124.988059998000153,10.379870416000131],[124.987007141000049,10.380700112000056],[124.986816407000219,10.380990029000145],[124.986602782000205,10.381319999000084],[124.98610687200005,10.381799699000169],[124.985618591000048,10.381799699000169],[124.985397338000098,10.381250381000029],[124.985336303000167,10.381110192000051],[124.984733582000104,10.381110192000051],[124.984268188000101,10.381549835000101],[124.983818054000039,10.38191032400016],[124.983566285000052,10.382109643000035],[124.982597352000084,10.382450104000043],[124.981407166000054,10.382450104000043],[124.981307984000182,10.382369996000023],[124.981109620000097,10.382220269000129]]]]}},
{"type":"Feature","properties":{"fid":19,"GID_2":"PHL.71.19_1","GID_0":"PHL","COUNTRY":"Philippines","GID_1":"PHL.71_1","NAME_1":"Southern Leyte","NL_NAME_1":"NA","NAME_2":"Tomas Oppus","VARNAME_2":"NA","NL_NAME_2":"NA","TYPE_2":"Bayan|Munisipyo","ENGTYPE_2":"Municipality","CC_2":"86418","HASC_2":"PH.SL.TM"},"geometry":{"type":"MultiPolygon","coordinates":[[[[124.979713439000079,10.239410401000157],[124.979431153000064,10.238089562000027],[124.979431153000064,10.236849784000128],[124.979232789000321,10.235469819000059],[124.979187012000011,10.235179901000038],[124.978439332000107,10.235520362000102],[124.976409912000122,10.236450195000032],[124.974319459000071,10.235400201000175],[124.97279358000003,10.235070228000154],[124.970626831000232,10.234589576000133],[124.967987060000041,10.233759880000093],[124.953407287000118,10.232049942000174],[124.941398621000076,10.231599808000055],[124.937339783000084,10.231869698000025],[124.909431458000313,10.229689598999983],[124.907707215000073,10.241900444],[124.907791137000231,10.243439675000104],[124.907180786000254,10.248419761000036],[124.907203674000016,10.251700402000154],[124.906890869000335,10.253789903000097],[124.907409669000117,10.257320404000097],[124.907493590000058,10.260990143000072],[124.899887086000035,10.265020372000038],[124.89967346100002,10.283699990000173],[124.899497986000029,10.291110039000159],[124.898300172000177,10.3016796120001],[124.897323609000068,10.310480117000054],[124.905250550000233,10.314040183999964],[124.91758728100001,10.318180085000108],[124.919677734000061,10.318429947000027],[124.92778015100032,10.32048988400004],[124.9339218140002,10.321929931000057],[124.94412994400011,10.323989868000069],[124.954658508000193,10.3275003440001],[124.972358704000044,10.333569527000179],[124.972518920000198,10.333680153999978],[124.972473145000095,10.333020211000189],[124.972366333000082,10.332920074000185],[124.972221375000345,10.332779884000104],[124.972221375000345,10.329500198000176],[124.972221375000345,10.329170228000066],[124.972503662,10.328889847000028],[124.972503662,10.328330041000072],[124.972488403000057,10.327819824000073],[124.972633362000238,10.326990128000148],[124.972976684000059,10.326299668000047],[124.973533630000134,10.325329780000061],[124.974090576000208,10.324709892000158],[124.974510193000015,10.324090005000073],[124.974998474000017,10.323880195000129],[124.974998474000017,10.323329925999985],[124.975280762000125,10.323060036000072],[124.975280762000125,10.322779656000137],[124.975563050000346,10.322500230000117],[124.975563050000346,10.321940422000125],[124.975830077000182,10.321669579],[124.975830077000182,10.321390152999982],[124.976112366000166,10.32110977200017],[124.976188659000172,10.319669723000118],[124.976272583000195,10.31927967200005],[124.976387024000132,10.318699837000167],[124.976509094000107,10.318160057000057],[124.976173401000096,10.317029954000077],[124.976150512000117,10.31696033500009],[124.976013183000077,10.316069604000063],[124.975799561000144,10.315099716000077],[124.97586822400001,10.314539910000121],[124.975906371000065,10.314419747000045],[124.976219178000065,10.313300134000031],[124.976501464000194,10.312330246000101],[124.97663879300012,10.311429977000103],[124.976806641000167,10.310790062000024],[124.976913453000066,10.310400008000045],[124.977676391000159,10.309980393000103],[124.978523254000152,10.309709549000047],[124.979843140000071,10.30935955200016],[124.980262757000105,10.309009553000067],[124.9808197010002,10.308600426000055],[124.981391908000205,10.308059693000132],[124.981391908000205,10.307780266],[124.981941224000025,10.307220459000177],[124.981941224000025,10.305560112000023],[124.982223512000019,10.305279731000155],[124.982223512000019,10.305000305000135],[124.982460023000044,10.304759979000153],[124.982498170000099,10.304470063000167],[124.982498170000099,10.303660393000143],[124.982498170000099,10.301110268000059],[124.982345580000015,10.301011086000017],[124.982223512000019,10.30082988700002],[124.982223512000019,10.30053043300012],[124.982223512000019,10.299719810000113],[124.981941224000025,10.299440385000025],[124.981941224000025,10.298330308000061],[124.981666566000172,10.298060417000045],[124.98169708200021,10.296119689000079],[124.981491090000077,10.294870378000155],[124.981208802000083,10.293350219000047],[124.981163025000114,10.293210030000068],[124.980796815000076,10.292110444000059],[124.980827332000217,10.290829659000053],[124.980827332000217,10.289150238000104],[124.980827332000217,10.288060189000078],[124.981101989000081,10.286339760999965],[124.981170655000255,10.285840035000035],[124.981307984000182,10.284890175000157],[124.981620789000203,10.284059524000043],[124.98172760100033,10.283789634000129],[124.982147216000158,10.282540322000102],[124.982307434000063,10.280469895000124],[124.982353210000156,10.279979705000073],[124.982490539000082,10.278949737000119],[124.982841491000158,10.278189659000134],[124.983047485000156,10.277250290000097],[124.983398437000233,10.276530266000066],[124.983398437000233,10.27528000000018],[124.983886720000214,10.274439813000185],[124.984169006000116,10.274169923000045],[124.984169006000116,10.2725000370001],[124.984413147000168,10.272250176000114],[124.984443664000082,10.271969795000132],[124.984443664000082,10.271430015000021],[124.984443664000082,10.269720077000102],[124.984733582000104,10.269439697],[124.984733582000104,10.268890381000062],[124.984443664000082,10.26861],[124.984443664000082,10.268239975000029],[124.984443664000082,10.266449929000089],[124.984443664000082,10.265000343000054],[124.984169006000116,10.263739587000032],[124.983963013000221,10.26264],[124.983886720000214,10.262220383000056],[124.983886720000214,10.261110306000148],[124.983612060000041,10.260829925000166],[124.983612060000041,10.260560035000026],[124.983421326000098,10.260370254],[124.98332977400014,10.26027965500009],[124.98332977400014,10.259719848000032],[124.983047485000156,10.259440423000115],[124.983047485000156,10.257780075000028],[124.984733582000104,10.256110192000165],[124.985000610000156,10.256110192000165],[124.985282898000037,10.255829811000126],[124.985832214000084,10.255829811000126],[124.986656189000087,10.255000115000087],[124.986656189000087,10.254719734000048],[124.98676300000011,10.254630090000092],[124.986953736000146,10.254440308000028],[124.986953736000146,10.254050255000152],[124.986686706000228,10.252459526000109],[124.986366271000065,10.249939918000166],[124.986343385000168,10.249759674000188],[124.986389160000158,10.24833011700008],[124.985351563000108,10.246250152000016],[124.985191346000306,10.245920182000077],[124.984733582000104,10.244449615000178],[124.984176636000029,10.244310379000012],[124.983413695000081,10.243209840000191],[124.982849121000072,10.243000030000076],[124.982498170000099,10.242449761000103],[124.981941224000025,10.242099763000112],[124.98117828300019,10.241479874000049],[124.980850220000093,10.241100311000025],[124.980758666000042,10.241000176000171],[124.980476380000141,10.240719796000064],[124.980056763000107,10.23981952600019],[124.979713439000079,10.239410401000157]]]]}}
]
}
